{"type":"FeatureCollection","source":"ver20260701","features":[{"type":"Feature","properties":{"sido":"서울"},"geometry":{"type":"Polygon","coordinates":[[[126.8897,37.4523],[126.8853,37.4601],[126.8887,37.4625],[126.8767,37.4776],[126.8739,37.4833],[126.8753,37.4885],[126.8689,37.4951],[126.8526,37.4819],[126.8465,37.4817],[126.8453,37.4738],[126.8318,37.4776],[126.8154,37.474],[126.8194,37.4855],[126.8235,37.4877],[126.813,37.4963],[126.8216,37.5021],[126.8252,37.523],[126.8288,37.5265],[126.8218,37.5349],[126.8221,37.5407],[126.8028,37.5431],[126.7944,37.5358],[126.7948,37.5415],[126.7918,37.5437],[126.7717,37.5483],[126.7647,37.5554],[126.7731,37.5575],[126.7756,37.5618],[126.7779,37.5601],[126.7748,37.5675],[126.7805,37.5683],[126.7827,37.5736],[126.8008,37.588],[126.797,37.5985],[126.8009,37.6043],[126.8536,37.5718],[126.8771,37.5789],[126.8776,37.5862],[126.8848,37.5934],[126.8873,37.5886],[126.8998,37.5899],[126.901,37.6125],[126.9079,37.6254],[126.9065,37.6325],[126.9125,37.6417],[126.9053,37.6489],[126.9139,37.6447],[126.9213,37.6456],[126.9473,37.6589],[126.9563,37.6531],[126.9709,37.633],[126.9751,37.6314],[126.9846,37.6366],[126.9864,37.6407],[126.9794,37.6558],[126.9942,37.6663],[126.9917,37.6795],[126.998,37.6838],[127.0086,37.6849],[127.0088,37.6946],[127.0158,37.701],[127.0272,37.7007],[127.0325,37.6917],[127.0416,37.6954],[127.0451,37.6924],[127.0482,37.6939],[127.0508,37.687],[127.0651,37.6898],[127.0773,37.6964],[127.0838,37.6947],[127.0858,37.6905],[127.0958,37.6889],[127.0918,37.6792],[127.0957,37.6723],[127.094,37.6626],[127.0924,37.6581],[127.086,37.6559],[127.0928,37.6549],[127.0945,37.6458],[127.1066,37.6455],[127.1112,37.6424],[127.112,37.6326],[127.1035,37.6229],[127.1157,37.6193],[127.1184,37.6074],[127.1138,37.6],[127.1178,37.594],[127.1124,37.5919],[127.1093,37.5847],[127.0998,37.5831],[127.1028,37.5818],[127.1009,37.5736],[127.1042,37.5711],[127.1011,37.56],[127.1138,37.5589],[127.1338,37.5684],[127.1492,37.5685],[127.1666,37.5789],[127.1777,37.5808],[127.1754,37.5773],[127.182,37.5609],[127.1836,37.5458],[127.1632,37.545],[127.1458,37.522],[127.1454,37.5161],[127.1411,37.5156],[127.1435,37.5127],[127.1402,37.5098],[127.1411,37.5055],[127.1614,37.5003],[127.1576,37.4891],[127.1498,37.4853],[127.1434,37.4741],[127.1326,37.4748],[127.1327,37.4682],[127.1251,37.4689],[127.1167,37.4586],[127.1063,37.4625],[127.1006,37.4591],[127.0963,37.4614],[127.088,37.4451],[127.0816,37.441],[127.0717,37.4418],[127.0705,37.4301],[127.0509,37.4297],[127.0359,37.4392],[127.0379,37.4491],[127.0347,37.4638],[127.0313,37.4658],[127.0261,37.4585],[127.0111,37.4554],[127.0034,37.4673],[126.9963,37.4667],[126.9968,37.4622],[126.974,37.4476],[126.9646,37.4457],[126.963,37.4403],[126.9402,37.4357],[126.9287,37.4502],[126.9194,37.4408],[126.9045,37.4341],[126.8989,37.4388],[126.8941,37.4526],[126.8897,37.4523]]]}},{"type":"Feature","properties":{"sido":"부산"},"geometry":{"type":"MultiPolygon","coordinates":[[[[128.9714,35.0345],[128.9738,35.0336],[128.9727,35.0297],[128.9687,35.0299],[128.9714,35.0345]]],[[[128.8336,35.0663],[128.8368,35.0674],[128.8374,35.0751],[128.8424,35.0696],[128.8549,35.069],[128.8588,35.0642],[128.8458,35.0596],[128.8512,35.0416],[128.8495,35.0335],[128.8434,35.0306],[128.8389,35.0179],[128.8357,35.0164],[128.8414,35.0066],[128.8386,35.0002],[128.8411,34.9971],[128.8273,34.988],[128.8296,34.9945],[128.8213,34.9942],[128.8217,35.0008],[128.8181,35.0014],[128.8183,35.0048],[128.8236,35.0057],[128.8193,35.009],[128.826,35.0138],[128.8111,35.0187],[128.8106,35.0217],[128.8058,35.0206],[128.8042,35.0239],[128.8133,35.0242],[128.815,35.029],[128.8083,35.0314],[128.812,35.0402],[128.8058,35.047],[128.7975,35.0487],[128.796,35.0589],[128.8056,35.0598],[128.8032,35.0656],[128.8308,35.0729],[128.8307,35.0804],[128.8095,35.0828],[128.8185,35.083],[128.8284,35.0895],[128.8325,35.0863],[128.8228,35.0988],[128.8248,35.102],[128.8367,35.102],[128.8421,35.107],[128.8429,35.113],[128.8376,35.116],[128.8336,35.1292],[128.8273,35.1282],[128.8154,35.1326],[128.8023,35.1432],[128.794,35.1579],[128.8159,35.1604],[128.828,35.1558],[128.8374,35.1593],[128.8434,35.158],[128.8467,35.1653],[128.8637,35.1674],[128.8661,35.1668],[128.8655,35.1579],[128.8705,35.1521],[128.8758,35.1523],[128.8745,35.1598],[128.8793,35.162],[128.8724,35.1723],[128.8736,35.1744],[128.8802,35.172],[128.8816,35.1829],[128.876,35.1882],[128.8704,35.2017],[128.8791,35.2098],[128.8864,35.2146],[128.9102,35.215],[128.905,35.2201],[128.9095,35.2231],[128.9089,35.2206],[128.9124,35.2226],[128.9166,35.217],[128.9235,35.2161],[128.9448,35.2279],[128.9525,35.2243],[128.9595,35.2251],[128.9976,35.2344],[129.011,35.2616],[129.0128,35.2735],[129.0301,35.2785],[129.0392,35.2759],[129.0441,35.2803],[129.0509,35.2802],[129.0519,35.288],[129.0601,35.2956],[129.0732,35.2899],[129.0891,35.3031],[129.1104,35.306],[129.1133,35.3195],[129.1258,35.3319],[129.1273,35.3456],[129.1346,35.3514],[129.1296,35.3592],[129.1314,35.3656],[129.1499,35.3638],[129.1781,35.3514],[129.1936,35.361],[129.1994,35.3756],[129.1937,35.382],[129.2005,35.3887],[129.2087,35.3812],[129.2177,35.3787],[129.2356,35.3803],[129.2416,35.3857],[129.2492,35.3835],[129.252,35.3872],[129.2566,35.3848],[129.2653,35.3865],[129.2797,35.3658],[129.2832,35.3652],[129.2806,35.3561],[129.2846,35.3508],[129.2799,35.3415],[129.3009,35.3342],[129.3045,35.3295],[129.3004,35.3226],[129.3027,35.3214],[129.299,35.3183],[129.2897,35.3182],[129.2865,35.3204],[129.288,35.3232],[129.2819,35.3266],[129.2689,35.3216],[129.263,35.3152],[129.2586,35.3059],[129.2614,35.2975],[129.2641,35.2988],[129.2575,35.2876],[129.2605,35.2814],[129.2557,35.279],[129.2529,35.2712],[129.2447,35.2716],[129.2431,35.2636],[129.2361,35.2647],[129.2341,35.2624],[129.2354,35.2584],[129.2395,35.2575],[129.252,35.2602],[129.2534,35.2467],[129.2483,35.2433],[129.2457,35.2311],[129.2417,35.229],[129.2389,35.2205],[129.2285,35.2207],[129.2332,35.2145],[129.2302,35.1957],[129.2238,35.19],[129.2248,35.1857],[129.2203,35.1836],[129.2147,35.1866],[129.2128,35.1809],[129.1997,35.1791],[129.1941,35.1611],[129.1812,35.1547],[129.1644,35.1592],[129.1557,35.157],[129.1506,35.1518],[129.1528,35.1574],[129.1464,35.1534],[129.1341,35.1622],[129.1373,35.1568],[129.1365,35.1538],[129.121,35.1377],[129.1184,35.1365],[129.1118,35.1355],[129.1169,35.1329],[129.1166,35.1301],[129.1206,35.1339],[129.127,35.1198],[129.1278,35.1096],[129.1235,35.0989],[129.1129,35.103],[129.1042,35.0986],[129.0946,35.0991],[129.0918,35.1078],[129.0874,35.1071],[129.0876,35.1036],[129.0749,35.1036],[129.0672,35.1077],[129.0738,35.1167],[129.0695,35.1183],[129.073,35.1222],[129.0653,35.1229],[129.0653,35.1296],[129.056,35.118],[129.0525,35.1207],[129.0553,35.1253],[129.05,35.1235],[129.0486,35.1205],[129.0528,35.1159],[129.0479,35.119],[129.0467,35.1166],[129.0498,35.113],[129.0451,35.1157],[129.0409,35.1081],[129.0446,35.1058],[129.0398,35.1058],[129.0437,35.1034],[129.038,35.1039],[129.0395,35.0952],[129.0488,35.0953],[129.0514,35.0998],[129.0579,35.1012],[129.071,35.0939],[129.0843,35.0742],[129.0833,35.0795],[129.0943,35.0807],[129.0909,35.0742],[129.08,35.0714],[129.0877,35.0629],[129.0965,35.0597],[129.0915,35.051],[129.0828,35.0504],[129.0773,35.0604],[129.0708,35.0585],[129.0651,35.0684],[129.0569,35.0694],[129.0399,35.0807],[129.0314,35.0922],[129.0331,35.0944],[129.0371,35.0919],[129.0361,35.0964],[129.0287,35.0964],[129.0253,35.0935],[129.0246,35.0761],[129.0195,35.0775],[129.016,35.0746],[129.0223,35.0623],[129.0159,35.0569],[129.0159,35.0531],[129.0084,35.0508],[129.0106,35.0524],[129.0084,35.0628],[129.012,35.0649],[129.0055,35.0711],[129.0051,35.0844],[128.9992,35.0833],[129.0015,35.0804],[128.9931,35.0839],[128.9953,35.0635],[129.0013,35.0482],[128.9903,35.0491],[128.9882,35.058],[128.9846,35.0597],[128.9768,35.0552],[128.9728,35.0566],[128.9735,35.0533],[128.9827,35.0519],[128.9821,35.0478],[128.9696,35.0475],[128.9729,35.0435],[128.9699,35.0404],[128.9726,35.0404],[128.9657,35.0326],[128.9626,35.0385],[128.9645,35.0462],[128.9592,35.0473],[128.9559,35.0524],[128.9509,35.078],[128.9385,35.0781],[128.9254,35.0934],[128.9122,35.0894],[128.9122,35.0795],[128.8953,35.0791],[128.9006,35.1111],[128.9055,35.1181],[128.9006,35.1193],[128.882,35.0601],[128.8588,35.0698],[128.8745,35.0697],[128.8752,35.0794],[128.872,35.0805],[128.8348,35.0802],[128.8336,35.0663]],[[129.0393,35.0951],[129.0363,35.0964],[129.0382,35.0936],[129.0393,35.0951]],[[129.1159,35.1497],[129.1177,35.1398],[129.112,35.1364],[129.1208,35.1382],[129.1367,35.1567],[129.1329,35.1619],[129.1344,35.1547],[129.1245,35.1523],[129.1215,35.1545],[129.1159,35.1497]]],[[[128.9753,35.0433],[128.974,35.046],[128.9765,35.0438],[128.9753,35.0433]]],[[[129.0137,35.0479],[129.0151,35.0501],[129.016,35.0471],[129.0137,35.0479]]]]}},{"type":"Feature","properties":{"sido":"대구"},"geometry":{"type":"Polygon","coordinates":[[[128.5271,35.7136],[128.5324,35.7055],[128.5315,35.6967],[128.5351,35.694],[128.5314,35.6879],[128.5335,35.6821],[128.523,35.6816],[128.5076,35.6735],[128.5068,35.6501],[128.5107,35.6457],[128.5062,35.6396],[128.4848,35.6354],[128.4789,35.6403],[128.4698,35.6363],[128.4611,35.6406],[128.4547,35.6372],[128.4465,35.6384],[128.4319,35.6236],[128.4226,35.6201],[128.4163,35.6217],[128.411,35.6153],[128.3994,35.6159],[128.3818,35.6068],[128.3717,35.6096],[128.388,35.614],[128.4017,35.6321],[128.4029,35.6419],[128.3806,35.656],[128.3607,35.6741],[128.3543,35.6831],[128.3511,35.7031],[128.3597,35.7075],[128.4166,35.6931],[128.4332,35.703],[128.4348,35.7121],[128.4318,35.7263],[128.4166,35.7366],[128.3926,35.7455],[128.3858,35.7555],[128.3857,35.7619],[128.399,35.7779],[128.4078,35.7971],[128.4207,35.8096],[128.4691,35.8084],[128.4772,35.8127],[128.481,35.8203],[128.4772,35.8275],[128.4563,35.843],[128.4228,35.8513],[128.3901,35.8504],[128.3855,35.8649],[128.3873,35.8715],[128.3937,35.883],[128.4033,35.8891],[128.4181,35.9212],[128.4314,35.931],[128.4525,35.936],[128.4538,35.9431],[128.4618,35.938],[128.4757,35.936],[128.4739,35.9168],[128.4669,35.9072],[128.468,35.8998],[128.4751,35.8952],[128.4783,35.8978],[128.4842,35.8948],[128.4905,35.8977],[128.5017,35.8861],[128.5072,35.9066],[128.5297,35.9236],[128.5296,35.9286],[128.534,35.9336],[128.5346,35.9584],[128.5305,35.9625],[128.527,35.9753],[128.5288,35.9805],[128.5422,35.9749],[128.5472,35.9645],[128.5533,35.9608],[128.5569,35.971],[128.5721,35.9777],[128.5907,35.979],[128.603,35.9862],[128.6029,35.9895],[128.6172,36.0051],[128.6406,36.0106],[128.6372,36.0171],[128.6213,36.0258],[128.6293,36.0512],[128.6294,36.0782],[128.6241,36.0816],[128.61,36.0762],[128.5979,36.0758],[128.5698,36.0605],[128.5635,36.0706],[128.5687,36.0898],[128.5635,36.1022],[128.5643,36.115],[128.562,36.1193],[128.555,36.1213],[128.553,36.1282],[128.5486,36.131],[128.5526,36.1385],[128.5481,36.141],[128.5505,36.1507],[128.5425,36.1548],[128.5405,36.1615],[128.5445,36.1662],[128.5534,36.165],[128.5574,36.178],[128.5491,36.1781],[128.5389,36.1937],[128.524,36.2008],[128.5166,36.2001],[128.5126,36.1912],[128.5043,36.185],[128.5036,36.1927],[128.4947,36.1977],[128.4945,36.2053],[128.4885,36.2141],[128.4891,36.2197],[128.4863,36.2239],[128.4795,36.2245],[128.4859,36.2308],[128.4852,36.2341],[128.4621,36.2285],[128.4408,36.218],[128.4336,36.2352],[128.4238,36.2366],[128.4193,36.2455],[128.421,36.2517],[128.4165,36.2576],[128.4209,36.2604],[128.4215,36.2686],[128.427,36.2762],[128.4136,36.2835],[128.4113,36.2875],[128.4142,36.2902],[128.413,36.2937],[128.4172,36.2991],[128.4278,36.2991],[128.4337,36.3054],[128.4376,36.3044],[128.4381,36.314],[128.4516,36.327],[128.4712,36.32],[128.4738,36.3118],[128.4963,36.3036],[128.5178,36.302],[128.5256,36.2995],[128.5293,36.2939],[128.5361,36.295],[128.5455,36.2916],[128.5534,36.2739],[128.5629,36.2768],[128.5712,36.2749],[128.5761,36.2796],[128.5945,36.2776],[128.5985,36.2708],[128.6095,36.2712],[128.6364,36.2612],[128.6407,36.2576],[128.6383,36.2471],[128.6329,36.2441],[128.631,36.2388],[128.6367,36.2331],[128.6357,36.2213],[128.6318,36.2162],[128.634,36.2093],[128.6399,36.2081],[128.6494,36.2177],[128.6634,36.2214],[128.6712,36.2086],[128.6817,36.2149],[128.6944,36.2141],[128.6999,36.2088],[128.6967,36.2024],[128.7049,36.1992],[128.7352,36.2007],[128.746,36.1944],[128.7527,36.2027],[128.7581,36.2025],[128.7699,36.1935],[128.7864,36.1963],[128.796,36.1938],[128.803,36.2006],[128.8041,36.2102],[128.8134,36.2107],[128.83,36.2176],[128.834,36.2154],[128.8422,36.2176],[128.8519,36.2149],[128.8731,36.1997],[128.8825,36.199],[128.8812,36.1901],[128.8906,36.1818],[128.8911,36.1762],[128.8961,36.1734],[128.8942,36.1693],[128.9001,36.1625],[128.8925,36.1555],[128.8911,36.1432],[128.8589,36.1452],[128.8506,36.1376],[128.8531,36.1284],[128.8502,36.1189],[128.8378,36.1129],[128.8362,36.1065],[128.8308,36.1026],[128.8188,36.0982],[128.8164,36.0923],[128.8031,36.0862],[128.791,36.0867],[128.7796,36.0938],[128.7706,36.0952],[128.7649,36.1006],[128.7537,36.0917],[128.7517,36.1035],[128.7451,36.1092],[128.7417,36.1005],[128.7252,36.0904],[128.7294,36.0811],[128.7268,36.0768],[128.7228,36.0733],[128.7141,36.0756],[128.7114,36.0737],[128.7092,36.0641],[128.7026,36.0557],[128.7047,36.0457],[128.6968,36.0354],[128.7011,36.0275],[128.6952,36.0163],[128.7005,36.0112],[128.7257,36.0047],[128.7352,35.9929],[128.7314,35.9871],[128.7328,35.9829],[128.7457,35.9731],[128.739,35.9553],[128.7456,35.9444],[128.7378,35.9295],[128.758,35.9126],[128.7604,35.907],[128.7571,35.8998],[128.7619,35.8832],[128.7582,35.8782],[128.76,35.8655],[128.7539,35.864],[128.7516,35.8575],[128.7383,35.8508],[128.725,35.8578],[128.7215,35.8563],[128.7253,35.8535],[128.7251,35.8361],[128.7182,35.8353],[128.7086,35.8256],[128.7177,35.8067],[128.7107,35.8049],[128.7,35.7951],[128.693,35.7965],[128.6826,35.7899],[128.6817,35.7837],[128.6871,35.7765],[128.6862,35.7695],[128.6962,35.7566],[128.6926,35.748],[128.6944,35.7439],[128.6887,35.7375],[128.691,35.7307],[128.683,35.7255],[128.6829,35.7213],[128.6612,35.7201],[128.6436,35.7072],[128.631,35.707],[128.6231,35.7034],[128.614,35.7105],[128.6172,35.7178],[128.6102,35.7255],[128.6154,35.7304],[128.6167,35.7371],[128.5962,35.7371],[128.5894,35.7318],[128.58,35.7391],[128.5709,35.7343],[128.5643,35.7363],[128.5607,35.7295],[128.5439,35.7191],[128.5271,35.7136]]]}},{"type":"Feature","properties":{"sido":"인천"},"geometry":{"type":"MultiPolygon","coordinates":[[[[125.9868,37.0406],[125.9943,37.0367],[125.9923,37.0326],[125.995,37.027],[126.0147,37.0247],[125.9989,37.0182],[125.9904,37.0234],[125.9841,37.0233],[125.9831,37.0314],[125.979,37.0337],[125.9802,37.0395],[125.9868,37.0406]]],[[[126.0118,37.0592],[126.0128,37.0604],[126.0148,37.0598],[126.0118,37.0592]]],[[[126.0086,37.0692],[126.0112,37.0679],[126.0079,37.068],[126.0086,37.0692]]],[[[126.0211,37.0755],[126.0207,37.0681],[126.0123,37.0636],[126.0172,37.0735],[126.0128,37.0783],[126.0211,37.0755]]],[[[125.9672,37.0874],[125.9646,37.0809],[125.9531,37.0853],[125.9518,37.0816],[125.9559,37.0738],[125.9529,37.0708],[125.9423,37.0775],[125.9523,37.0898],[125.962,37.0899],[125.9672,37.0874]]],[[[126.0064,37.0803],[126.0092,37.0803],[126.0086,37.0793],[126.0064,37.0803]]],[[[126.0867,37.1054],[126.0889,37.0949],[126.0749,37.0835],[126.0638,37.0853],[126.0622,37.089],[126.0657,37.0929],[126.0739,37.0938],[126.0718,37.0974],[126.0602,37.0953],[126.0663,37.1056],[126.0797,37.1085],[126.0867,37.1054]]],[[[125.9128,37.1023],[125.9146,37.1021],[125.9141,37.1002],[125.9128,37.1023]]],[[[125.9108,37.1105],[125.9136,37.1185],[125.9168,37.1153],[125.9146,37.1082],[125.9108,37.1105]]],[[[125.9086,37.1194],[125.9075,37.1165],[125.9077,37.1214],[125.9086,37.1194]]],[[[125.915,37.1243],[125.9172,37.1186],[125.9164,37.1171],[125.9145,37.1208],[125.915,37.1243]]],[[[125.9029,37.1403],[125.9036,37.1314],[125.8986,37.1388],[125.9029,37.1403]]],[[[125.8951,37.1385],[125.8936,37.1357],[125.8915,37.1363],[125.8924,37.1378],[125.8951,37.1385]]],[[[125.8826,37.1706],[125.8701,37.1685],[125.868,37.1747],[125.8755,37.1746],[125.8803,37.1781],[125.8826,37.1706]]],[[[126.1036,37.1839],[126.1061,37.1792],[126.1146,37.1822],[126.108,37.1748],[126.1126,37.1705],[126.1099,37.1651],[126.094,37.167],[126.0846,37.1764],[126.0934,37.1883],[126.1036,37.1839]]],[[[126.1148,37.1853],[126.1157,37.1861],[126.1169,37.1848],[126.1148,37.1853]]],[[[125.9833,37.1853],[125.9763,37.1887],[125.9692,37.1842],[125.9603,37.1841],[125.9727,37.1897],[125.9727,37.1951],[125.9822,37.1932],[125.9862,37.188],[125.9833,37.1853]]],[[[126.2122,37.1904],[126.2124,37.193],[126.2154,37.1907],[126.2122,37.1904]]],[[[126.1102,37.1982],[126.1118,37.1962],[126.1099,37.1969],[126.1102,37.1982]]],[[[126.1038,37.2081],[126.1054,37.206],[126.1032,37.2063],[126.1038,37.2081]]],[[[126.1699,37.2292],[126.1826,37.2094],[126.1919,37.2093],[126.1846,37.1999],[126.1835,37.1932],[126.1775,37.2112],[126.1696,37.2088],[126.1685,37.2113],[126.1611,37.2107],[126.1615,37.2218],[126.1585,37.2244],[126.1643,37.2241],[126.1699,37.2292]]],[[[126.1895,37.2188],[126.1923,37.2183],[126.1934,37.2162],[126.1912,37.2168],[126.1895,37.2188]]],[[[126.1868,37.2206],[126.1872,37.2189],[126.1869,37.2211],[126.1868,37.2206]]],[[[126.1099,37.2736],[126.1118,37.2583],[126.1189,37.258],[126.1185,37.2483],[126.1287,37.2518],[126.1395,37.243],[126.1453,37.2429],[126.1434,37.2388],[126.1519,37.2392],[126.1662,37.2326],[126.1466,37.2195],[126.1481,37.2168],[126.1573,37.216],[126.1545,37.2108],[126.1576,37.2096],[126.152,37.205],[126.14,37.2032],[126.1433,37.1989],[126.1408,37.1963],[126.1369,37.1956],[126.1365,37.2008],[126.1326,37.2011],[126.1432,37.2093],[126.1421,37.2143],[126.1174,37.2093],[126.1106,37.2133],[126.1159,37.2162],[126.1126,37.2223],[126.1045,37.2195],[126.1002,37.222],[126.1046,37.2268],[126.103,37.2297],[126.097,37.2299],[126.0891,37.2203],[126.0838,37.2216],[126.0913,37.2299],[126.0895,37.2473],[126.1017,37.265],[126.1004,37.2728],[126.1099,37.2736]]],[[[126.0894,37.2652],[126.0913,37.2632],[126.0876,37.2618],[126.087,37.2629],[126.0894,37.2652]]],[[[126.0873,37.2778],[126.0755,37.2846],[126.0752,37.2897],[126.0843,37.2893],[126.0985,37.2791],[126.0924,37.2754],[126.0868,37.2757],[126.0873,37.2778]]],[[[125.7151,37.6156],[125.7209,37.6144],[125.7188,37.6038],[125.7058,37.6119],[125.7151,37.6156]]],[[[125.6803,37.6396],[125.6838,37.6389],[125.6794,37.6319],[125.6788,37.6352],[125.6803,37.6396]]],[[[125.7161,37.645],[125.7184,37.646],[125.7196,37.6446],[125.7161,37.645]]],[[[125.7156,37.6728],[125.7019,37.6588],[125.7128,37.6545],[125.7138,37.6495],[125.7004,37.6586],[125.6927,37.6518],[125.6838,37.6528],[125.6812,37.6627],[125.6849,37.6647],[125.6845,37.6694],[125.6761,37.676],[125.6792,37.6808],[125.6921,37.6774],[125.7146,37.6824],[125.7156,37.6728]]],[[[126.1985,37.6783],[126.2114,37.6666],[126.2051,37.6592],[126.2081,37.6546],[126.1885,37.6575],[126.1909,37.6623],[126.1813,37.6687],[126.1692,37.6686],[126.1673,37.6662],[126.1549,37.6725],[126.1535,37.6774],[126.1668,37.6799],[126.1722,37.6767],[126.1948,37.6891],[126.1985,37.6783]]],[[[126.135,37.691],[126.1358,37.6876],[126.1437,37.6862],[126.1448,37.6818],[126.1266,37.6816],[126.1214,37.6872],[126.126,37.6934],[126.135,37.691]]],[[[126.2,37.69],[126.2013,37.6879],[126.2001,37.688],[126.2,37.69]]],[[[125.6927,37.7062],[125.6926,37.7094],[125.6957,37.706],[125.6927,37.7062]]],[[[125.6531,37.7148],[125.6524,37.7173],[125.6573,37.7166],[125.6531,37.7148]]],[[[126.2087,37.7232],[126.2118,37.7189],[126.2091,37.7179],[126.2087,37.7232]]],[[[125.6474,37.7386],[125.6521,37.7391],[125.6528,37.7382],[125.6499,37.735],[125.6474,37.7386]]],[[[125.6448,37.7477],[125.6463,37.7461],[125.6442,37.7474],[125.6448,37.7477]]],[[[125.6434,37.7502],[125.6447,37.7496],[125.643,37.7489],[125.6434,37.7502]]],[[[124.7721,37.7794],[124.7695,37.7678],[124.7655,37.7656],[124.7527,37.7698],[124.7302,37.7584],[124.727,37.7613],[124.7334,37.7659],[124.7343,37.7709],[124.7417,37.7731],[124.7406,37.7786],[124.7466,37.7757],[124.7721,37.7794]]],[[[124.6569,37.7986],[124.6607,37.7984],[124.661,37.798],[124.6569,37.7986]]],[[[124.7216,37.8447],[124.7286,37.8392],[124.7187,37.836],[124.7142,37.8304],[124.7206,37.817],[124.7117,37.807],[124.7019,37.8044],[124.6971,37.8085],[124.6888,37.806],[124.6844,37.8023],[124.6877,37.8],[124.682,37.7982],[124.6791,37.8019],[124.6841,37.8059],[124.6838,37.8128],[124.6754,37.8137],[124.6622,37.8217],[124.6771,37.8205],[124.6873,37.836],[124.7018,37.8417],[124.7027,37.8494],[124.7089,37.8452],[124.7216,37.8447]]],[[[124.7053,37.9843],[124.7298,37.978],[124.7329,37.9657],[124.7455,37.9616],[124.7459,37.9577],[124.7411,37.9568],[124.733,37.9622],[124.73,37.9585],[124.7375,37.9559],[124.7349,37.9514],[124.7297,37.9501],[124.7309,37.9537],[124.7254,37.9539],[124.708,37.9441],[124.7039,37.9382],[124.7044,37.9307],[124.6986,37.9251],[124.6989,37.9188],[124.6897,37.9145],[124.6799,37.922],[124.6715,37.9193],[124.6651,37.9225],[124.6376,37.9229],[124.6223,37.9471],[124.625,37.9533],[124.6104,37.9633],[124.6098,37.9701],[124.6156,37.9781],[124.6405,37.9688],[124.6742,37.9819],[124.678,37.9794],[124.6851,37.9825],[124.694,37.9798],[124.6965,37.9832],[124.7053,37.9843]]],[[[126.2727,37.1273],[126.2737,37.1254],[126.2719,37.1264],[126.2727,37.1273]]],[[[126.2977,37.1279],[126.304,37.1294],[126.2999,37.126],[126.2977,37.1279]]],[[[126.2666,37.1346],[126.2688,37.1333],[126.2668,37.1332],[126.2666,37.1346]]],[[[126.3096,37.1331],[126.3046,37.1316],[126.2995,37.1402],[126.3069,37.1385],[126.3096,37.1331]]],[[[126.2768,37.1509],[126.2781,37.1422],[126.2759,37.1404],[126.2711,37.1489],[126.2768,37.1509]]],[[[126.3179,37.1521],[126.3244,37.1543],[126.3237,37.1512],[126.3179,37.1521]]],[[[126.3063,37.1712],[126.3122,37.1723],[126.3259,37.1613],[126.3204,37.1581],[126.3159,37.1605],[126.3068,37.1579],[126.3044,37.1633],[126.2946,37.1646],[126.2895,37.1747],[126.2947,37.1761],[126.3063,37.1712]]],[[[126.2645,37.1792],[126.267,37.1755],[126.2715,37.1762],[126.2746,37.1647],[126.2846,37.1628],[126.2825,37.1577],[126.2725,37.1596],[126.2726,37.1631],[126.2657,37.1676],[126.249,37.1698],[126.2434,37.1741],[126.2464,37.1786],[126.2535,37.178],[126.2548,37.1822],[126.2645,37.1792]]],[[[126.2874,37.1744],[126.2882,37.1721],[126.2858,37.1726],[126.2874,37.1744]]],[[[126.2199,37.189],[126.2183,37.1842],[126.2223,37.1821],[126.227,37.188],[126.2493,37.183],[126.2403,37.1805],[126.2414,37.1763],[126.2329,37.1792],[126.2205,37.1781],[126.2139,37.1842],[126.216,37.1892],[126.2199,37.189]]],[[[126.295,37.1852],[126.2978,37.1841],[126.295,37.1841],[126.295,37.1852]]],[[[126.3686,37.1887],[126.3667,37.1873],[126.3667,37.1886],[126.3686,37.1887]]],[[[126.3683,37.1928],[126.3703,37.1928],[126.3701,37.192],[126.3683,37.1928]]],[[[126.3613,37.2047],[126.3618,37.2027],[126.3599,37.2036],[126.3613,37.2047]]],[[[126.3625,37.2134],[126.3672,37.2104],[126.3628,37.2098],[126.3625,37.2134]]],[[[126.3092,37.2121],[126.3162,37.223],[126.3211,37.2131],[126.3092,37.2121]]],[[[126.3918,37.2185],[126.3944,37.2198],[126.395,37.219],[126.3918,37.2185]]],[[[126.386,37.2231],[126.3877,37.2202],[126.3875,37.2194],[126.3844,37.2203],[126.386,37.2231]]],[[[126.4,37.2422],[126.3852,37.2415],[126.3935,37.2451],[126.4,37.2422]]],[[[126.3038,37.2655],[126.3255,37.2572],[126.3285,37.2607],[126.3314,37.2554],[126.3348,37.2567],[126.3351,37.2631],[126.349,37.2593],[126.3429,37.25],[126.3184,37.244],[126.3157,37.2485],[126.3107,37.2489],[126.3098,37.2461],[126.3055,37.2527],[126.2969,37.2519],[126.2867,37.26],[126.2809,37.2586],[126.2779,37.2631],[126.2822,37.264],[126.2834,37.2709],[126.2867,37.2723],[126.2892,37.2676],[126.3038,37.2655]]],[[[126.2711,37.3163],[126.2736,37.3192],[126.2766,37.3138],[126.2711,37.3163]]],[[[126.264,37.327],[126.2703,37.3311],[126.2643,37.3259],[126.264,37.327]]],[[[126.3888,37.3972],[126.3895,37.4027],[126.3968,37.4049],[126.3911,37.3962],[126.3888,37.3972]]],[[[126.4426,37.4211],[126.4196,37.4215],[126.4156,37.4325],[126.4093,37.438],[126.3997,37.4341],[126.404,37.4397],[126.3953,37.4461],[126.3897,37.4408],[126.3805,37.4391],[126.381,37.4346],[126.3765,37.4412],[126.3641,37.4417],[126.3722,37.4469],[126.3685,37.4563],[126.3611,37.4573],[126.3566,37.4626],[126.3563,37.4696],[126.3647,37.4747],[126.3734,37.4721],[126.4322,37.5039],[126.4645,37.4995],[126.483,37.5042],[126.4941,37.5162],[126.4984,37.5318],[126.5138,37.535],[126.5209,37.5339],[126.5263,37.5274],[126.5439,37.5236],[126.5643,37.5145],[126.5767,37.5037],[126.5795,37.4922],[126.5829,37.4916],[126.5648,37.4796],[126.5373,37.4758],[126.5073,37.4658],[126.4962,37.4482],[126.4426,37.4211]]],[[[126.3285,37.4996],[126.3274,37.5026],[126.3332,37.5031],[126.3327,37.5019],[126.3285,37.4996]]],[[[126.3039,37.5002],[126.3048,37.5035],[126.3082,37.5028],[126.3078,37.5018],[126.3039,37.5002]]],[[[126.3208,37.5128],[126.3246,37.5112],[126.3223,37.5093],[126.3208,37.5128]]],[[[126.3369,37.5522],[126.3444,37.539],[126.3649,37.5349],[126.384,37.5393],[126.384,37.5308],[126.382,37.5274],[126.3607,37.5307],[126.3417,37.5256],[126.3358,37.5303],[126.3353,37.5268],[126.3266,37.5217],[126.3288,37.5411],[126.309,37.5561],[126.3074,37.5602],[126.3286,37.5509],[126.3369,37.5522]]],[[[126.2763,37.544],[126.2646,37.5457],[126.2648,37.5467],[126.2703,37.5487],[126.2763,37.544]]],[[[126.2607,37.5508],[126.2593,37.5575],[126.2661,37.552],[126.2607,37.5508]]],[[[126.2692,37.6207],[126.2716,37.6193],[126.2699,37.6191],[126.2692,37.6207]]],[[[126.2139,37.6304],[126.2169,37.6326],[126.2181,37.6319],[126.2167,37.6285],[126.2139,37.6304]]],[[[126.2395,37.6531],[126.2572,37.6527],[126.2514,37.6376],[126.2543,37.6324],[126.2634,37.6271],[126.261,37.6226],[126.2598,37.6273],[126.2338,37.6379],[126.2217,37.6518],[126.2223,37.6545],[126.2276,37.6524],[126.2319,37.6564],[126.2395,37.6531]]],[[[126.2659,37.6483],[126.2698,37.6565],[126.2763,37.6507],[126.2743,37.632],[126.268,37.6389],[126.2659,37.6483]]],[[[126.2213,37.665],[126.2423,37.6629],[126.2228,37.6578],[126.2213,37.665]]],[[[126.3009,37.6764],[126.301,37.6739],[126.2995,37.6738],[126.2988,37.675],[126.3009,37.6764]]],[[[126.3206,37.7161],[126.332,37.7144],[126.3317,37.709],[126.3382,37.7074],[126.3395,37.7027],[126.3464,37.6992],[126.3719,37.6952],[126.3796,37.6822],[126.3766,37.6679],[126.3471,37.6456],[126.3307,37.6415],[126.325,37.6414],[126.3226,37.6445],[126.3234,37.6591],[126.3274,37.6644],[126.3173,37.6817],[126.2851,37.6962],[126.2678,37.7104],[126.2838,37.7148],[126.2879,37.7255],[126.2874,37.743],[126.3239,37.7543],[126.3307,37.7484],[126.3215,37.7252],[126.3206,37.7161]]],[[[126.2566,37.7125],[126.2582,37.7143],[126.2585,37.712],[126.2566,37.7125]]],[[[126.3868,37.6903],[126.3524,37.7058],[126.3432,37.7206],[126.3415,37.7484],[126.3535,37.7436],[126.3548,37.7564],[126.354,37.7788],[126.3506,37.7787],[126.3495,37.7876],[126.347,37.7881],[126.3939,37.8255],[126.4137,37.8247],[126.4269,37.8334],[126.4366,37.8312],[126.463,37.806],[126.4908,37.7895],[126.508,37.7833],[126.5146,37.77],[126.5124,37.7635],[126.5269,37.7478],[126.526,37.7381],[126.5185,37.7216],[126.5185,37.7127],[126.5273,37.7031],[126.523,37.6765],[126.5358,37.665],[126.5289,37.6539],[126.5305,37.6386],[126.5428,37.6226],[126.5473,37.6042],[126.5185,37.5934],[126.5277,37.5866],[126.5163,37.5795],[126.5005,37.5902],[126.4803,37.5836],[126.4733,37.5975],[126.4659,37.5955],[126.4617,37.5888],[126.4553,37.5934],[126.4466,37.5945],[126.4379,37.5921],[126.4037,37.5941],[126.3861,37.604],[126.3855,37.6076],[126.37,37.6118],[126.3684,37.6149],[126.3772,37.6157],[126.3772,37.6193],[126.3725,37.6261],[126.3735,37.6311],[126.3642,37.6359],[126.3953,37.6419],[126.405,37.6508],[126.387,37.6557],[126.3957,37.6646],[126.3933,37.6778],[126.3868,37.6903]]],[[[126.2406,37.7225],[126.2488,37.7181],[126.2319,37.7159],[126.217,37.7206],[126.2322,37.7339],[126.2368,37.7311],[126.2406,37.7225]]],[[[126.258,37.7247],[126.2574,37.7334],[126.2655,37.7383],[126.2698,37.7257],[126.258,37.7247]]],[[[126.2861,37.748],[126.2821,37.7444],[126.2787,37.7458],[126.2821,37.7496],[126.2861,37.748]]],[[[126.2644,37.8184],[126.2942,37.8021],[126.3168,37.8033],[126.3239,37.8093],[126.3346,37.7992],[126.3307,37.7896],[126.318,37.7759],[126.291,37.7626],[126.2728,37.7697],[126.2594,37.7646],[126.2477,37.7654],[126.2321,37.7511],[126.2028,37.7693],[126.2039,37.7732],[126.216,37.7784],[126.2216,37.788],[126.2184,37.7957],[126.2235,37.8],[126.2232,37.8054],[126.2378,37.8171],[126.2568,37.8146],[126.2644,37.8184]]],[[[126.4365,37.207],[126.4381,37.2085],[126.4385,37.2067],[126.4365,37.207]]],[[[126.5115,37.2331],[126.5152,37.2348],[126.5192,37.2322],[126.5128,37.2277],[126.5115,37.2331]]],[[[126.5266,37.2491],[126.5406,37.2338],[126.5394,37.232],[126.5239,37.2355],[126.5255,37.2455],[126.5123,37.2547],[126.522,37.2596],[126.5296,37.2521],[126.5266,37.2491]]],[[[126.4751,37.2826],[126.487,37.2826],[126.4974,37.2771],[126.4943,37.2714],[126.5016,37.2583],[126.5005,37.2546],[126.4956,37.2532],[126.4954,37.2564],[126.4889,37.2597],[126.4866,37.2575],[126.4892,37.2503],[126.4858,37.2501],[126.4824,37.2549],[126.4768,37.2536],[126.4829,37.2492],[126.4807,37.2443],[126.483,37.2419],[126.4704,37.2383],[126.4687,37.2322],[126.459,37.2261],[126.4595,37.2239],[126.4526,37.229],[126.4316,37.233],[126.4315,37.2472],[126.4356,37.2472],[126.435,37.2545],[126.4328,37.2599],[126.4278,37.2623],[126.4362,37.266],[126.4338,37.2743],[126.4475,37.2719],[126.4537,37.2777],[126.4504,37.2796],[126.4516,37.2823],[126.4665,37.2841],[126.4706,37.2878],[126.4751,37.2826]]],[[[126.5132,37.3594],[126.5101,37.3571],[126.5099,37.3595],[126.5132,37.3594]]],[[[126.4391,37.3615],[126.4415,37.362],[126.4422,37.3613],[126.441,37.3601],[126.4391,37.3615]]],[[[126.4399,37.3714],[126.4413,37.3742],[126.4463,37.375],[126.4458,37.3707],[126.4399,37.3714]]],[[[126.4136,37.4051],[126.4225,37.4015],[126.4299,37.3912],[126.4417,37.3844],[126.4412,37.3813],[126.4352,37.3817],[126.4405,37.3782],[126.4335,37.3742],[126.4335,37.3685],[126.4132,37.3663],[126.4071,37.3727],[126.4073,37.3881],[126.4043,37.3915],[126.3964,37.3912],[126.4046,37.4071],[126.4024,37.4097],[126.4096,37.4128],[126.4141,37.4091],[126.4136,37.4051]]],[[[126.442,37.405],[126.4406,37.4035],[126.4325,37.4045],[126.4363,37.4062],[126.442,37.405]]],[[[126.4168,37.4169],[126.4129,37.416],[126.4121,37.42],[126.4163,37.4197],[126.4168,37.4169]]],[[[126.6097,37.4161],[126.5968,37.416],[126.5903,37.4191],[126.5898,37.4331],[126.6109,37.427],[126.6142,37.4377],[126.6081,37.4406],[126.6106,37.4443],[126.6166,37.4418],[126.6182,37.4444],[126.6098,37.4477],[126.6129,37.4527],[126.6106,37.4535],[126.601,37.4384],[126.5929,37.4413],[126.5929,37.4506],[126.5963,37.4512],[126.5933,37.4549],[126.6018,37.4573],[126.5926,37.4577],[126.5932,37.4637],[126.5997,37.4655],[126.6048,37.4646],[126.6034,37.4602],[126.6121,37.4624],[126.625,37.4591],[126.6142,37.4641],[126.6163,37.4699],[126.6123,37.477],[126.6111,37.4739],[126.6071,37.4756],[126.6099,37.4692],[126.6033,37.4655],[126.5956,37.4718],[126.6062,37.4863],[126.6098,37.4829],[126.6051,37.4802],[126.612,37.4821],[126.6137,37.4789],[126.6127,37.4824],[126.6189,37.4855],[126.6116,37.4835],[126.6098,37.4874],[126.6263,37.4925],[126.6321,37.4877],[126.6274,37.4932],[126.6408,37.4959],[126.6411,37.505],[126.6297,37.5024],[126.6268,37.4972],[126.6044,37.4968],[126.6027,37.527],[126.611,37.5278],[126.6027,37.5278],[126.5991,37.5392],[126.6051,37.5393],[126.6066,37.5537],[126.5937,37.5543],[126.5933,37.5594],[126.5815,37.5714],[126.5726,37.5878],[126.5927,37.593],[126.6125,37.6054],[126.6234,37.6028],[126.6366,37.6205],[126.637,37.626],[126.6476,37.6287],[126.6525,37.6396],[126.6801,37.6296],[126.7053,37.6115],[126.7045,37.6026],[126.712,37.6048],[126.7251,37.592],[126.735,37.5905],[126.7436,37.5933],[126.7518,37.5796],[126.7673,37.588],[126.7841,37.5826],[126.787,37.5856],[126.7937,37.5816],[126.7827,37.5736],[126.7805,37.5683],[126.7748,37.5675],[126.7779,37.5601],[126.7756,37.5618],[126.7731,37.5575],[126.7647,37.5554],[126.7665,37.5529],[126.7609,37.5379],[126.7603,37.5159],[126.7458,37.5148],[126.7416,37.5089],[126.7426,37.4866],[126.7545,37.4837],[126.7591,37.4768],[126.7677,37.4718],[126.7782,37.4718],[126.7798,37.4658],[126.7783,37.4508],[126.7717,37.4503],[126.7688,37.4429],[126.7704,37.429],[126.7537,37.4225],[126.755,37.418],[126.7458,37.4012],[126.7209,37.3811],[126.6611,37.3432],[126.6173,37.3429],[126.6173,37.3473],[126.5846,37.3474],[126.5845,37.3547],[126.6119,37.3553],[126.6247,37.3741],[126.6099,37.3872],[126.6097,37.4161]]],[[[126.5856,37.4982],[126.5893,37.4989],[126.592,37.4968],[126.5864,37.4962],[126.5856,37.4982]]],[[[126.4874,37.5155],[126.4893,37.5175],[126.4898,37.5169],[126.4874,37.5155]]],[[[126.4244,37.5165],[126.4263,37.5186],[126.4267,37.5163],[126.4244,37.5165]]],[[[126.4207,37.5187],[126.4177,37.5186],[126.4215,37.5198],[126.4207,37.5187]]],[[[126.5804,37.5256],[126.5723,37.5285],[126.5718,37.5293],[126.5748,37.5302],[126.5804,37.5256]]],[[[126.4739,37.5287],[126.4672,37.5284],[126.4669,37.5247],[126.4708,37.5223],[126.4678,37.5152],[126.4706,37.5118],[126.4635,37.5111],[126.4531,37.5189],[126.4394,37.5139],[126.4292,37.5179],[126.4385,37.5307],[126.4547,37.5379],[126.457,37.5445],[126.4725,37.5376],[126.4739,37.5287]]],[[[126.4011,37.5314],[126.4136,37.5407],[126.4124,37.527],[126.4035,37.5284],[126.4011,37.5314]]],[[[126.3966,37.5348],[126.3958,37.5324],[126.3946,37.5347],[126.3966,37.5348]]],[[[126.4406,37.5457],[126.4348,37.5425],[126.4316,37.531],[126.4267,37.5257],[126.4289,37.5235],[126.4152,37.5222],[126.422,37.5332],[126.4202,37.5378],[126.424,37.5467],[126.4272,37.5486],[126.4329,37.5445],[126.4406,37.5457]]],[[[126.5735,37.5347],[126.5759,37.5361],[126.5753,37.5344],[126.5735,37.5347]]],[[[126.5718,37.5399],[126.5779,37.5414],[126.5774,37.5377],[126.5718,37.5399]]],[[[126.5772,37.5465],[126.5802,37.5456],[126.5799,37.5445],[126.5772,37.5465]]],[[[126.5894,37.5488],[126.5875,37.5446],[126.584,37.5486],[126.5872,37.5499],[126.5894,37.5488]]]]}},{"type":"Feature","properties":{"sido":"광주·전남"},"geometry":{"type":"MultiPolygon","coordinates":[[[[125.1165,34.0877],[125.1239,34.088],[125.121,34.0774],[125.1439,34.0557],[125.1448,34.0495],[125.1222,34.0467],[125.1156,34.0512],[125.1124,34.0628],[125.082,34.0746],[125.0837,34.0768],[125.0934,34.0741],[125.0963,34.0932],[125.0904,34.0997],[125.1112,34.0949],[125.1165,34.0877]]],[[[125.0945,34.1183],[125.0959,34.1157],[125.092,34.114],[125.0917,34.1146],[125.0945,34.1183]]],[[[125.0867,34.1157],[125.0826,34.1165],[125.0816,34.1179],[125.0852,34.1191],[125.0867,34.1157]]],[[[125.9396,34.1451],[125.9356,34.1596],[125.9396,34.1646],[125.9482,34.1453],[125.9448,34.1408],[125.9396,34.1451]]],[[[125.8556,34.1969],[125.8625,34.1976],[125.8608,34.1941],[125.8556,34.1969]]],[[[125.4662,34.2117],[125.4708,34.2138],[125.4734,34.2115],[125.4688,34.2027],[125.4649,34.2057],[125.4662,34.2117]]],[[[125.8787,34.2101],[125.8814,34.2103],[125.8806,34.2089],[125.8787,34.2101]]],[[[125.8623,34.2072],[125.8485,34.2115],[125.8472,34.2142],[125.857,34.2175],[125.866,34.2118],[125.8623,34.2072]]],[[[125.8426,34.2194],[125.8437,34.2236],[125.8392,34.225],[125.8484,34.2253],[125.8474,34.2195],[125.8426,34.2194]]],[[[125.988,34.2324],[125.9879,34.2292],[125.9845,34.2309],[125.9848,34.2316],[125.988,34.2324]]],[[[125.9605,34.2387],[125.9625,34.2393],[125.965,34.2376],[125.9631,34.236],[125.9605,34.2387]]],[[[125.956,34.2402],[125.9387,34.2293],[125.9288,34.2294],[125.9253,34.2386],[125.9288,34.2393],[125.9288,34.2451],[125.9334,34.2474],[125.9426,34.2442],[125.9541,34.246],[125.956,34.2402]]],[[[125.9275,34.2532],[125.9288,34.2493],[125.9229,34.2444],[125.9214,34.2539],[125.9275,34.2532]]],[[[125.9216,34.2569],[125.9171,34.2476],[125.9169,34.2538],[125.9141,34.2487],[125.9095,34.2507],[125.9153,34.2449],[125.9133,34.2408],[125.9094,34.2461],[125.8971,34.246],[125.8984,34.2529],[125.9052,34.2589],[125.9242,34.2623],[125.9259,34.2563],[125.9216,34.2569]]],[[[126.0105,34.2641],[126.0128,34.2636],[126.0131,34.2628],[126.0113,34.262],[126.0105,34.2641]]],[[[125.9963,34.2666],[126.0049,34.2703],[126.0098,34.2647],[126.0058,34.2653],[125.9987,34.2598],[126.0037,34.2515],[125.9989,34.2547],[125.9928,34.2526],[125.9923,34.2605],[125.9866,34.2635],[125.9893,34.27],[125.9813,34.2633],[125.9771,34.2682],[125.9772,34.2761],[125.994,34.2791],[125.9977,34.2753],[125.9963,34.2666]]],[[[125.9945,34.2929],[125.9981,34.2904],[126.002,34.2892],[125.9916,34.2871],[125.9945,34.2929]]],[[[126.0055,34.2899],[126.0067,34.2919],[126.0077,34.2908],[126.0055,34.2899]]],[[[125.9824,34.3008],[125.9833,34.2971],[125.9797,34.2957],[125.97,34.2999],[125.9737,34.3048],[125.9824,34.3008]]],[[[126.012,34.3061],[126.0139,34.3052],[126.0114,34.3047],[126.012,34.3061]]],[[[125.901,34.3064],[125.9046,34.3067],[125.9048,34.3054],[125.901,34.3064]]],[[[125.9472,34.3056],[125.949,34.3006],[125.944,34.3017],[125.9442,34.3125],[125.9493,34.3056],[125.9472,34.3056]]],[[[125.9919,34.3116],[125.9887,34.3107],[125.988,34.311],[125.9894,34.312],[125.9919,34.3116]]],[[[126.0162,34.3179],[126.0192,34.3096],[126.011,34.3116],[126.0047,34.3055],[126.0062,34.3124],[125.9987,34.3128],[125.9981,34.3168],[126.0162,34.3179]]],[[[125.9544,34.3085],[125.951,34.3106],[125.964,34.3152],[125.9645,34.3105],[125.9544,34.3085]]],[[[125.9803,34.3148],[125.9776,34.3091],[125.972,34.3071],[125.9684,34.3107],[125.9672,34.3192],[125.9751,34.3216],[125.9803,34.3148]]],[[[125.9746,34.3257],[125.9776,34.3312],[125.9811,34.3291],[125.9778,34.3233],[125.9746,34.3257]]],[[[125.9766,34.344],[125.973,34.3431],[125.971,34.3451],[125.9752,34.3458],[125.9766,34.344]]],[[[125.959,34.3455],[125.9486,34.342],[125.9464,34.3435],[125.9533,34.3531],[125.9584,34.3508],[125.959,34.3455]]],[[[125.9888,34.3541],[125.9889,34.3482],[125.9823,34.3517],[125.9888,34.3541]]],[[[125.9299,34.3548],[125.9319,34.3521],[125.9317,34.3506],[125.9296,34.3521],[125.9299,34.3548]]],[[[125.9319,34.3684],[125.9392,34.3758],[125.9376,34.3782],[125.9457,34.3785],[125.9367,34.3641],[125.9319,34.3684]]],[[[125.9732,34.3726],[125.9626,34.3631],[125.9603,34.3654],[125.962,34.3756],[125.9705,34.3764],[125.9646,34.3818],[125.972,34.3773],[125.9732,34.3726]]],[[[126.0055,34.3839],[126.0069,34.3757],[126.0036,34.3737],[126.0021,34.3767],[126.0055,34.3839]]],[[[125.299,34.3978],[125.3131,34.3913],[125.3147,34.3846],[125.308,34.3801],[125.3015,34.3854],[125.296,34.3784],[125.2854,34.394],[125.285,34.3997],[125.2815,34.4005],[125.2819,34.4048],[125.287,34.4039],[125.2934,34.3929],[125.2985,34.3938],[125.299,34.3978]]],[[[126.0074,34.3989],[126.0095,34.4044],[126.0144,34.4],[126.0116,34.396],[126.0074,34.3989]]],[[[125.282,34.4174],[125.2765,34.4306],[125.2831,34.433],[125.291,34.4251],[125.2856,34.4172],[125.282,34.4174]]],[[[126.0038,34.4257],[126.0061,34.4272],[126.0081,34.4274],[126.0058,34.4247],[126.0038,34.4257]]],[[[125.2961,34.4402],[125.2899,34.4349],[125.2773,34.4352],[125.2832,34.4388],[125.2906,34.4526],[125.2961,34.4532],[125.2961,34.4402]]],[[[125.3008,34.4507],[125.2991,34.455],[125.3016,34.4543],[125.3008,34.4507]]],[[[125.9979,34.4537],[125.9998,34.4551],[126.001,34.4531],[125.9979,34.4537]]],[[[125.2948,34.4615],[125.3006,34.4642],[125.3032,34.4594],[125.2953,34.4589],[125.2948,34.4615]]],[[[125.3059,34.4682],[125.3035,34.4634],[125.3005,34.4687],[125.3027,34.47],[125.3059,34.4682]]],[[[125.8393,34.5825],[125.8379,34.5853],[125.8397,34.5842],[125.8393,34.5825]]],[[[126.0075,34.5908],[126.0061,34.5873],[126.0049,34.5876],[126.0047,34.5921],[126.0075,34.5908]]],[[[126.0006,34.5931],[126.001,34.5875],[125.9963,34.5888],[125.9951,34.5918],[126.0006,34.5931]]],[[[125.9859,34.6037],[125.9764,34.5955],[125.9796,34.5799],[125.9762,34.5779],[125.9701,34.5775],[125.9662,34.5808],[125.971,34.5835],[125.9669,34.5881],[125.9742,34.59],[125.9722,34.5952],[125.9577,34.5926],[125.956,34.5952],[125.9586,34.5989],[125.9672,34.5978],[125.9739,34.605],[125.9754,34.6008],[125.9859,34.6037]]],[[[125.989,34.5936],[125.9881,34.5911],[125.9873,34.5935],[125.989,34.5936]]],[[[125.87,34.5999],[125.8749,34.5998],[125.8767,34.5958],[125.87,34.5999]]],[[[125.8671,34.603],[125.8691,34.6035],[125.8691,34.6007],[125.8671,34.603]]],[[[125.9973,34.6007],[126.0071,34.6069],[126.0067,34.5997],[125.9975,34.5975],[125.9973,34.6007]]],[[[125.889,34.6062],[125.8868,34.6052],[125.8933,34.6008],[125.8919,34.5963],[125.8814,34.6065],[125.8766,34.6072],[125.8723,34.6164],[125.8799,34.6094],[125.8825,34.612],[125.8872,34.6097],[125.889,34.6062]]],[[[125.8694,34.6033],[125.868,34.606],[125.8696,34.6133],[125.873,34.6065],[125.8694,34.6033]]],[[[125.8627,34.6054],[125.8468,34.6015],[125.8422,34.5969],[125.8267,34.6005],[125.8222,34.594],[125.817,34.5929],[125.8111,34.596],[125.8106,34.6027],[125.8224,34.6043],[125.8255,34.6095],[125.8126,34.6097],[125.8109,34.6142],[125.8144,34.616],[125.8007,34.6208],[125.803,34.6236],[125.8121,34.6218],[125.8209,34.6147],[125.8459,34.6264],[125.8467,34.6299],[125.8549,34.6306],[125.8582,34.6227],[125.8539,34.619],[125.8582,34.6195],[125.8627,34.6054]]],[[[125.8694,34.6135],[125.8668,34.6167],[125.8673,34.6177],[125.8694,34.6135]]],[[[126.0002,34.6321],[126.0105,34.6166],[126.0099,34.6109],[125.9974,34.6058],[125.9988,34.6115],[125.9959,34.613],[125.9935,34.6041],[125.9902,34.6043],[125.9864,34.6091],[125.9892,34.6109],[125.9877,34.6163],[125.9985,34.6184],[125.9914,34.621],[125.9931,34.6304],[126.0002,34.6321]]],[[[125.8814,34.6186],[125.8763,34.6211],[125.8746,34.623],[125.8769,34.6228],[125.8814,34.6186]]],[[[125.8663,34.6205],[125.8628,34.6223],[125.8641,34.6236],[125.8663,34.6205]]],[[[125.9687,34.6416],[125.9801,34.6258],[125.9775,34.6189],[125.9702,34.62],[125.9647,34.6282],[125.9564,34.6231],[125.9462,34.6343],[125.9465,34.6378],[125.95,34.64],[125.9529,34.6368],[125.956,34.6432],[125.9616,34.645],[125.9687,34.6416]]],[[[125.9405,34.636],[125.9433,34.6305],[125.9412,34.6282],[125.9405,34.636]]],[[[126.0023,34.6419],[126.0082,34.6403],[126.0062,34.6438],[126.0124,34.6455],[126.018,34.6448],[126.0201,34.6398],[126.0074,34.634],[126.0023,34.6419]]],[[[125.4718,34.6422],[125.466,34.6404],[125.4662,34.6377],[125.4621,34.6383],[125.4554,34.6424],[125.4554,34.6477],[125.4636,34.6562],[125.4769,34.6546],[125.4795,34.6583],[125.4786,34.6498],[125.4718,34.6422]]],[[[126.0064,34.6526],[126.0109,34.6495],[126.0125,34.6463],[126.0061,34.648],[126.0064,34.6526]]],[[[125.9589,34.6536],[125.9527,34.6523],[125.9508,34.6534],[125.9589,34.6536]]],[[[125.8837,34.6577],[125.8854,34.6556],[125.8825,34.657],[125.8837,34.6577]]],[[[126.0157,34.6587],[126.0101,34.6564],[126.0088,34.6577],[126.0114,34.6601],[126.0157,34.6587]]],[[[125.4316,34.6943],[125.4294,34.6891],[125.4317,34.6856],[125.4411,34.6849],[125.4442,34.6882],[125.4377,34.6894],[125.4465,34.6946],[125.4522,34.6911],[125.4511,34.6946],[125.4547,34.6968],[125.4654,34.6934],[125.4657,34.6873],[125.461,34.6813],[125.4538,34.6848],[125.4481,34.6806],[125.4449,34.6629],[125.4354,34.6575],[125.4274,34.6587],[125.4303,34.6437],[125.4148,34.6385],[125.4138,34.6224],[125.4029,34.6228],[125.3887,34.6332],[125.3845,34.6438],[125.3981,34.6472],[125.3967,34.6504],[125.3864,34.654],[125.3869,34.659],[125.397,34.6641],[125.3959,34.6722],[125.4078,34.6856],[125.4073,34.6956],[125.4177,34.6993],[125.4305,34.6978],[125.4424,34.7025],[125.4436,34.6963],[125.4316,34.6943]]],[[[125.3972,34.6926],[125.3864,34.6815],[125.3797,34.6789],[125.3707,34.6657],[125.3622,34.6699],[125.3615,34.6765],[125.3687,34.681],[125.3795,34.6816],[125.3896,34.6919],[125.3865,34.6985],[125.3963,34.6989],[125.3938,34.6931],[125.3972,34.6926]]],[[[125.1938,34.6794],[125.1977,34.6729],[125.1957,34.6705],[125.1903,34.6724],[125.1885,34.6641],[125.181,34.6645],[125.1726,34.6735],[125.1783,34.6764],[125.1773,34.6803],[125.1832,34.6846],[125.1826,34.6884],[125.1885,34.6847],[125.192,34.6865],[125.1919,34.6938],[125.1996,34.7043],[125.1993,34.7107],[125.2002,34.711],[125.2016,34.7116],[125.2066,34.714],[125.2067,34.7165],[125.2131,34.7155],[125.2114,34.7092],[125.2155,34.7052],[125.2132,34.6954],[125.2032,34.6802],[125.1994,34.6827],[125.1938,34.6794]]],[[[125.98,34.7211],[125.9917,34.7196],[125.9935,34.7127],[125.9914,34.7111],[125.998,34.7058],[125.9973,34.7191],[126.0047,34.7205],[125.9903,34.7297],[125.9993,34.7315],[126.0105,34.7215],[126.0091,34.7193],[126.0147,34.7104],[126.0086,34.7038],[126.0135,34.7039],[126.015,34.7011],[126.0084,34.6844],[125.9893,34.679],[125.9883,34.6732],[125.9804,34.6726],[125.9781,34.6669],[125.9812,34.6639],[125.976,34.6591],[125.9557,34.6575],[125.9536,34.6611],[125.9568,34.6683],[125.9537,34.6718],[125.9403,34.6632],[125.9376,34.6675],[125.9313,34.6688],[125.9355,34.6733],[125.9333,34.6768],[125.928,34.6773],[125.9253,34.6683],[125.9204,34.6714],[125.9222,34.679],[125.9156,34.6773],[125.9159,34.7112],[125.9372,34.7162],[125.9463,34.7144],[125.9475,34.7224],[125.9608,34.7375],[125.977,34.7188],[125.98,34.7211]]],[[[125.4625,34.7048],[125.4682,34.6962],[125.4604,34.7046],[125.4625,34.7048]]],[[[125.9007,34.7161],[125.9063,34.7129],[125.9065,34.708],[125.902,34.7099],[125.9007,34.7161]]],[[[125.2025,34.7153],[125.2005,34.7116],[125.202,34.7164],[125.2025,34.7153]]],[[[125.1865,34.7181],[125.1896,34.7201],[125.1907,34.7131],[125.1896,34.7132],[125.1865,34.7181]]],[[[125.4072,34.7201],[125.4092,34.7155],[125.4057,34.7142],[125.4041,34.7176],[125.4072,34.7201]]],[[[125.2038,34.7202],[125.2038,34.7179],[125.2029,34.7174],[125.2038,34.7202]]],[[[125.199,34.7261],[125.2008,34.7235],[125.1981,34.7233],[125.199,34.7261]]],[[[125.4545,34.7431],[125.4709,34.7341],[125.4798,34.7339],[125.4773,34.7291],[125.4804,34.7268],[125.4624,34.7267],[125.4612,34.7237],[125.4646,34.7233],[125.4668,34.7177],[125.4622,34.7119],[125.4598,34.7192],[125.4539,34.7198],[125.4485,34.7269],[125.4506,34.7285],[125.4528,34.7255],[125.4535,34.7313],[125.4572,34.7297],[125.4578,34.7325],[125.4613,34.7324],[125.4542,34.7387],[125.4545,34.7431]]],[[[125.45,34.7305],[125.4453,34.7267],[125.4439,34.7273],[125.4469,34.7305],[125.45,34.7305]]],[[[125.8839,34.7337],[125.8838,34.7368],[125.885,34.7336],[125.8839,34.7337]]],[[[125.4478,34.7418],[125.4514,34.7387],[125.4493,34.7322],[125.4363,34.7343],[125.437,34.742],[125.4478,34.7418]]],[[[125.9864,34.7361],[125.987,34.74],[125.9895,34.7381],[125.9864,34.7361]]],[[[125.9485,34.7406],[125.9501,34.7423],[125.9532,34.7394],[125.9514,34.7391],[125.9485,34.7406]]],[[[125.44,34.7439],[125.4398,34.7428],[125.4375,34.7443],[125.44,34.7439]]],[[[125.4285,34.7453],[125.434,34.7448],[125.4344,34.7442],[125.4285,34.7453]]],[[[125.4279,34.7518],[125.4264,34.7573],[125.4353,34.7541],[125.4385,34.7488],[125.4279,34.7518]]],[[[126.0009,34.7953],[125.9958,34.7766],[126.001,34.773],[126.0002,34.7621],[125.992,34.7552],[125.9892,34.762],[125.9771,34.7525],[125.9634,34.7519],[125.9627,34.7468],[125.9548,34.7525],[125.9401,34.7513],[125.9422,34.7454],[125.946,34.7445],[125.9455,34.7371],[125.9511,34.7324],[125.9442,34.7302],[125.9424,34.7214],[125.9385,34.7192],[125.9198,34.715],[125.9082,34.7159],[125.9014,34.7192],[125.9028,34.7254],[125.8942,34.7262],[125.8934,34.732],[125.8861,34.7305],[125.8895,34.7331],[125.887,34.7384],[125.8915,34.7464],[125.89,34.756],[125.8939,34.7599],[125.8887,34.7652],[125.8971,34.7738],[125.8988,34.7812],[125.904,34.7785],[125.9069,34.7816],[125.9104,34.7803],[125.9087,34.7765],[125.9111,34.776],[125.9156,34.7764],[125.915,34.7804],[125.925,34.7749],[125.9364,34.7763],[125.9528,34.7841],[125.9516,34.7889],[125.9635,34.7866],[125.9629,34.7908],[125.9695,34.7939],[125.9719,34.7972],[125.9695,34.8001],[125.9739,34.8033],[125.9905,34.8041],[125.9932,34.8074],[125.9968,34.8056],[126.0009,34.7953]]],[[[125.9218,34.7818],[125.9201,34.7835],[125.9221,34.7876],[125.9224,34.7864],[125.9218,34.7818]]],[[[125.9009,34.7864],[125.9033,34.787],[125.9062,34.7849],[125.9009,34.7864]]],[[[125.9173,34.792],[125.9105,34.787],[125.9041,34.7898],[125.9092,34.7959],[125.9173,34.792]]],[[[125.9572,34.7993],[125.9552,34.7975],[125.9545,34.7994],[125.9572,34.7993]]],[[[125.9721,34.8645],[125.9711,34.8621],[125.9675,34.8631],[125.9721,34.8645]]],[[[126.0038,34.912],[126.0084,34.9112],[126.0089,34.9105],[126.0039,34.9088],[126.0038,34.912]]],[[[125.9216,35.0831],[125.924,35.0773],[125.9197,35.0768],[125.9166,35.0809],[125.9216,35.0831]]],[[[126.0103,35.3306],[126.01,35.3278],[126.0024,35.3297],[125.9958,35.3199],[125.9921,35.3187],[125.9965,35.3232],[125.9986,35.3333],[126.0103,35.3306]]],[[[125.9974,35.3377],[125.9972,35.335],[125.985,35.3367],[125.9894,35.3392],[125.9974,35.3377]]],[[[126.0578,34.2207],[126.0589,34.2189],[126.058,34.2179],[126.0578,34.2207]]],[[[126.0752,34.2369],[126.0787,34.2324],[126.0772,34.2312],[126.0722,34.233],[126.0752,34.2369]]],[[[126.0651,34.2414],[126.0609,34.2317],[126.0567,34.2309],[126.0582,34.2246],[126.0431,34.2317],[126.0357,34.2187],[126.0339,34.2313],[126.0263,34.2309],[126.0256,34.2282],[126.0235,34.2317],[126.0261,34.2389],[126.0302,34.2368],[126.037,34.2392],[126.0411,34.2356],[126.0479,34.2391],[126.0527,34.2482],[126.0491,34.2548],[126.0621,34.2471],[126.0651,34.2414]]],[[[126.0684,34.2401],[126.0662,34.238],[126.0662,34.2405],[126.0684,34.2401]]],[[[126.083,34.242],[126.0724,34.2461],[126.0863,34.2501],[126.0911,34.2476],[126.083,34.242]]],[[[126.0474,34.2583],[126.0498,34.2619],[126.0559,34.2579],[126.0495,34.2559],[126.0474,34.2583]]],[[[126.1516,34.262],[126.1568,34.2578],[126.1477,34.2615],[126.1392,34.2698],[126.1513,34.2692],[126.1516,34.262]]],[[[126.0957,34.271],[126.1093,34.2689],[126.1117,34.2609],[126.1002,34.2627],[126.0957,34.271]]],[[[126.1192,34.2686],[126.1225,34.2681],[126.1222,34.2656],[126.1192,34.2686]]],[[[126.0528,34.2714],[126.0548,34.273],[126.0572,34.2705],[126.0556,34.269],[126.0528,34.2714]]],[[[126.0392,34.3196],[126.0535,34.3048],[126.0604,34.3049],[126.0889,34.3122],[126.0898,34.3052],[126.0866,34.2994],[126.0881,34.2927],[126.0931,34.2891],[126.0914,34.2835],[126.096,34.276],[126.094,34.2729],[126.0865,34.2807],[126.0811,34.2803],[126.0799,34.2844],[126.0739,34.2836],[126.0672,34.2735],[126.062,34.2786],[126.063,34.289],[126.0607,34.2851],[126.053,34.287],[126.059,34.2784],[126.0557,34.2741],[126.0496,34.2816],[126.0234,34.2852],[126.0276,34.2901],[126.0242,34.2953],[126.0151,34.2911],[126.0171,34.2999],[126.0208,34.3029],[126.0324,34.3048],[126.0214,34.3067],[126.0213,34.3094],[126.024,34.3133],[126.03,34.31],[126.0342,34.3118],[126.0292,34.3164],[126.0318,34.3179],[126.0392,34.3196]]],[[[126.0256,34.3245],[126.0263,34.3217],[126.0244,34.3211],[126.0256,34.3245]]],[[[126.0536,34.3321],[126.0612,34.3213],[126.059,34.319],[126.052,34.3241],[126.0445,34.3217],[126.0366,34.3226],[126.038,34.3255],[126.046,34.3237],[126.0369,34.3301],[126.0342,34.324],[126.0238,34.3303],[126.0209,34.3227],[126.0077,34.3218],[125.9978,34.3251],[125.9963,34.3352],[125.9923,34.3386],[125.9994,34.3413],[126.0056,34.3353],[126.0159,34.3326],[126.011,34.3394],[126.0242,34.3399],[126.0264,34.343],[126.0536,34.3321]]],[[[126.0219,34.3578],[126.0267,34.3432],[126.014,34.3432],[126.013,34.3486],[126.0212,34.3505],[126.0124,34.3546],[126.0102,34.3608],[126.0219,34.3578]]],[[[126.123,34.3564],[126.1255,34.3559],[126.123,34.3545],[126.123,34.3564]]],[[[126.1243,34.3666],[126.124,34.3644],[126.1227,34.3648],[126.1243,34.3666]]],[[[126.0414,34.3786],[126.0445,34.3754],[126.044,34.3742],[126.0426,34.3743],[126.0414,34.3786]]],[[[126.0381,34.3812],[126.0412,34.3828],[126.0406,34.3801],[126.0381,34.3812]]],[[[126.017,34.383],[126.0161,34.3858],[126.0179,34.3831],[126.017,34.383]]],[[[126.0343,34.3951],[126.033,34.401],[126.0389,34.3991],[126.0411,34.3934],[126.0343,34.3951]]],[[[126.0415,34.3979],[126.0386,34.4031],[126.0401,34.407],[126.0502,34.402],[126.0548,34.3929],[126.0415,34.3979]]],[[[126.0848,34.4258],[126.0813,34.428],[126.0846,34.4286],[126.0848,34.4258]]],[[[126.0809,34.4407],[126.0843,34.437],[126.0806,34.4371],[126.0809,34.4407]]],[[[126.0928,34.4562],[126.0923,34.4619],[126.1046,34.4546],[126.0928,34.4562]]],[[[126.026,34.4577],[126.0279,34.4579],[126.0266,34.4563],[126.026,34.4577]]],[[[126.0599,34.4869],[126.0591,34.4833],[126.0553,34.4828],[126.0574,34.4801],[126.0662,34.4846],[126.0719,34.4814],[126.0657,34.4777],[126.0663,34.475],[126.0532,34.4719],[126.0539,34.4669],[126.0413,34.4554],[126.0404,34.4608],[126.0349,34.4621],[126.0409,34.4691],[126.0309,34.4813],[126.0318,34.4841],[126.0389,34.4808],[126.0441,34.4909],[126.0502,34.4928],[126.0468,34.4956],[126.0549,34.4987],[126.0594,34.493],[126.0661,34.4919],[126.0652,34.4881],[126.0599,34.4869]]],[[[126.0786,34.4919],[126.0852,34.4938],[126.0881,34.4899],[126.0811,34.4844],[126.0776,34.4874],[126.0786,34.4919]]],[[[126.11,34.4894],[126.1022,34.4909],[126.101,34.4939],[126.1074,34.4939],[126.11,34.4894]]],[[[126.0873,34.5155],[126.0887,34.517],[126.0893,34.5161],[126.0873,34.5155]]],[[[126.0939,34.5202],[126.0968,34.5206],[126.0968,34.5187],[126.0939,34.5202]]],[[[126.1039,34.5309],[126.107,34.5304],[126.1068,34.5282],[126.1043,34.5281],[126.1039,34.5309]]],[[[126.0375,34.5453],[126.0404,34.5461],[126.0443,34.5435],[126.0401,34.5435],[126.0375,34.5453]]],[[[126.143,34.5758],[126.1364,34.581],[126.1486,34.5815],[126.1494,34.5757],[126.143,34.5758]]],[[[126.1032,34.6059],[126.0992,34.5967],[126.1047,34.5958],[126.1039,34.5918],[126.1115,34.5884],[126.1033,34.5832],[126.105,34.5787],[126.0995,34.58],[126.1041,34.5763],[126.1028,34.5737],[126.0962,34.5739],[126.0935,34.5696],[126.1023,34.5589],[126.1011,34.5531],[126.0829,34.5551],[126.0867,34.5463],[126.0781,34.5401],[126.0668,34.5371],[126.0623,34.5392],[126.0648,34.5342],[126.0575,34.5337],[126.0567,34.5305],[126.0431,34.5304],[126.0404,34.5338],[126.0316,34.5307],[126.0252,34.5344],[126.0293,34.5441],[126.035,34.5425],[126.0372,34.5383],[126.047,34.539],[126.0445,34.5468],[126.0579,34.5495],[126.0583,34.5547],[126.0555,34.556],[126.0487,34.5545],[126.0385,34.5578],[126.0342,34.5499],[126.0317,34.5528],[126.0273,34.5488],[126.0257,34.5559],[126.031,34.5627],[126.046,34.5655],[126.0648,34.5614],[126.0726,34.571],[126.0706,34.5724],[126.0804,34.5783],[126.0799,34.5831],[126.0739,34.5832],[126.0676,34.594],[126.0682,34.6003],[126.0639,34.608],[126.0459,34.6092],[126.0492,34.6289],[126.0584,34.6342],[126.0685,34.6353],[126.0835,34.6183],[126.0833,34.6137],[126.0875,34.6091],[126.0934,34.607],[126.0996,34.6093],[126.1032,34.6059]]],[[[126.1237,34.6107],[126.1236,34.6132],[126.1251,34.6115],[126.1237,34.6107]]],[[[126.1085,34.6119],[126.1102,34.615],[126.1164,34.6136],[126.1141,34.6118],[126.1085,34.6119]]],[[[126.0409,34.6319],[126.0424,34.6209],[126.0374,34.6149],[126.0388,34.6068],[126.0463,34.6027],[126.0551,34.6048],[126.063,34.5939],[126.0617,34.5867],[126.0653,34.5829],[126.0612,34.5719],[126.0561,34.568],[126.0469,34.5711],[126.0412,34.5678],[126.0367,34.5723],[126.0317,34.5721],[126.0297,34.5653],[126.0195,34.5636],[126.0175,34.5719],[126.0211,34.5737],[126.0115,34.5893],[126.0148,34.5859],[126.0264,34.5929],[126.0195,34.6002],[126.0146,34.5957],[126.0109,34.5963],[126.0142,34.6024],[126.0107,34.6076],[126.0165,34.6176],[126.0098,34.6314],[126.0155,34.6356],[126.0283,34.6359],[126.0282,34.6469],[126.0385,34.6584],[126.0437,34.66],[126.0446,34.6685],[126.0474,34.6694],[126.0495,34.6668],[126.0474,34.6614],[126.0531,34.6501],[126.0513,34.6408],[126.0437,34.6289],[126.0409,34.6319]]],[[[126.1265,34.6194],[126.1099,34.6186],[126.108,34.6229],[126.118,34.6291],[126.1265,34.6194]]],[[[126.0891,34.6295],[126.0759,34.6337],[126.0715,34.6407],[126.0795,34.6431],[126.0891,34.6295]]],[[[126.0924,34.6386],[126.0944,34.6386],[126.0962,34.6359],[126.094,34.6352],[126.0924,34.6386]]],[[[126.0877,34.6426],[126.0913,34.643],[126.0926,34.6406],[126.0888,34.6402],[126.0877,34.6426]]],[[[126.0189,34.6645],[126.0152,34.6665],[126.0154,34.6683],[126.0207,34.6692],[126.0189,34.6645]]],[[[126.0814,34.6558],[126.0791,34.6434],[126.0698,34.6434],[126.0637,34.6549],[126.066,34.6698],[126.0626,34.6755],[126.0625,34.6799],[126.067,34.6812],[126.0646,34.6847],[126.0795,34.6917],[126.0865,34.669],[126.0857,34.6583],[126.0814,34.6558]]],[[[126.0346,34.668],[126.0342,34.673],[126.0391,34.6725],[126.0402,34.6688],[126.0346,34.668]]],[[[126.0294,34.672],[126.0251,34.6702],[126.0243,34.6705],[126.0294,34.672]]],[[[126.0103,34.686],[126.014,34.6871],[126.015,34.6833],[126.0106,34.6824],[126.0103,34.686]]],[[[126.0395,34.7265],[126.0374,34.7284],[126.0391,34.731],[126.0401,34.7293],[126.0395,34.7265]]],[[[126.1124,34.7738],[126.1176,34.7776],[126.124,34.7758],[126.1307,34.7626],[126.1384,34.7584],[126.1629,34.7583],[126.1751,34.7537],[126.1804,34.7418],[126.1937,34.7318],[126.1934,34.723],[126.1963,34.7195],[126.1759,34.6998],[126.1591,34.6985],[126.1454,34.6863],[126.1355,34.6874],[126.1259,34.6833],[126.1172,34.6844],[126.1089,34.6961],[126.0992,34.6968],[126.0942,34.7009],[126.0937,34.7071],[126.0785,34.7052],[126.0724,34.7122],[126.0671,34.707],[126.0636,34.7124],[126.0676,34.7171],[126.0683,34.7281],[126.0714,34.7319],[126.0701,34.7405],[126.0729,34.747],[126.0807,34.7501],[126.0696,34.7631],[126.0632,34.7655],[126.0631,34.7687],[126.0679,34.772],[126.0803,34.769],[126.0833,34.7648],[126.0867,34.7665],[126.0755,34.7729],[126.0743,34.7759],[126.0786,34.779],[126.0968,34.7714],[126.1017,34.7743],[126.1124,34.7738]]],[[[126.044,34.7307],[126.0346,34.7376],[126.0409,34.7371],[126.0457,34.7326],[126.044,34.7307]]],[[[126.0273,34.7646],[126.0291,34.7464],[126.0252,34.7401],[126.0316,34.7229],[126.0185,34.7232],[126.0121,34.734],[126.0106,34.7451],[126.0169,34.7669],[126.0273,34.7646]]],[[[126.0628,34.75],[126.0596,34.7394],[126.0513,34.7502],[126.0397,34.7565],[126.0483,34.7665],[126.0572,34.7714],[126.0586,34.7662],[126.0558,34.7618],[126.0628,34.75]]],[[[126.0513,34.7716],[126.0487,34.7717],[126.0495,34.7741],[126.0513,34.7716]]],[[[126.1745,34.7887],[126.175,34.7622],[126.1696,34.7578],[126.1607,34.7608],[126.1402,34.7606],[126.1358,34.7623],[126.1235,34.7795],[126.0995,34.7777],[126.0916,34.7856],[126.0814,34.7887],[126.0869,34.7926],[126.0938,34.7898],[126.114,34.795],[126.1174,34.7929],[126.1233,34.7983],[126.1328,34.7997],[126.1581,34.8243],[126.1656,34.821],[126.1711,34.7981],[126.1692,34.7898],[126.1745,34.7887]]],[[[126.0849,34.8052],[126.085,34.8073],[126.0871,34.8057],[126.0849,34.8052]]],[[[126.056,34.823],[126.0664,34.8132],[126.0729,34.8118],[126.0796,34.7982],[126.0768,34.7941],[126.0647,34.8076],[126.0566,34.809],[126.0554,34.8141],[126.0472,34.8165],[126.0428,34.8254],[126.048,34.8282],[126.0509,34.8228],[126.056,34.823]]],[[[126.0821,34.8126],[126.0799,34.8141],[126.0805,34.815],[126.0821,34.8126]]],[[[126.1437,34.8181],[126.1454,34.8161],[126.1433,34.8177],[126.1437,34.8181]]],[[[126.0687,34.8235],[126.0687,34.8269],[126.0702,34.8237],[126.0687,34.8235]]],[[[126.058,34.8308],[126.0598,34.8341],[126.0643,34.8298],[126.0624,34.8291],[126.058,34.8308]]],[[[126.1147,34.8831],[126.1309,34.8805],[126.1379,34.8752],[126.1401,34.8808],[126.144,34.881],[126.1453,34.8754],[126.1548,34.8692],[126.1579,34.862],[126.1498,34.8588],[126.1353,34.8623],[126.1348,34.8529],[126.1511,34.8454],[126.1486,34.839],[126.1396,34.835],[126.139,34.8303],[126.1435,34.8241],[126.1246,34.8359],[126.1217,34.8344],[126.1147,34.826],[126.1173,34.8169],[126.123,34.8125],[126.1184,34.8057],[126.119,34.8003],[126.0939,34.7966],[126.0912,34.8014],[126.0962,34.8053],[126.0906,34.815],[126.0738,34.823],[126.0763,34.8281],[126.0584,34.8496],[126.0752,34.8511],[126.0873,34.861],[126.0922,34.8554],[126.1022,34.8515],[126.1149,34.8507],[126.1201,34.8578],[126.1102,34.8649],[126.1124,34.8748],[126.1084,34.8795],[126.1147,34.8831]]],[[[126.054,34.8434],[126.0555,34.8461],[126.0587,34.8456],[126.0577,34.8424],[126.054,34.8434]]],[[[126.1156,34.8857],[126.1208,34.8889],[126.1243,34.8876],[126.1199,34.885],[126.1156,34.8857]]],[[[126.1048,34.8848],[126.1074,34.8895],[126.1118,34.8865],[126.1109,34.8849],[126.1048,34.8848]]],[[[126.0694,34.9373],[126.0802,34.9309],[126.076,34.9248],[126.0778,34.9214],[126.083,34.9264],[126.0812,34.9204],[126.0919,34.9232],[126.0906,34.9173],[126.0842,34.9125],[126.0985,34.9114],[126.0963,34.9043],[126.1041,34.9011],[126.0958,34.8753],[126.0853,34.8636],[126.0503,34.8534],[126.0459,34.85],[126.0476,34.8446],[126.0436,34.8428],[126.0319,34.8578],[126.0256,34.8595],[126.0236,34.8555],[126.0205,34.8608],[126.0171,34.8605],[126.0218,34.865],[126.0127,34.8629],[126.0087,34.8586],[125.9971,34.8649],[125.9938,34.8627],[125.9878,34.865],[125.9825,34.8614],[125.9739,34.8644],[125.98,34.8672],[125.9772,34.8724],[125.9755,34.8692],[125.968,34.8698],[125.9657,34.8734],[125.9678,34.8773],[125.9736,34.8752],[125.9893,34.8772],[125.9949,34.8828],[125.9921,34.8886],[125.9989,34.8892],[126.0054,34.8973],[126.0045,34.9016],[126.0105,34.9041],[126.0136,34.9135],[126.0178,34.9135],[126.0216,34.9087],[126.0312,34.9095],[126.0367,34.9153],[126.034,34.9193],[126.0369,34.9199],[126.0461,34.9119],[126.0526,34.9127],[126.0581,34.9202],[126.0528,34.92],[126.0502,34.9233],[126.0571,34.9251],[126.0585,34.9315],[126.0552,34.9387],[126.0605,34.9382],[126.0638,34.9338],[126.0694,34.9373]]],[[[126.0143,34.9241],[126.0209,34.9224],[126.0202,34.9194],[126.0143,34.9241]]],[[[126.0225,34.9297],[126.0191,34.9275],[126.0163,34.9313],[126.0205,34.9315],[126.0225,34.9297]]],[[[126.1164,34.948],[126.1155,34.9505],[126.1174,34.9484],[126.1164,34.948]]],[[[126.1224,34.9636],[126.1246,34.9613],[126.1222,34.962],[126.1224,34.9636]]],[[[126.1676,35.0193],[126.1819,34.9973],[126.1823,34.995],[126.179,34.9966],[126.1768,34.9937],[126.1832,34.9936],[126.1877,34.9865],[126.1879,34.977],[126.1746,34.946],[126.1702,34.948],[126.1696,34.9444],[126.1723,34.944],[126.158,34.9379],[126.1447,34.9414],[126.1407,34.9471],[126.1261,34.942],[126.1235,34.9509],[126.1352,34.9675],[126.1332,34.9895],[126.1362,34.9973],[126.1332,35.0014],[126.1225,34.9997],[126.1138,34.9925],[126.1121,34.9973],[126.1046,34.9941],[126.1029,34.9998],[126.0971,34.9998],[126.0989,35.0054],[126.1012,35.0083],[126.1076,35.0055],[126.1083,35.0095],[126.1138,35.0098],[126.1147,35.0184],[126.1265,35.0269],[126.1316,35.0236],[126.1326,35.0273],[126.1574,35.0263],[126.1676,35.0193]]],[[[126.0993,34.9988],[126.0971,34.997],[126.0964,34.9988],[126.0993,34.9988]]],[[[126.1021,35.0099],[126.1006,35.0151],[126.104,35.0136],[126.1021,35.0099]]],[[[126.1029,35.0172],[126.1043,35.0191],[126.1055,35.0171],[126.1029,35.0172]]],[[[126.1069,35.0192],[126.1103,35.0213],[126.1128,35.0203],[126.1095,35.0161],[126.1069,35.0192]]],[[[126.1114,35.0244],[126.1051,35.0259],[126.1133,35.0278],[126.1114,35.0244]]],[[[126.1258,35.0397],[126.1322,35.0421],[126.1333,35.04],[126.126,35.0373],[126.1258,35.0397]]],[[[126.1117,35.0529],[126.1145,35.0544],[126.1148,35.0529],[126.1117,35.0529]]],[[[126.1236,35.0648],[126.1209,35.064],[126.1217,35.0663],[126.1236,35.0648]]],[[[126.1365,35.0683],[126.1321,35.0667],[126.1327,35.0686],[126.1365,35.0683]]],[[[126.1286,35.072],[126.1308,35.0747],[126.1358,35.0706],[126.132,35.0701],[126.1286,35.072]]],[[[126.1447,35.078],[126.1478,35.0785],[126.1498,35.0728],[126.1483,35.0731],[126.1447,35.078]]],[[[126.1469,35.0837],[126.1419,35.0819],[126.1291,35.0843],[126.1342,35.0933],[126.1436,35.0937],[126.1466,35.0913],[126.1469,35.0837]]],[[[126.0347,35.0945],[126.0358,35.0915],[126.0316,35.0901],[126.0269,35.0758],[126.0234,35.0797],[126.0171,35.0785],[126.0188,35.0807],[126.0118,35.0863],[126.0096,35.0952],[126.0123,35.0998],[126.0175,35.1],[126.0161,35.1047],[126.0216,35.1021],[126.029,35.0916],[126.0347,35.0945]]],[[[126.0461,35.0959],[126.0471,35.0974],[126.0485,35.096],[126.0461,35.0959]]],[[[126.1325,35.1234],[126.1205,35.0995],[126.1236,35.0918],[126.1234,35.0758],[126.1157,35.0664],[126.1186,35.0613],[126.1162,35.0582],[126.1059,35.0568],[126.1086,35.049],[126.0968,35.0471],[126.0907,35.0521],[126.0758,35.0535],[126.0726,35.0598],[126.0743,35.0672],[126.0641,35.0649],[126.0631,35.0587],[126.0657,35.0562],[126.0635,35.0551],[126.0565,35.0565],[126.0587,35.0619],[126.0561,35.0631],[126.048,35.0611],[126.0432,35.0668],[126.0367,35.0651],[126.0371,35.0711],[126.0427,35.0702],[126.0458,35.0735],[126.0457,35.0774],[126.0407,35.0784],[126.0415,35.0853],[126.0511,35.0939],[126.0484,35.1026],[126.0711,35.1047],[126.0848,35.1116],[126.0979,35.1239],[126.1003,35.132],[126.1091,35.1327],[126.1139,35.1386],[126.1132,35.1438],[126.1414,35.1432],[126.1532,35.148],[126.1649,35.1459],[126.1575,35.1405],[126.1453,35.1374],[126.1325,35.1234]]],[[[126.037,35.098],[126.0395,35.101],[126.04,35.0986],[126.037,35.098]]],[[[126.066,35.1084],[126.0637,35.1061],[126.0566,35.1129],[126.0594,35.1136],[126.066,35.1084]]],[[[126.0503,35.1053],[126.0419,35.112],[126.0481,35.1165],[126.0489,35.1114],[126.0525,35.1099],[126.0503,35.1053]]],[[[126.1467,35.2015],[126.1295,35.2],[126.1275,35.1962],[126.1309,35.1917],[126.1219,35.1895],[126.1242,35.2022],[126.1287,35.2033],[126.1296,35.2004],[126.1562,35.2118],[126.1565,35.2082],[126.1467,35.2015]]],[[[126.1022,35.2559],[126.102,35.2475],[126.0967,35.2428],[126.0911,35.2436],[126.0894,35.246],[126.0922,35.2501],[126.1022,35.2559]]],[[[126.112,35.2575],[126.1198,35.2605],[126.1209,35.2596],[126.1147,35.2555],[126.112,35.2575]]],[[[126.0835,35.2564],[126.0887,35.2598],[126.0902,35.2591],[126.0835,35.2564]]],[[[126.1523,35.2908],[126.1544,35.2786],[126.1484,35.2711],[126.1378,35.2707],[126.1429,35.2767],[126.1324,35.2817],[126.1319,35.2896],[126.14,35.2938],[126.1418,35.3002],[126.1523,35.2908]]],[[[126.0289,35.3551],[126.0414,35.3463],[126.0313,35.3349],[126.0264,35.3364],[126.0141,35.3316],[126.0196,35.3395],[126.0169,35.3416],[126.0123,35.3397],[126.0089,35.3437],[126.0084,35.3475],[126.0112,35.3446],[126.0224,35.3446],[126.0233,35.3471],[126.0084,35.3556],[126.0005,35.3522],[125.9958,35.3565],[126.0061,35.3559],[126.0072,35.3591],[126.0207,35.3564],[126.0207,35.3644],[126.0295,35.3588],[126.0289,35.3551]]],[[[126.0543,35.3678],[126.0587,35.3696],[126.0606,35.3657],[126.0597,35.3649],[126.0543,35.3678]]],[[[126.1312,35.3704],[126.1326,35.3729],[126.1333,35.3726],[126.1312,35.3704]]],[[[126.0568,35.3722],[126.048,35.3709],[126.0455,35.3676],[126.0409,35.3707],[126.0447,35.3748],[126.0536,35.3757],[126.0569,35.3751],[126.0568,35.3722]]],[[[126.1593,34.2237],[126.1654,34.2256],[126.1655,34.2216],[126.1616,34.2204],[126.1593,34.2237]]],[[[126.1537,34.2225],[126.1504,34.2223],[126.1471,34.2264],[126.1514,34.2267],[126.1537,34.2225]]],[[[126.1619,34.2269],[126.1642,34.2287],[126.1649,34.2269],[126.1619,34.2269]]],[[[126.1872,34.2551],[126.1802,34.2476],[126.181,34.2372],[126.1748,34.2363],[126.1731,34.2439],[126.1821,34.2629],[126.1872,34.2551]]],[[[126.1733,34.2648],[126.1778,34.2611],[126.1726,34.264],[126.1733,34.2648]]],[[[126.3028,34.3216],[126.2991,34.3206],[126.2936,34.3252],[126.298,34.3251],[126.3028,34.3216]]],[[[126.3042,34.3279],[126.3017,34.3261],[126.297,34.3281],[126.2976,34.3347],[126.301,34.328],[126.3042,34.3279]]],[[[126.2142,34.3463],[126.213,34.3502],[126.2154,34.3488],[126.2142,34.3463]]],[[[126.2778,34.395],[126.2653,34.3974],[126.2595,34.389],[126.2602,34.3858],[126.2674,34.3844],[126.2651,34.3809],[126.2674,34.3781],[126.2463,34.3799],[126.2393,34.3705],[126.2342,34.3685],[126.2311,34.3746],[126.2292,34.3703],[126.2199,34.3672],[126.2087,34.3715],[126.2024,34.3707],[126.2129,34.3642],[126.2142,34.3603],[126.2063,34.3614],[126.2031,34.3576],[126.1882,34.3561],[126.1801,34.3507],[126.1817,34.3591],[126.1738,34.3528],[126.1629,34.3529],[126.1563,34.3567],[126.1593,34.3623],[126.1528,34.3664],[126.1447,34.3648],[126.1456,34.3596],[126.1417,34.3574],[126.1298,34.3593],[126.1319,34.3639],[126.1361,34.3643],[126.1345,34.3671],[126.1299,34.3656],[126.1373,34.3691],[126.1342,34.3741],[126.1455,34.3788],[126.1429,34.3847],[126.1302,34.3853],[126.1269,34.3789],[126.1171,34.379],[126.1092,34.395],[126.0971,34.4044],[126.089,34.4186],[126.0922,34.4228],[126.0973,34.4222],[126.0923,34.4262],[126.0957,34.4312],[126.1003,34.431],[126.0969,34.4364],[126.1109,34.4477],[126.1183,34.4495],[126.1228,34.4438],[126.128,34.4439],[126.1253,34.4471],[126.127,34.4525],[126.1182,34.4535],[126.1165,34.4599],[126.1397,34.4685],[126.1483,34.4775],[126.1725,34.4847],[126.1757,34.4915],[126.1731,34.4949],[126.1907,34.5146],[126.1948,34.5119],[126.1918,34.5099],[126.1885,34.4963],[126.1926,34.4942],[126.205,34.4959],[126.2076,34.5016],[126.2035,34.5066],[126.2005,34.5045],[126.1981,34.5099],[126.2106,34.5169],[126.2232,34.5164],[126.2239,34.5189],[126.2116,34.5267],[126.2201,34.5314],[126.2249,34.5302],[126.2256,34.5414],[126.228,34.536],[126.2373,34.537],[126.2372,34.5324],[126.2466,34.5319],[126.2439,34.5359],[126.2459,34.5397],[126.255,34.5368],[126.261,34.5482],[126.2551,34.5595],[126.2446,34.5679],[126.2394,34.5659],[126.2417,34.5738],[126.2396,34.5759],[126.2446,34.5802],[126.2382,34.5838],[126.2401,34.5871],[126.2502,34.5895],[126.2523,34.5842],[126.2577,34.5874],[126.2668,34.5822],[126.2803,34.5812],[126.2817,34.5773],[126.2912,34.5777],[126.2926,34.5728],[126.2978,34.5742],[126.3102,34.5631],[126.3029,34.5566],[126.3255,34.5412],[126.3265,34.5469],[126.332,34.5464],[126.3389,34.5516],[126.3417,34.55],[126.343,34.5482],[126.3384,34.5479],[126.337,34.5433],[126.3455,34.5424],[126.3482,34.5347],[126.3538,34.5325],[126.3512,34.5276],[126.3598,34.5267],[126.3679,34.5155],[126.3774,34.5126],[126.3771,34.5083],[126.3825,34.5036],[126.3729,34.5006],[126.373,34.4968],[126.38,34.4915],[126.3789,34.4867],[126.3839,34.4804],[126.379,34.4783],[126.3747,34.4853],[126.358,34.4806],[126.3605,34.4732],[126.3719,34.4721],[126.3713,34.4655],[126.3646,34.4634],[126.3582,34.4561],[126.3655,34.4429],[126.3517,34.4311],[126.3517,34.4264],[126.3425,34.4155],[126.3358,34.4146],[126.3367,34.4003],[126.3309,34.4006],[126.3275,34.3967],[126.3207,34.4047],[126.3275,34.4061],[126.3207,34.4129],[126.3267,34.4152],[126.3226,34.4166],[126.3201,34.4246],[126.3191,34.419],[126.3112,34.416],[126.3152,34.4004],[126.3029,34.4142],[126.301,34.4129],[126.3067,34.4028],[126.2997,34.4035],[126.2976,34.4085],[126.2927,34.4089],[126.2915,34.403],[126.2972,34.3979],[126.2896,34.3941],[126.2967,34.3908],[126.3025,34.3955],[126.3048,34.3887],[126.2966,34.3851],[126.2994,34.3826],[126.3069,34.3854],[126.3086,34.3829],[126.3054,34.3803],[126.3088,34.3739],[126.3047,34.3741],[126.299,34.3689],[126.292,34.3741],[126.289,34.3705],[126.2922,34.3665],[126.2881,34.3642],[126.2796,34.3713],[126.2843,34.3797],[126.284,34.388],[126.2898,34.3881],[126.2919,34.3912],[126.2843,34.3946],[126.2772,34.3904],[126.2778,34.395]]],[[[126.1689,34.4865],[126.1682,34.4897],[126.1692,34.4896],[126.1689,34.4865]]],[[[126.1696,34.5114],[126.1649,34.5066],[126.162,34.506],[126.1637,34.5118],[126.1696,34.5114]]],[[[126.2196,34.5335],[126.2191,34.5363],[126.2203,34.5354],[126.2196,34.5335]]],[[[126.2275,34.5525],[126.2239,34.5511],[126.219,34.553],[126.2241,34.5523],[126.2275,34.5525]]],[[[126.3092,34.5547],[126.3083,34.5562],[126.3105,34.5553],[126.3092,34.5547]]],[[[126.1514,34.5698],[126.1557,34.5644],[126.1465,34.5634],[126.1463,34.5688],[126.1514,34.5698]]],[[[126.1998,34.566],[126.1976,34.5663],[126.1968,34.5683],[126.199,34.5687],[126.1998,34.566]]],[[[126.1981,34.5723],[126.1956,34.5699],[126.1934,34.5709],[126.1981,34.5723]]],[[[126.1875,34.5755],[126.1948,34.5825],[126.2,34.5822],[126.1963,34.5738],[126.1875,34.5755]]],[[[126.1845,34.5832],[126.1859,34.5864],[126.1884,34.5847],[126.1845,34.5832]]],[[[126.3069,34.5872],[126.2997,34.5812],[126.297,34.5819],[126.3011,34.5885],[126.3069,34.5872]]],[[[126.186,34.6175],[126.1864,34.6123],[126.1824,34.6109],[126.1811,34.6184],[126.186,34.6175]]],[[[126.1751,34.6192],[126.1805,34.6177],[126.1775,34.6121],[126.1735,34.6159],[126.1751,34.6192]]],[[[126.1928,34.627],[126.2152,34.6261],[126.2192,34.6247],[126.2151,34.6231],[126.216,34.6178],[126.2129,34.6173],[126.1983,34.6206],[126.1928,34.627]]],[[[126.2038,34.6352],[126.206,34.6373],[126.2054,34.6349],[126.2038,34.6352]]],[[[126.1671,34.6665],[126.1844,34.6624],[126.1837,34.6548],[126.1884,34.6499],[126.185,34.6454],[126.1881,34.6405],[126.1851,34.6388],[126.2013,34.6429],[126.2026,34.6349],[126.1879,34.6308],[126.1778,34.6235],[126.1778,34.6202],[126.1695,34.6209],[126.1619,34.6161],[126.1456,34.6187],[126.1383,34.6183],[126.1311,34.6129],[126.1216,34.6153],[126.1286,34.6209],[126.1191,34.6293],[126.1082,34.6466],[126.1174,34.6644],[126.1427,34.6743],[126.1562,34.6731],[126.1671,34.6665]]],[[[126.1868,34.6605],[126.1894,34.6638],[126.1901,34.6627],[126.1868,34.6605]]],[[[126.2092,34.6714],[126.2122,34.671],[126.2109,34.6688],[126.2094,34.669],[126.2092,34.6714]]],[[[126.1506,34.6769],[126.1524,34.6779],[126.1552,34.6748],[126.1506,34.6769]]],[[[126.1775,34.6725],[126.167,34.6799],[126.1609,34.68],[126.1615,34.6858],[126.156,34.6836],[126.1541,34.6883],[126.1691,34.6973],[126.177,34.6946],[126.1936,34.7098],[126.2038,34.7001],[126.1993,34.6949],[126.2013,34.6903],[126.1892,34.6769],[126.1775,34.6725]]],[[[126.268,34.6468],[126.2593,34.6534],[126.2626,34.6597],[126.255,34.6641],[126.26,34.676],[126.2549,34.6797],[126.2625,34.6852],[126.2579,34.6934],[126.2588,34.7005],[126.2612,34.7079],[126.2667,34.704],[126.2741,34.712],[126.2744,34.7181],[126.2802,34.7179],[126.275,34.7222],[126.2743,34.7287],[126.2839,34.7481],[126.2855,34.758],[126.2986,34.7626],[126.3158,34.7487],[126.3179,34.7514],[126.3252,34.7432],[126.3332,34.7408],[126.3354,34.7308],[126.3315,34.7276],[126.3312,34.7212],[126.3398,34.719],[126.3497,34.709],[126.3507,34.7033],[126.3389,34.6932],[126.3377,34.6848],[126.3605,34.6496],[126.3607,34.6385],[126.3686,34.64],[126.3705,34.637],[126.3735,34.6258],[126.3701,34.6047],[126.3737,34.6154],[126.3805,34.6177],[126.3889,34.6085],[126.3935,34.6097],[126.4032,34.6056],[126.4093,34.6074],[126.41,34.6009],[126.4349,34.5897],[126.4425,34.5895],[126.4518,34.5821],[126.4501,34.5896],[126.4651,34.5946],[126.4594,34.5977],[126.4361,34.5981],[126.4267,34.604],[126.4285,34.6137],[126.4053,34.6255],[126.4175,34.6364],[126.4148,34.638],[126.4056,34.6334],[126.405,34.6466],[126.4193,34.656],[126.4018,34.6454],[126.4035,34.63],[126.401,34.6276],[126.3938,34.6265],[126.3888,34.634],[126.3739,34.6437],[126.3611,34.6682],[126.3629,34.6736],[126.3882,34.6927],[126.3782,34.7089],[126.3734,34.7062],[126.3792,34.6951],[126.3752,34.6941],[126.376,34.6886],[126.3635,34.6792],[126.355,34.6768],[126.3446,34.6857],[126.3473,34.6947],[126.3522,34.6968],[126.3608,34.6945],[126.3682,34.6989],[126.3755,34.7146],[126.3844,34.7201],[126.3885,34.731],[126.3666,34.7381],[126.3626,34.7435],[126.3653,34.7491],[126.3691,34.7478],[126.3804,34.7528],[126.3795,34.7568],[126.3747,34.756],[126.3818,34.7637],[126.3792,34.767],[126.4492,34.7832],[126.4415,34.7994],[126.4251,34.7922],[126.4135,34.7924],[126.4144,34.7884],[126.3885,34.7801],[126.3884,34.7856],[126.3824,34.7794],[126.3689,34.7808],[126.3662,34.7886],[126.3497,34.7965],[126.358,34.8038],[126.36,34.7996],[126.3646,34.8033],[126.3624,34.8067],[126.3865,34.8296],[126.3881,34.8369],[126.3966,34.8382],[126.4001,34.8444],[126.4124,34.8427],[126.4054,34.8495],[126.4069,34.852],[126.4015,34.8609],[126.4035,34.8641],[126.3947,34.8693],[126.4015,34.8802],[126.3917,34.8826],[126.3863,34.8779],[126.3902,34.8848],[126.389,34.8894],[126.3936,34.8947],[126.3913,34.8998],[126.3999,34.8995],[126.4046,34.9102],[126.4031,34.9148],[126.3916,34.92],[126.3894,34.9274],[126.3984,34.935],[126.3901,34.9391],[126.3873,34.9446],[126.3935,34.9639],[126.3789,34.9712],[126.3799,34.9877],[126.3738,34.989],[126.3721,34.9992],[126.3678,34.9956],[126.3663,34.9859],[126.371,34.973],[126.3614,34.9719],[126.3597,34.9685],[126.3606,34.9634],[126.3684,34.963],[126.3746,34.9559],[126.3658,34.9431],[126.3749,34.9427],[126.3667,34.9326],[126.3691,34.9196],[126.3532,34.9221],[126.351,34.9168],[126.3431,34.9146],[126.3293,34.9158],[126.3277,34.9249],[126.3298,34.927],[126.3264,34.9305],[126.3219,34.9283],[126.3192,34.9319],[126.3114,34.9264],[126.3066,34.928],[126.3061,34.934],[126.3165,34.9374],[126.3212,34.9437],[126.3092,34.9487],[126.3067,34.9559],[126.3004,34.9582],[126.2948,34.9652],[126.2998,34.9768],[126.3038,34.9773],[126.305,34.9845],[126.3138,34.9885],[126.3153,34.9858],[126.31,34.9759],[126.3157,34.9751],[126.3195,34.9813],[126.3218,34.9732],[126.3272,34.9718],[126.328,34.967],[126.348,34.9758],[126.3505,34.9822],[126.3578,34.9841],[126.3586,34.9927],[126.3404,34.9972],[126.3348,34.9915],[126.3328,34.9938],[126.3893,35.0251],[126.3871,35.0382],[126.3803,35.0484],[126.3757,35.044],[126.371,35.047],[126.3581,35.0417],[126.3585,35.0386],[126.3516,35.0388],[126.3469,35.0486],[126.3474,35.0518],[126.3521,35.0525],[126.3491,35.0562],[126.3311,35.0614],[126.3402,35.0649],[126.3434,35.0724],[126.3325,35.0875],[126.3219,35.0888],[126.3167,35.0867],[126.3183,35.0781],[126.3118,35.0756],[126.3181,35.0703],[126.3051,35.0657],[126.3007,35.0611],[126.3115,35.0596],[126.3151,35.0551],[126.3033,35.0442],[126.2948,35.041],[126.3016,35.0466],[126.2908,35.0491],[126.2954,35.0547],[126.2849,35.0616],[126.277,35.054],[126.2601,35.0532],[126.2642,35.0424],[126.2742,35.0377],[126.2741,35.0339],[126.2665,35.0289],[126.2659,35.0223],[126.2559,35.0127],[126.2502,35.0117],[126.2429,35.0275],[126.2397,35.0218],[126.2415,35.0191],[126.2329,35.0172],[126.2271,35.0197],[126.2266,35.0234],[126.2316,35.026],[126.2282,35.0277],[126.2306,35.0354],[126.2276,35.0381],[126.2352,35.0442],[126.2327,35.0531],[126.2226,35.0578],[126.2072,35.0547],[126.2045,35.0569],[126.21,35.0454],[126.2098,35.0405],[126.2054,35.0395],[126.1992,35.0516],[126.1942,35.055],[126.2008,35.0585],[126.2042,35.0571],[126.2008,35.0618],[126.1824,35.0578],[126.1801,35.0664],[126.1727,35.0635],[126.1674,35.0724],[126.1651,35.0673],[126.1612,35.0667],[126.1599,35.0722],[126.1631,35.0737],[126.1656,35.0835],[126.157,35.0897],[126.1599,35.0989],[126.167,35.1038],[126.1732,35.1064],[126.178,35.1042],[126.1818,35.1093],[126.1903,35.1128],[126.2098,35.1032],[126.2179,35.1067],[126.2326,35.0985],[126.2363,35.1015],[126.2502,35.097],[126.2418,35.1061],[126.2477,35.1107],[126.2425,35.1112],[126.2396,35.1076],[126.2529,35.1304],[126.2519,35.1337],[126.259,35.1353],[126.2565,35.1401],[126.2613,35.1452],[126.2714,35.1456],[126.2704,35.1502],[126.2743,35.1508],[126.2799,35.1358],[126.287,35.1351],[126.2918,35.1416],[126.3183,35.1314],[126.3303,35.1411],[126.3302,35.1444],[126.3251,35.1469],[126.3263,35.1502],[126.3342,35.1493],[126.3459,35.1598],[126.3469,35.1371],[126.3427,35.1312],[126.3421,35.1214],[126.3444,35.1154],[126.3323,35.0933],[126.3436,35.092],[126.3488,35.0944],[126.3499,35.0998],[126.3532,35.0996],[126.351,35.0951],[126.3528,35.0876],[126.3498,35.0846],[126.3488,35.0879],[126.3429,35.0861],[126.3461,35.083],[126.3448,35.0773],[126.3492,35.0763],[126.3509,35.08],[126.3607,35.0753],[126.3647,35.0798],[126.3683,35.0774],[126.3643,35.0747],[126.368,35.0713],[126.3657,35.0652],[126.3704,35.062],[126.3816,35.0767],[126.3804,35.0823],[126.3888,35.0867],[126.3977,35.0836],[126.3898,35.0818],[126.3845,35.0667],[126.3908,35.0652],[126.3921,35.0718],[126.3984,35.0766],[126.4043,35.0707],[126.4076,35.06],[126.3992,35.0528],[126.4028,35.05],[126.3941,35.048],[126.3909,35.0432],[126.4016,35.0433],[126.3989,35.0335],[126.4024,35.0273],[126.4113,35.0299],[126.4168,35.027],[126.4263,35.0281],[126.4179,35.0419],[126.423,35.0482],[126.4413,35.0558],[126.452,35.0732],[126.4573,35.0744],[126.4358,35.0864],[126.4576,35.0899],[126.4647,35.0997],[126.4456,35.1059],[126.4206,35.1065],[126.403,35.1354],[126.3965,35.134],[126.3907,35.138],[126.3827,35.1526],[126.3723,35.1585],[126.3661,35.1676],[126.3593,35.1689],[126.3523,35.1815],[126.3397,35.1863],[126.3439,35.1901],[126.3623,35.1924],[126.3722,35.1989],[126.3788,35.2088],[126.3766,35.2118],[126.3605,35.1962],[126.3355,35.1912],[126.3218,35.1821],[126.307,35.1782],[126.304,35.1861],[126.2981,35.1881],[126.2997,35.1968],[126.3136,35.2098],[126.2996,35.2102],[126.2975,35.216],[126.299,35.2319],[126.3103,35.254],[126.3253,35.2431],[126.3334,35.2473],[126.3261,35.2475],[126.324,35.2526],[126.3283,35.2592],[126.3251,35.2624],[126.3321,35.2675],[126.3249,35.2707],[126.3234,35.2881],[126.3439,35.293],[126.3614,35.2903],[126.3778,35.3058],[126.3755,35.3119],[126.379,35.3197],[126.3783,35.329],[126.3872,35.343],[126.3872,35.3531],[126.3917,35.3561],[126.397,35.3689],[126.4036,35.369],[126.4045,35.3633],[126.4066,35.3657],[126.4136,35.3634],[126.4189,35.3652],[126.4276,35.3583],[126.4441,35.3556],[126.448,35.3486],[126.4463,35.3571],[126.4392,35.359],[126.4398,35.3613],[126.4311,35.3598],[126.4293,35.3676],[126.4191,35.3694],[126.4106,35.3755],[126.4102,35.3791],[126.4152,35.378],[126.4188,35.3832],[126.4079,35.3815],[126.4077,35.3887],[126.4021,35.3899],[126.4023,35.3972],[126.408,35.4007],[126.4048,35.4028],[126.4122,35.4051],[126.403,35.4041],[126.4033,35.4061],[126.4233,35.4306],[126.4274,35.4261],[126.4443,35.4309],[126.4535,35.4266],[126.4787,35.4242],[126.4928,35.4091],[126.4905,35.395],[126.4774,35.3862],[126.4824,35.3851],[126.486,35.3777],[126.4973,35.3734],[126.4937,35.3505],[126.4968,35.35],[126.5078,35.3614],[126.5128,35.362],[126.5204,35.3484],[126.5139,35.3274],[126.5208,35.325],[126.5243,35.3139],[126.5314,35.3074],[126.5505,35.3136],[126.5705,35.3107],[126.585,35.3008],[126.5896,35.312],[126.5813,35.3229],[126.586,35.3306],[126.5954,35.3292],[126.6043,35.3356],[126.6251,35.3213],[126.6447,35.3199],[126.6471,35.3242],[126.6442,35.3273],[126.6526,35.3277],[126.6594,35.3344],[126.6602,35.3442],[126.6667,35.3515],[126.6855,35.3446],[126.6915,35.3516],[126.6992,35.3496],[126.7046,35.3651],[126.7215,35.3662],[126.7311,35.3765],[126.7321,35.3834],[126.7296,35.3946],[126.7221,35.4],[126.7361,35.4032],[126.7485,35.4152],[126.754,35.4162],[126.7517,35.4361],[126.7428,35.4426],[126.7391,35.4504],[126.7495,35.4511],[126.7617,35.4649],[126.7725,35.4684],[126.8136,35.4688],[126.8139,35.4827],[126.8193,35.4859],[126.8261,35.4863],[126.8312,35.4801],[126.8403,35.4829],[126.8431,35.476],[126.8381,35.4646],[126.8396,35.4621],[126.8506,35.466],[126.8687,35.4614],[126.9047,35.4409],[126.8975,35.4356],[126.9037,35.43],[126.903,35.4211],[126.9207,35.4109],[126.9175,35.4021],[126.9336,35.4058],[126.9301,35.4003],[126.9355,35.3944],[126.9548,35.3967],[126.9634,35.3948],[126.9765,35.4001],[126.9762,35.4075],[126.9705,35.4176],[126.9704,35.4274],[126.9816,35.4265],[126.9852,35.4366],[126.9942,35.4398],[127.0,35.4616],[127.003,35.4632],[127.0144,35.4575],[127.0237,35.4635],[127.0346,35.4658],[127.037,35.4336],[127.044,35.4338],[127.0523,35.4269],[127.0456,35.4081],[127.0472,35.4028],[127.0422,35.3989],[127.0273,35.3999],[127.0273,35.3949],[127.0389,35.3846],[127.0391,35.38],[127.0464,35.3769],[127.0559,35.3849],[127.0649,35.3756],[127.0637,35.3699],[127.0703,35.3661],[127.0653,35.357],[127.0697,35.3517],[127.0673,35.3453],[127.0703,35.3397],[127.0625,35.3361],[127.0523,35.3402],[127.0511,35.3295],[127.0433,35.3218],[127.0516,35.3166],[127.0618,35.3171],[127.0656,35.3106],[127.0786,35.3109],[127.1055,35.2992],[127.126,35.3034],[127.13,35.3093],[127.1454,35.3091],[127.1466,35.3154],[127.1595,35.3266],[127.1713,35.333],[127.1729,35.3303],[127.1796,35.3324],[127.1816,35.338],[127.1861,35.3362],[127.1831,35.3301],[127.1868,35.3226],[127.2009,35.3158],[127.2157,35.3166],[127.2161,35.3296],[127.2197,35.3355],[127.2245,35.3366],[127.2324,35.3349],[127.2357,35.3291],[127.2595,35.3118],[127.2884,35.3142],[127.3085,35.3031],[127.3241,35.3065],[127.3309,35.3151],[127.3564,35.3213],[127.3746,35.3125],[127.3845,35.3033],[127.3985,35.3117],[127.4015,35.3251],[127.4155,35.3373],[127.4241,35.3524],[127.4372,35.3632],[127.4542,35.3607],[127.4728,35.3662],[127.4861,35.3584],[127.4956,35.3608],[127.5247,35.3449],[127.5305,35.3373],[127.5407,35.3344],[127.5438,35.3277],[127.5675,35.3188],[127.5774,35.309],[127.5771,35.2955],[127.5865,35.2864],[127.5958,35.2682],[127.61,35.2619],[127.6149,35.2503],[127.6131,35.2412],[127.6187,35.2368],[127.6209,35.223],[127.6209,35.2135],[127.6171,35.2096],[127.6214,35.1885],[127.6325,35.1753],[127.6406,35.1711],[127.6453,35.1613],[127.6597,35.1582],[127.6938,35.132],[127.6946,35.1031],[127.7065,35.0952],[127.7182,35.082],[127.7375,35.0781],[127.7422,35.0603],[127.7647,35.0567],[127.7687,35.0504],[127.772,35.0295],[127.7872,35.0172],[127.7783,34.9889],[127.7646,34.9781],[127.7603,34.9665],[127.7374,34.9552],[127.7333,34.9554],[127.7288,34.9632],[127.7311,34.9548],[127.71,34.9355],[127.7003,34.9311],[127.6965,34.9182],[127.6878,34.9243],[127.6932,34.917],[127.6732,34.9044],[127.6688,34.9084],[127.671,34.9031],[127.6507,34.8908],[127.64,34.8864],[127.6245,34.9019],[127.6193,34.9138],[127.6175,34.9161],[127.6149,34.9133],[127.613,34.921],[127.6076,34.9226],[127.6045,34.9281],[127.6045,34.9383],[127.6,34.9384],[127.5983,34.926],[127.5798,34.9218],[127.5788,34.9188],[127.5907,34.9191],[127.6142,34.8923],[127.5946,34.8796],[127.5917,34.8807],[127.5897,34.8749],[127.6044,34.8608],[127.6025,34.8579],[127.6076,34.8508],[127.6108,34.8495],[127.6142,34.8531],[127.6238,34.8442],[127.6364,34.8466],[127.6351,34.8386],[127.6269,34.8405],[127.6267,34.8298],[127.6319,34.8287],[127.639,34.8199],[127.6387,34.8311],[127.6429,34.8305],[127.6616,34.8445],[127.6701,34.837],[127.6755,34.8445],[127.674,34.8399],[127.6797,34.8446],[127.6951,34.8649],[127.6986,34.8594],[127.7204,34.8589],[127.7287,34.8634],[127.7359,34.8641],[127.729,34.8631],[127.7287,34.8598],[127.7432,34.8509],[127.7394,34.8621],[127.7486,34.8606],[127.762,34.8648],[127.7651,34.8644],[127.7623,34.8637],[127.7741,34.8608],[127.7799,34.8531],[127.7763,34.8547],[127.7718,34.8521],[127.7754,34.8474],[127.7749,34.8375],[127.7678,34.8313],[127.7673,34.825],[127.7745,34.8213],[127.7673,34.8182],[127.7683,34.8002],[127.7593,34.8002],[127.7569,34.7869],[127.7452,34.7772],[127.7544,34.7636],[127.7518,34.7547],[127.757,34.7522],[127.7528,34.7536],[127.7495,34.7506],[127.7519,34.7466],[127.7482,34.7472],[127.7559,34.7414],[127.7666,34.7467],[127.7687,34.744],[127.7626,34.7442],[127.75,34.7359],[127.7423,34.737],[127.7368,34.7323],[127.7344,34.7243],[127.7356,34.7225],[127.7248,34.7263],[127.7029,34.7204],[127.6983,34.721],[127.7001,34.7237],[127.6958,34.7274],[127.6781,34.7357],[127.6818,34.7388],[127.6805,34.7416],[127.6664,34.7485],[127.6631,34.7406],[127.6659,34.7482],[127.662,34.7517],[127.6626,34.7567],[127.6573,34.755],[127.6585,34.7462],[127.6528,34.7445],[127.6511,34.7372],[127.6413,34.7268],[127.6393,34.7151],[127.6429,34.7066],[127.6262,34.7119],[127.6285,34.7171],[127.6252,34.7182],[127.621,34.7128],[127.6222,34.7081],[127.6168,34.7095],[127.6138,34.7066],[127.6279,34.6964],[127.6224,34.6908],[127.6234,34.6873],[127.6317,34.6833],[127.6345,34.6857],[127.6394,34.6835],[127.6315,34.68],[127.6189,34.6845],[127.6174,34.683],[127.6332,34.6702],[127.6317,34.6653],[127.6354,34.6615],[127.6298,34.6505],[127.6426,34.6504],[127.6402,34.6459],[127.6344,34.6459],[127.6404,34.6439],[127.6333,34.6362],[127.6432,34.6338],[127.6462,34.6289],[127.6444,34.6273],[127.6358,34.6261],[127.634,34.6326],[127.6248,34.6299],[127.6252,34.6345],[127.6151,34.6432],[127.5894,34.6518],[127.5749,34.6478],[127.5828,34.6308],[127.5802,34.6307],[127.5746,34.6356],[127.5677,34.6501],[127.5601,34.6576],[127.5534,34.6585],[127.5524,34.6693],[127.5603,34.6709],[127.5635,34.6752],[127.5503,34.6818],[127.5527,34.6937],[127.5583,34.6938],[127.5562,34.6961],[127.5595,34.7004],[127.5737,34.699],[127.5812,34.6937],[127.5721,34.7037],[127.5641,34.7013],[127.5617,34.7081],[127.5579,34.7018],[127.5531,34.7006],[127.5557,34.7123],[127.5484,34.7111],[127.5509,34.7177],[127.5638,34.7242],[127.5634,34.7278],[127.5594,34.728],[127.5611,34.732],[127.5671,34.7281],[127.5786,34.733],[127.5778,34.7389],[127.5828,34.7398],[127.5826,34.7456],[127.6039,34.7434],[127.5922,34.7504],[127.5841,34.7503],[127.5902,34.7565],[127.5831,34.7688],[127.5792,34.7609],[127.5727,34.7601],[127.5751,34.7696],[127.5717,34.7744],[127.5594,34.7773],[127.5634,34.7806],[127.5705,34.7788],[127.5727,34.7829],[127.5695,34.7826],[127.5666,34.7911],[127.5586,34.7963],[127.5607,34.8025],[127.5572,34.8068],[127.5463,34.8102],[127.5436,34.8059],[127.5382,34.8053],[127.5318,34.8062],[127.527,34.811],[127.5229,34.8098],[127.5257,34.8225],[127.5384,34.8318],[127.5434,34.8421],[127.5329,34.8413],[127.5323,34.8359],[127.5323,34.8417],[127.5256,34.8453],[127.5222,34.8589],[127.5148,34.8697],[127.5181,34.8807],[127.5121,34.8812],[127.5144,34.8781],[127.5044,34.8744],[127.5008,34.8771],[127.4958,34.8745],[127.4909,34.8767],[127.4905,34.8697],[127.4882,34.8695],[127.4944,34.8671],[127.495,34.8609],[127.4899,34.8573],[127.4924,34.8466],[127.4858,34.8417],[127.4669,34.8447],[127.4472,34.8367],[127.4399,34.8364],[127.4342,34.8398],[127.4324,34.8357],[127.4197,34.8309],[127.4164,34.8325],[127.417,34.8304],[127.4009,34.8251],[127.3893,34.8288],[127.3824,34.8361],[127.3677,34.8351],[127.3535,34.8391],[127.3659,34.8314],[127.383,34.8267],[127.392,34.8145],[127.4104,34.8156],[127.42,34.8113],[127.4244,34.8152],[127.4275,34.8139],[127.418,34.8094],[127.4127,34.8025],[127.395,34.7963],[127.3899,34.7864],[127.3934,34.7835],[127.3887,34.7853],[127.3867,34.779],[127.3696,34.7787],[127.3878,34.7748],[127.393,34.7767],[127.4023,34.7666],[127.3973,34.7568],[127.3806,34.7506],[127.3733,34.7415],[127.3795,34.734],[127.379,34.7274],[127.3924,34.7193],[127.3872,34.7153],[127.3964,34.7071],[127.4016,34.7085],[127.4066,34.7046],[127.4147,34.707],[127.4227,34.7014],[127.4326,34.7017],[127.4403,34.6976],[127.4448,34.6906],[127.4451,34.6969],[127.452,34.695],[127.4533,34.69],[127.4478,34.6876],[127.4487,34.6828],[127.4436,34.6823],[127.4302,34.6903],[127.4202,34.7014],[127.4021,34.7029],[127.4243,34.6914],[127.4335,34.6797],[127.4299,34.6751],[127.4402,34.6797],[127.447,34.6743],[127.4495,34.6715],[127.4456,34.6624],[127.4576,34.6692],[127.4573,34.6664],[127.4668,34.6622],[127.4669,34.6649],[127.4716,34.6657],[127.4649,34.6656],[127.4625,34.6708],[127.4724,34.6737],[127.4776,34.6719],[127.4772,34.6662],[127.4727,34.6638],[127.4756,34.6625],[127.4753,34.6568],[127.4813,34.6517],[127.4881,34.6515],[127.4921,34.6434],[127.4875,34.6421],[127.4769,34.6464],[127.4723,34.6409],[127.4675,34.6425],[127.4636,34.6492],[127.4592,34.6458],[127.462,34.6407],[127.4746,34.6356],[127.4838,34.6369],[127.4916,34.6326],[127.4925,34.6364],[127.4968,34.6321],[127.4946,34.6266],[127.4988,34.619],[127.4972,34.6155],[127.503,34.6107],[127.5085,34.5926],[127.4971,34.5902],[127.4966,34.5857],[127.4867,34.5784],[127.4877,34.5736],[127.4809,34.5784],[127.4759,34.5781],[127.476,34.5734],[127.4649,34.5782],[127.4605,34.5811],[127.4593,34.5888],[127.4617,34.5908],[127.4581,34.5914],[127.4579,34.5845],[127.4446,34.5766],[127.433,34.5825],[127.4334,34.5884],[127.4188,34.5823],[127.4108,34.5899],[127.3955,34.5869],[127.3941,34.5813],[127.3991,34.5762],[127.4087,34.5799],[127.4043,34.5691],[127.4149,34.5689],[127.4199,34.5731],[127.4266,34.5709],[127.4297,34.5657],[127.4206,34.5672],[127.421,34.5638],[127.4062,34.5607],[127.4026,34.5631],[127.4067,34.5663],[127.4041,34.5687],[127.3963,34.5638],[127.3965,34.5597],[127.4101,34.5555],[127.4138,34.5587],[127.4177,34.5585],[127.415,34.5565],[127.4171,34.5551],[127.4234,34.5567],[127.4172,34.5522],[127.4305,34.5552],[127.4262,34.551],[127.427,34.5475],[127.4328,34.5523],[127.4382,34.5487],[127.4327,34.5432],[127.4266,34.5431],[127.4279,34.5401],[127.4353,34.54],[127.436,34.5363],[127.4285,34.5369],[127.427,34.5309],[127.4234,34.5293],[127.4265,34.5211],[127.4313,34.5195],[127.4253,34.5173],[127.4308,34.5132],[127.4254,34.5114],[127.4134,34.5214],[127.404,34.5152],[127.4073,34.5122],[127.404,34.505],[127.3936,34.5049],[127.3926,34.509],[127.3889,34.5097],[127.3857,34.505],[127.3801,34.5038],[127.3915,34.4885],[127.3868,34.4833],[127.3834,34.4857],[127.3824,34.4786],[127.3781,34.4872],[127.3708,34.4799],[127.3584,34.4915],[127.354,34.4897],[127.3512,34.4809],[127.344,34.4834],[127.3406,34.4894],[127.3414,34.4848],[127.3383,34.4831],[127.3413,34.4809],[127.3315,34.4757],[127.3252,34.4765],[127.3376,34.4678],[127.3327,34.4634],[127.3309,34.4675],[127.3234,34.4702],[127.3191,34.4677],[127.3199,34.4631],[127.317,34.4636],[127.3191,34.4616],[127.3269,34.4621],[127.3394,34.4546],[127.3389,34.4455],[127.3276,34.4413],[127.3189,34.4421],[127.3107,34.4499],[127.3046,34.4497],[127.3057,34.4545],[127.3161,34.4539],[127.3088,34.458],[127.31,34.4619],[127.3019,34.4576],[127.3036,34.4643],[127.2974,34.4633],[127.3007,34.4703],[127.2929,34.4706],[127.2808,34.4805],[127.2767,34.4782],[127.2676,34.4822],[127.2736,34.4925],[127.2827,34.4912],[127.278,34.4953],[127.2829,34.4975],[127.268,34.511],[127.2593,34.5132],[127.2554,34.5205],[127.2455,34.5219],[127.2453,34.5145],[127.2304,34.5178],[127.2334,34.5248],[127.2257,34.5258],[127.2202,34.534],[127.2147,34.5241],[127.2094,34.5267],[127.2118,34.5164],[127.2081,34.5167],[127.2071,34.521],[127.1944,34.5324],[127.1787,34.5309],[127.1737,34.5264],[127.1762,34.5242],[127.1729,34.5202],[127.1665,34.5259],[127.1534,34.5239],[127.1519,34.5261],[127.1458,34.521],[127.1211,34.5301],[127.1213,34.5409],[127.1121,34.5462],[127.1132,34.5593],[127.1284,34.5733],[127.1357,34.5736],[127.1327,34.5783],[127.1443,34.584],[127.1423,34.5899],[127.1485,34.6007],[127.1503,34.5942],[127.1596,34.5912],[127.1708,34.5945],[127.1673,34.6025],[127.1724,34.6064],[127.1724,34.6271],[127.1785,34.6301],[127.1896,34.6437],[127.1952,34.6452],[127.1962,34.6517],[127.2029,34.6383],[127.198,34.5967],[127.2041,34.5927],[127.2162,34.5911],[127.2261,34.5846],[127.2132,34.5936],[127.2018,34.597],[127.2076,34.6287],[127.2241,34.6359],[127.2326,34.6786],[127.2437,34.685],[127.2365,34.6929],[127.2415,34.6934],[127.2394,34.6981],[127.2476,34.7022],[127.2461,34.7057],[127.2534,34.7049],[127.2513,34.712],[127.2586,34.7124],[127.2624,34.7159],[127.2689,34.7123],[127.275,34.7197],[127.2809,34.7187],[127.2772,34.7117],[127.2821,34.706],[127.2802,34.6997],[127.287,34.696],[127.2864,34.6911],[127.2806,34.6868],[127.2795,34.673],[127.2862,34.6705],[127.2866,34.6675],[127.2974,34.6691],[127.3146,34.6652],[127.3196,34.672],[127.3202,34.6786],[127.3173,34.6817],[127.327,34.6895],[127.3319,34.7071],[127.344,34.7095],[127.3431,34.716],[127.3386,34.7132],[127.3326,34.7148],[127.3284,34.7279],[127.3269,34.7516],[127.3153,34.7529],[127.3036,34.7496],[127.2927,34.7306],[127.2858,34.7359],[127.2775,34.734],[127.2788,34.738],[127.272,34.7416],[127.2643,34.7319],[127.2603,34.7325],[127.2524,34.7418],[127.2463,34.7608],[127.2375,34.7592],[127.2435,34.761],[127.2435,34.7752],[127.2392,34.7739],[127.2347,34.7633],[127.2288,34.7635],[127.2299,34.7584],[127.2354,34.7586],[127.2296,34.7577],[127.2094,34.7376],[127.2116,34.7309],[127.2063,34.7189],[127.1872,34.6959],[127.178,34.6913],[127.1439,34.6926],[127.1357,34.7001],[127.128,34.7024],[127.1147,34.6934],[127.1113,34.6808],[127.1072,34.6768],[127.0996,34.6749],[127.0956,34.6696],[127.0646,34.6605],[127.0629,34.6511],[127.0466,34.6347],[127.0397,34.6362],[127.0284,34.6279],[127.012,34.6246],[126.9846,34.6279],[126.9638,34.6261],[126.9667,34.6234],[126.9937,34.6238],[126.9945,34.6146],[127.0093,34.6077],[127.0083,34.6049],[126.9999,34.6042],[126.9999,34.5977],[126.9933,34.594],[126.9926,34.5823],[126.9793,34.574],[126.9855,34.5689],[126.9971,34.5665],[127.0047,34.5699],[127.0044,34.5558],[126.9977,34.5623],[126.989,34.5618],[126.9866,34.5558],[126.9901,34.5529],[126.9862,34.5463],[126.989,34.5403],[126.9722,34.543],[126.9598,34.5309],[126.965,34.5231],[126.9716,34.5257],[126.9738,34.5238],[126.973,34.5171],[126.9783,34.5114],[126.968,34.5097],[126.9689,34.5048],[126.9622,34.5014],[126.9668,34.4918],[126.9766,34.4873],[126.9785,34.4708],[126.9681,34.4783],[126.9621,34.4693],[126.9569,34.4685],[126.945,34.4832],[126.9413,34.4824],[126.9378,34.4759],[126.9415,34.4624],[126.9473,34.4567],[126.9379,34.4477],[126.9329,34.4468],[126.9273,34.4481],[126.9256,34.4527],[126.8731,34.4561],[126.887,34.4336],[126.885,34.4218],[126.8749,34.4356],[126.8679,34.4392],[126.8652,34.4339],[126.861,34.4412],[126.8469,34.4477],[126.8451,34.4513],[126.8425,34.4481],[126.8388,34.4499],[126.8391,34.4531],[126.8294,34.4476],[126.818,34.449],[126.8106,34.4548],[126.8067,34.4504],[126.8043,34.4588],[126.8087,34.4681],[126.7913,34.4664],[126.785,34.4692],[126.7873,34.4774],[126.7969,34.4804],[126.795,34.4884],[126.7918,34.4889],[126.7915,34.51],[126.7866,34.5125],[126.7913,34.5286],[126.7903,34.5408],[126.7952,34.5471],[126.7913,34.5475],[126.7888,34.5537],[126.7939,34.5676],[126.7857,34.5771],[126.7898,34.5816],[126.7885,34.5864],[126.7804,34.5902],[126.7776,34.595],[126.7818,34.5979],[126.7783,34.6176],[126.7818,34.6329],[126.779,34.6237],[126.77,34.616],[126.7716,34.5967],[126.7658,34.563],[126.7685,34.5549],[126.7646,34.5454],[126.7684,34.5417],[126.7643,34.5403],[126.7642,34.5331],[126.773,34.5288],[126.7733,34.5254],[126.7591,34.526],[126.7617,34.5029],[126.7661,34.4984],[126.7586,34.4955],[126.7607,34.4912],[126.7515,34.4918],[126.7385,34.486],[126.7494,34.473],[126.754,34.4751],[126.7536,34.4716],[126.7482,34.4719],[126.7251,34.4422],[126.7189,34.4448],[126.7136,34.443],[126.7138,34.4391],[126.6978,34.4399],[126.6812,34.4262],[126.6746,34.4275],[126.6784,34.4222],[126.6776,34.4161],[126.6737,34.4156],[126.6631,34.426],[126.66,34.4221],[126.6634,34.4209],[126.6521,34.4215],[126.6517,34.4175],[126.6471,34.4176],[126.6461,34.4083],[126.6349,34.4115],[126.6349,34.4067],[126.6284,34.4018],[126.6243,34.4077],[126.6191,34.4035],[126.6215,34.3932],[126.6127,34.3863],[126.6146,34.38],[126.6231,34.3777],[126.6194,34.3737],[126.6214,34.3593],[126.6026,34.3487],[126.6111,34.3419],[126.6042,34.3383],[126.6016,34.3199],[126.606,34.3147],[126.5968,34.3124],[126.5862,34.3197],[126.5591,34.3218],[126.5523,34.3164],[126.5447,34.3031],[126.5292,34.3006],[126.5285,34.2936],[126.525,34.2921],[126.5188,34.2958],[126.515,34.3065],[126.5192,34.3134],[126.5121,34.3191],[126.5209,34.3242],[126.5269,34.3341],[126.5202,34.3448],[126.5199,34.3608],[126.5106,34.3651],[126.5027,34.3648],[126.4989,34.3577],[126.4904,34.3592],[126.4763,34.3481],[126.4746,34.3506],[126.4714,34.3487],[126.4702,34.3546],[126.4656,34.3578],[126.4647,34.3623],[126.468,34.3637],[126.4764,34.3557],[126.4811,34.3586],[126.476,34.3649],[126.4818,34.362],[126.4868,34.3645],[126.4754,34.3728],[126.481,34.3738],[126.4808,34.3765],[126.4734,34.3782],[126.481,34.3828],[126.4747,34.3818],[126.471,34.3844],[126.4818,34.3853],[126.4834,34.3895],[126.4968,34.3859],[126.497,34.389],[126.4889,34.396],[126.4869,34.4084],[126.5051,34.4054],[126.5167,34.4144],[126.508,34.4267],[126.5138,34.4335],[126.5084,34.4395],[126.5001,34.4364],[126.4972,34.4312],[126.4844,34.4337],[126.4824,34.4254],[126.4765,34.4266],[126.4663,34.441],[126.4542,34.4487],[126.4645,34.4544],[126.4707,34.448],[126.4768,34.4502],[126.4674,34.4567],[126.471,34.4693],[126.4678,34.4708],[126.4625,34.4678],[126.4551,34.4775],[126.4556,34.4821],[126.465,34.4843],[126.4608,34.4893],[126.4559,34.4889],[126.4622,34.4959],[126.4558,34.5013],[126.4714,34.507],[126.4623,34.5199],[126.4557,34.5196],[126.4568,34.5233],[126.4453,34.5213],[126.4399,34.5239],[126.4447,34.5286],[126.4511,34.5279],[126.4601,34.5321],[126.443,34.5391],[126.4335,34.5346],[126.4381,34.5401],[126.4337,34.5393],[126.436,34.5499],[126.4302,34.5553],[126.4199,34.5542],[126.4169,34.5468],[126.4049,34.5468],[126.4016,34.5441],[126.4042,34.5402],[126.4025,34.5378],[126.3869,34.5321],[126.3782,34.539],[126.3892,34.551],[126.3843,34.5531],[126.3833,34.5617],[126.377,34.562],[126.3751,34.5585],[126.3625,34.5608],[126.3549,34.567],[126.3341,34.5731],[126.3138,34.5666],[126.3073,34.5723],[126.3091,34.5765],[126.3048,34.5751],[126.3036,34.5775],[126.3126,34.5877],[126.2992,34.5901],[126.297,34.5927],[126.2988,34.5984],[126.2954,34.6006],[126.2921,34.5918],[126.28,34.5954],[126.2826,34.6041],[126.2876,34.6052],[126.2805,34.6109],[126.2626,34.6088],[126.2589,34.6121],[126.2647,34.6114],[126.2695,34.6153],[126.2795,34.6123],[126.2832,34.6171],[126.2804,34.6221],[126.2933,34.6295],[126.2888,34.6356],[126.2853,34.6298],[126.2773,34.6303],[126.2596,34.6412],[126.2597,34.6454],[126.2671,34.6434],[126.268,34.6468]],[[126.5078,34.712],[126.4933,34.7113],[126.4771,34.72],[126.4703,34.7188],[126.4769,34.7272],[126.4758,34.7347],[126.4718,34.7377],[126.4639,34.736],[126.4571,34.7278],[126.4504,34.7309],[126.4485,34.7342],[126.4528,34.7364],[126.4496,34.7371],[126.442,34.7323],[126.4406,34.728],[126.4236,34.7265],[126.4272,34.7336],[126.4362,34.7308],[126.4488,34.7434],[126.4394,34.7373],[126.4294,34.7391],[126.4279,34.744],[126.4189,34.7376],[126.4012,34.7388],[126.3908,34.7302],[126.3882,34.7203],[126.4219,34.7134],[126.4192,34.7049],[126.4256,34.7027],[126.4398,34.7101],[126.4527,34.7063],[126.4576,34.6973],[126.4512,34.6864],[126.4714,34.6591],[126.4917,34.6511],[126.5023,34.6535],[126.5256,34.6345],[126.5039,34.6568],[126.4886,34.6561],[126.4795,34.6613],[126.4762,34.6681],[126.4792,34.6798],[126.4942,34.6656],[126.5061,34.66],[126.5427,34.6549],[126.5695,34.6439],[126.5788,34.6356],[126.6208,34.6294],[126.6226,34.6325],[126.5806,34.6385],[126.5381,34.6655],[126.5431,34.6711],[126.5532,34.6723],[126.5594,34.6785],[126.5614,34.6827],[126.5559,34.6841],[126.5514,34.6789],[126.5529,34.6744],[126.5417,34.6717],[126.536,34.6677],[126.5243,34.6723],[126.5099,34.6881],[126.5273,34.6887],[126.5101,34.6928],[126.4953,34.7087],[126.5078,34.712]]],[[[126.2416,34.6976],[126.241,34.7006],[126.244,34.7003],[126.2442,34.6981],[126.2416,34.6976]]],[[[126.2904,34.778],[126.2956,34.784],[126.3016,34.7806],[126.3002,34.7768],[126.2904,34.778]]],[[[126.1717,34.8242],[126.1739,34.8242],[126.1747,34.8225],[126.1733,34.8224],[126.1717,34.8242]]],[[[126.3041,34.8422],[126.3071,34.8433],[126.3096,34.8424],[126.3057,34.8377],[126.3041,34.8422]]],[[[126.2915,34.8468],[126.2948,34.8492],[126.2919,34.8448],[126.2915,34.8468]]],[[[126.216,34.8487],[126.2167,34.852],[126.2235,34.8504],[126.2207,34.8475],[126.216,34.8487]]],[[[126.1548,34.8576],[126.1577,34.8563],[126.1572,34.8553],[126.1548,34.8576]]],[[[126.3053,34.9159],[126.3176,34.9065],[126.3212,34.9078],[126.3192,34.9132],[126.3372,34.9086],[126.3406,34.9016],[126.3517,34.8984],[126.3495,34.8872],[126.3453,34.8944],[126.3371,34.8934],[126.3349,34.8866],[126.3264,34.8917],[126.3265,34.8823],[126.3299,34.8793],[126.3195,34.8837],[126.313,34.879],[126.3257,34.8731],[126.3156,34.8666],[126.321,34.8622],[126.3543,34.8647],[126.3627,34.8565],[126.3679,34.8575],[126.3716,34.8433],[126.3656,34.84],[126.3655,34.8362],[126.3714,34.839],[126.3734,34.8331],[126.3658,34.8314],[126.3676,34.824],[126.3612,34.8227],[126.3576,34.8146],[126.35,34.8135],[126.3431,34.8185],[126.3382,34.8162],[126.3275,34.8216],[126.327,34.8249],[126.336,34.8268],[126.3369,34.8337],[126.3458,34.8354],[126.3439,34.8421],[126.3365,34.8396],[126.3343,34.8484],[126.3286,34.8511],[126.3206,34.8505],[126.3164,34.8461],[126.3126,34.8533],[126.2956,34.8514],[126.2915,34.855],[126.2766,34.8557],[126.2724,34.8478],[126.2622,34.8401],[126.2551,34.8402],[126.2409,34.8477],[126.2266,34.8475],[126.2329,34.8648],[126.2434,34.8587],[126.2642,34.8593],[126.2694,34.8729],[126.2739,34.8641],[126.2793,34.8634],[126.2816,34.8676],[126.2782,34.8732],[126.2804,34.8865],[126.2865,34.8871],[126.2926,34.8813],[126.3037,34.8872],[126.2952,34.9015],[126.2911,34.9013],[126.2805,34.9104],[126.2964,34.922],[126.3054,34.9195],[126.3053,34.9159]]],[[[126.1808,34.8815],[126.1816,34.8783],[126.1807,34.8776],[126.1802,34.8784],[126.1808,34.8815]]],[[[126.1689,34.8751],[126.1649,34.8847],[126.169,34.8843],[126.1689,34.8751]]],[[[126.1676,34.8889],[126.168,34.8922],[126.1701,34.8909],[126.1676,34.8889]]],[[[126.1639,34.8897],[126.1626,34.8925],[126.1644,34.8903],[126.1639,34.8897]]],[[[126.1784,34.9033],[126.1807,34.8988],[126.1897,34.8955],[126.189,34.8898],[126.1758,34.8804],[126.1726,34.8878],[126.1803,34.8922],[126.175,34.9008],[126.1784,34.9033]]],[[[126.2196,34.8913],[126.2195,34.8932],[126.2225,34.8926],[126.2196,34.8913]]],[[[126.1732,34.8963],[126.1684,34.8976],[126.1683,34.9],[126.1712,34.8993],[126.1732,34.8963]]],[[[126.2026,34.9001],[126.2008,34.8981],[126.1971,34.8996],[126.1987,34.9008],[126.2026,34.9001]]],[[[126.2625,34.9036],[126.2614,34.9024],[126.2583,34.9032],[126.2625,34.9036]]],[[[126.2747,34.9143],[126.2772,34.914],[126.2764,34.9121],[126.2759,34.9121],[126.2747,34.9143]]],[[[126.1692,34.9163],[126.1661,34.9189],[126.1656,34.9236],[126.173,34.9188],[126.1692,34.9163]]],[[[126.2896,34.9206],[126.2888,34.9224],[126.2916,34.923],[126.2896,34.9206]]],[[[126.2539,34.933],[126.2514,34.9204],[126.255,34.9134],[126.2458,34.9171],[126.2341,34.9094],[126.2201,34.9187],[126.2195,34.9241],[126.2275,34.9376],[126.2387,34.933],[126.25,34.9352],[126.2539,34.933]]],[[[126.1771,34.928],[126.1718,34.9224],[126.1706,34.9231],[126.1719,34.9269],[126.1771,34.928]]],[[[126.1548,34.9275],[126.1522,34.9262],[126.1501,34.9268],[126.1513,34.9288],[126.1548,34.9275]]],[[[126.276,34.9265],[126.2757,34.9307],[126.2782,34.9302],[126.276,34.9265]]],[[[126.1718,34.9321],[126.1766,34.9325],[126.1766,34.9288],[126.1718,34.9321]]],[[[126.2751,34.9341],[126.2769,34.9314],[126.2736,34.9326],[126.2751,34.9341]]],[[[126.1784,34.9387],[126.182,34.9398],[126.1786,34.9364],[126.1784,34.9387]]],[[[126.2726,34.9384],[126.27,34.939],[126.2687,34.9408],[126.2698,34.9411],[126.2726,34.9384]]],[[[126.2768,34.9459],[126.2753,34.944],[126.2727,34.9449],[126.2741,34.9467],[126.2768,34.9459]]],[[[126.2522,34.9515],[126.256,34.9452],[126.2535,34.9425],[126.2508,34.9431],[126.2522,34.9515]]],[[[126.2275,34.9678],[126.2164,34.952],[126.2127,34.9366],[126.2145,34.9334],[126.1994,34.916],[126.1902,34.9172],[126.1877,34.922],[126.1929,34.9222],[126.188,34.9461],[126.2041,34.9833],[126.2071,34.9861],[126.2292,34.9847],[126.2275,34.9678]]],[[[126.247,34.9546],[126.2478,34.9472],[126.2434,34.9444],[126.2346,34.9455],[126.2337,34.9499],[126.23,34.9511],[126.2387,34.958],[126.247,34.9546]]],[[[126.2736,34.9701],[126.2888,34.9626],[126.3006,34.9383],[126.2982,34.9334],[126.2879,34.937],[126.2852,34.9339],[126.281,34.9347],[126.287,34.9424],[126.2796,34.9487],[126.2765,34.9479],[126.2718,34.9568],[126.267,34.957],[126.2628,34.9518],[126.2584,34.9572],[126.2579,34.9624],[126.2647,34.9638],[126.2636,34.9688],[126.2736,34.9701]]],[[[126.2275,34.9561],[126.2305,34.9548],[126.2273,34.9542],[126.2275,34.9561]]],[[[126.2343,34.9721],[126.2335,34.9795],[126.2346,34.9824],[126.2367,34.9785],[126.2343,34.9721]]],[[[126.2618,35.0057],[126.2655,35.0008],[126.2653,34.9946],[126.2702,34.9939],[126.2676,34.9862],[126.2707,34.9762],[126.2489,34.9729],[126.2443,34.9757],[126.2506,34.9823],[126.2518,35.0004],[126.2465,35.0063],[126.2618,35.0057]]],[[[126.1901,34.9941],[126.1878,35.0022],[126.1884,35.0034],[126.196,34.9962],[126.1901,34.9941]]],[[[126.2259,34.9985],[126.2306,35.0024],[126.2339,34.9986],[126.2324,34.9956],[126.2259,34.9985]]],[[[126.1953,35.0067],[126.1985,35.0116],[126.1996,35.0113],[126.2014,35.0061],[126.1953,35.0067]]],[[[126.2105,35.0314],[126.2137,35.0321],[126.2153,35.0281],[126.2144,35.028],[126.2105,35.0314]]],[[[126.1457,35.0591],[126.1804,35.052],[126.1857,35.0424],[126.1924,35.0449],[126.2009,35.0391],[126.1998,35.0313],[126.1952,35.028],[126.1957,35.0102],[126.1901,35.0074],[126.1901,35.0141],[126.1936,35.0145],[126.1933,35.0169],[126.1838,35.0214],[126.1825,35.0272],[126.1705,35.027],[126.1696,35.0246],[126.1656,35.0291],[126.1671,35.0338],[126.1486,35.0336],[126.14,35.042],[126.1336,35.0419],[126.1367,35.0473],[126.1265,35.0478],[126.1373,35.0577],[126.1405,35.0552],[126.1457,35.0591]]],[[[126.2123,35.035],[126.2142,35.0364],[126.2153,35.0352],[126.2144,35.0341],[126.2123,35.035]]],[[[126.2214,35.0335],[126.2174,35.0376],[126.2207,35.0381],[126.2214,35.0335]]],[[[126.1485,35.065],[126.1507,35.0654],[126.1548,35.061],[126.1531,35.0602],[126.1485,35.065]]],[[[126.1552,35.0692],[126.1556,35.0751],[126.1571,35.0748],[126.1552,35.0692]]],[[[126.155,35.0752],[126.1561,35.0808],[126.1579,35.0778],[126.155,35.0752]]],[[[126.1554,35.0827],[126.1545,35.0848],[126.1562,35.0846],[126.1554,35.0827]]],[[[126.1996,35.1148],[126.2055,35.1217],[126.2103,35.1154],[126.2076,35.1112],[126.203,35.111],[126.1996,35.1148]]],[[[126.1899,35.1189],[126.1935,35.1194],[126.1944,35.1177],[126.1899,35.1189]]],[[[126.1998,35.1282],[126.2095,35.1267],[126.2083,35.1225],[126.2039,35.1234],[126.1998,35.1282]]],[[[126.1515,35.1297],[126.15,35.128],[126.1488,35.1281],[126.1486,35.1304],[126.1515,35.1297]]],[[[126.1656,35.1291],[126.1704,35.1317],[126.1731,35.1297],[126.1703,35.1281],[126.1656,35.1291]]],[[[126.2182,35.1276],[126.2189,35.1332],[126.2201,35.1343],[126.2203,35.1277],[126.2182,35.1276]]],[[[126.2025,35.1387],[126.1926,35.1361],[126.192,35.132],[126.1815,35.1302],[126.1854,35.1356],[126.1831,35.1427],[126.2011,35.148],[126.204,35.1446],[126.2025,35.1387]]],[[[126.2054,35.1833],[126.2084,35.1878],[126.2143,35.1864],[126.2117,35.183],[126.2054,35.1833]]],[[[126.2192,35.1916],[126.2208,35.195],[126.2233,35.1947],[126.2234,35.191],[126.2192,35.1916]]],[[[126.2439,35.2012],[126.2457,35.2032],[126.2497,35.2031],[126.247,35.2008],[126.2439,35.2012]]],[[[126.209,35.2854],[126.2126,35.2836],[126.2123,35.2818],[126.2113,35.2821],[126.209,35.2854]]],[[[126.1988,35.2949],[126.2025,35.2958],[126.2039,35.2929],[126.2034,35.2924],[126.1988,35.2949]]],[[[126.2258,35.3087],[126.2216,35.3088],[126.2271,35.3097],[126.2258,35.3087]]],[[[126.4066,34.2288],[126.4104,34.2281],[126.4037,34.2243],[126.4066,34.2288]]],[[[126.4213,34.2283],[126.4191,34.2385],[126.423,34.2253],[126.4177,34.2224],[126.4213,34.2283]]],[[[126.4476,34.2633],[126.4541,34.2646],[126.4567,34.2625],[126.4506,34.2596],[126.4476,34.2633]]],[[[126.4258,34.2672],[126.4282,34.265],[126.4237,34.2638],[126.4258,34.2672]]],[[[126.4291,34.2716],[126.4285,34.2696],[126.4222,34.2713],[126.4227,34.2717],[126.4291,34.2716]]],[[[126.4493,34.2711],[126.4506,34.2746],[126.455,34.2723],[126.4522,34.27],[126.4493,34.2711]]],[[[126.4777,34.2819],[126.4726,34.2839],[126.4692,34.2776],[126.4649,34.2764],[126.4702,34.2884],[126.4801,34.291],[126.4773,34.2882],[126.4777,34.2819]]],[[[126.4762,34.3446],[126.4781,34.3424],[126.4734,34.3374],[126.4739,34.3311],[126.4637,34.3454],[126.474,34.3427],[126.4762,34.3446]]],[[[126.4718,34.3711],[126.4733,34.3728],[126.4752,34.3713],[126.4746,34.3705],[126.4718,34.3711]]],[[[126.4684,34.3807],[126.47,34.3826],[126.4711,34.3824],[126.4706,34.3805],[126.4684,34.3807]]],[[[126.3279,34.3864],[126.3304,34.3862],[126.3273,34.3832],[126.3279,34.3864]]],[[[126.3449,34.3849],[126.3463,34.3872],[126.347,34.3864],[126.3449,34.3849]]],[[[126.3246,34.3905],[126.3273,34.3916],[126.3258,34.3899],[126.3246,34.3905]]],[[[126.3272,34.394],[126.3278,34.396],[126.3293,34.3945],[126.3272,34.394]]],[[[126.3125,34.3947],[126.315,34.3962],[126.3141,34.3945],[126.3125,34.3947]]],[[[126.3508,34.3979],[126.35,34.4006],[126.3518,34.3981],[126.3508,34.3979]]],[[[126.3524,34.4028],[126.3543,34.4106],[126.3584,34.412],[126.3563,34.4058],[126.3524,34.4028]]],[[[126.3721,34.4083],[126.3648,34.4101],[126.3651,34.4173],[126.3729,34.4143],[126.3721,34.4083]]],[[[126.4653,34.4277],[126.4619,34.4258],[126.4601,34.4264],[126.4631,34.4301],[126.4653,34.4277]]],[[[126.4345,34.4299],[126.4331,34.4323],[126.4411,34.4337],[126.4412,34.4325],[126.4345,34.4299]]],[[[126.4324,34.4359],[126.431,34.434],[126.4281,34.4341],[126.4324,34.4359]]],[[[126.4341,34.4387],[126.4329,34.4363],[126.4301,34.4397],[126.4312,34.4397],[126.4341,34.4387]]],[[[126.4284,34.4445],[126.4239,34.4452],[126.4233,34.4469],[126.4248,34.447],[126.4284,34.4445]]],[[[126.4184,34.4577],[126.4183,34.4519],[126.4136,34.4558],[126.4184,34.4577]]],[[[126.4117,34.461],[126.4123,34.4669],[126.4169,34.4597],[126.4117,34.461]]],[[[126.4238,34.5352],[126.4247,34.5382],[126.4256,34.5376],[126.4238,34.5352]]],[[[126.3562,34.5387],[126.3544,34.5359],[126.3505,34.5372],[126.3522,34.5392],[126.3562,34.5387]]],[[[126.3136,34.5564],[126.316,34.5576],[126.3169,34.5557],[126.3136,34.5564]]],[[[126.318,34.5619],[126.3189,34.5635],[126.3196,34.5626],[126.318,34.5619]]],[[[126.3315,34.5637],[126.3197,34.5596],[126.3229,34.5668],[126.331,34.5684],[126.3315,34.5637]]],[[[126.3756,34.7697],[126.3722,34.7583],[126.3687,34.7569],[126.3643,34.7598],[126.362,34.7516],[126.3584,34.7525],[126.3604,34.7448],[126.3551,34.7503],[126.3489,34.7502],[126.3488,34.7596],[126.3627,34.7598],[126.3649,34.7637],[126.3555,34.7784],[126.3551,34.7853],[126.361,34.7772],[126.3756,34.7697]]],[[[126.3314,34.7846],[126.3198,34.7592],[126.3066,34.7643],[126.305,34.772],[126.3086,34.7824],[126.3144,34.7809],[126.3239,34.7892],[126.3269,34.785],[126.3314,34.7846]]],[[[126.3406,34.7931],[126.3394,34.7835],[126.3387,34.7819],[126.3373,34.7865],[126.3333,34.7872],[126.3381,34.7941],[126.3406,34.7931]]],[[[126.3176,34.7909],[126.3161,34.7884],[126.3157,34.7892],[126.3176,34.7909]]],[[[126.3313,34.7949],[126.3331,34.7908],[126.3326,34.7898],[126.3313,34.7949]]],[[[126.33,34.7944],[126.3134,34.7931],[126.3141,34.8051],[126.3172,34.8133],[126.3275,34.816],[126.3371,34.7988],[126.33,34.7944]]],[[[126.3466,34.8071],[126.3474,34.8105],[126.3507,34.8083],[126.3504,34.8064],[126.3466,34.8071]]],[[[126.3335,34.8139],[126.3371,34.8149],[126.3418,34.811],[126.3384,34.8098],[126.3335,34.8139]]],[[[126.3117,34.8414],[126.3102,34.8431],[126.3125,34.8438],[126.3117,34.8414]]],[[[126.398,34.8572],[126.3978,34.8596],[126.399,34.8573],[126.398,34.8572]]],[[[126.38,34.8587],[126.3796,34.8631],[126.3821,34.8582],[126.38,34.8587]]],[[[126.3693,34.8679],[126.3725,34.8671],[126.3705,34.8625],[126.3692,34.8629],[126.3693,34.8679]]],[[[126.3788,34.8787],[126.3666,34.8658],[126.3573,34.8656],[126.3622,34.8751],[126.3788,34.8787]]],[[[126.3478,34.8763],[126.3486,34.8838],[126.3483,34.8758],[126.3478,34.8763]]],[[[126.3852,34.8852],[126.3874,34.8871],[126.3881,34.8861],[126.3852,34.8852]]],[[[126.3559,34.9069],[126.3511,34.9005],[126.3437,34.9071],[126.3519,34.9127],[126.3559,34.9069]]],[[[126.3815,34.9207],[126.3847,34.9208],[126.3813,34.9205],[126.3815,34.9207]]],[[[126.3261,34.9235],[126.3223,34.9224],[126.3218,34.9245],[126.325,34.9254],[126.3261,34.9235]]],[[[126.3143,34.9997],[126.3112,35.0074],[126.3137,35.0112],[126.3104,35.0135],[126.3162,35.0155],[126.3194,35.0134],[126.3143,34.9997]]],[[[126.3744,35.0285],[126.3748,35.0239],[126.3741,35.0221],[126.3722,35.0248],[126.3744,35.0285]]],[[[126.3109,35.0432],[126.3137,35.042],[126.309,35.042],[126.3109,35.0432]]],[[[126.3371,35.1626],[126.336,35.1671],[126.3377,35.1666],[126.3371,35.1626]]],[[[126.3559,35.1693],[126.3543,35.1712],[126.3574,35.1696],[126.3559,35.1693]]],[[[126.3933,35.3723],[126.3982,35.3763],[126.3988,35.3761],[126.3973,35.3721],[126.3933,35.3723]]],[[[126.4097,35.4161],[126.4079,35.4149],[126.4072,35.4167],[126.4075,35.4169],[126.4097,35.4161]]],[[[126.6018,34.0968],[126.5836,34.1007],[126.5903,34.1053],[126.5912,34.1099],[126.5862,34.1129],[126.592,34.1143],[126.5958,34.1116],[126.595,34.108],[126.6055,34.0998],[126.6018,34.0968]]],[[[126.5181,34.1193],[126.5195,34.1167],[126.5176,34.1168],[126.5181,34.1193]]],[[[126.5693,34.1363],[126.5727,34.1294],[126.5663,34.1281],[126.5665,34.1338],[126.5693,34.1363]]],[[[126.5852,34.1455],[126.589,34.1445],[126.5895,34.1438],[126.5879,34.1431],[126.5852,34.1455]]],[[[126.5557,34.1682],[126.5704,34.1704],[126.5741,34.1625],[126.5764,34.1688],[126.5977,34.169],[126.604,34.1678],[126.6096,34.1622],[126.6207,34.165],[126.6247,34.1571],[126.617,34.1483],[126.6032,34.159],[126.6058,34.148],[126.6031,34.1457],[126.5911,34.1617],[126.5888,34.1576],[126.5796,34.1569],[126.5807,34.1513],[126.5741,34.1489],[126.5774,34.1444],[126.5662,34.1434],[126.5643,34.1349],[126.5296,34.1214],[126.5187,34.1245],[126.5125,34.1212],[126.5114,34.1305],[126.5038,34.1387],[126.5087,34.1441],[126.5032,34.1483],[126.5091,34.1511],[126.5043,34.1606],[126.516,34.1664],[126.5158,34.1705],[126.5319,34.1758],[126.5309,34.1795],[126.5393,34.1824],[126.5553,34.1747],[126.5557,34.1682]]],[[[126.5851,34.1535],[126.5875,34.1561],[126.5873,34.1528],[126.5851,34.1535]]],[[[126.6853,34.182],[126.6823,34.1757],[126.6596,34.1729],[126.6567,34.1688],[126.6588,34.1637],[126.6687,34.1628],[126.6702,34.1494],[126.6792,34.1517],[126.6833,34.1489],[126.6808,34.1392],[126.6754,34.1393],[126.6712,34.145],[126.6692,34.1434],[126.6738,34.1333],[126.6675,34.1263],[126.6711,34.1197],[126.6601,34.1106],[126.6568,34.1142],[126.6475,34.1144],[126.6507,34.1276],[126.6478,34.1305],[126.6376,34.1197],[126.6355,34.132],[126.6289,34.1371],[126.6323,34.1429],[126.6272,34.1474],[126.6515,34.1699],[126.6335,34.1797],[126.6372,34.1828],[126.6326,34.1882],[126.6447,34.1903],[126.6451,34.1971],[126.6502,34.2005],[126.6612,34.1949],[126.6688,34.1947],[126.6709,34.1904],[126.6853,34.182]]],[[[126.4806,34.1712],[126.4808,34.1646],[126.4774,34.1637],[126.4758,34.1714],[126.4806,34.1712]]],[[[126.6112,34.1738],[126.6132,34.172],[126.6103,34.1724],[126.6112,34.1738]]],[[[126.5586,34.1713],[126.5594,34.176],[126.5674,34.1728],[126.566,34.1708],[126.5586,34.1713]]],[[[126.6227,34.1788],[126.6188,34.1782],[126.6182,34.1785],[126.6217,34.1816],[126.6227,34.1788]]],[[[126.6183,34.1862],[126.6252,34.1847],[126.6184,34.1821],[126.6183,34.1862]]],[[[126.4803,34.1771],[126.4762,34.1855],[126.4721,34.187],[126.4716,34.191],[126.4823,34.1929],[126.4866,34.1906],[126.4803,34.1771]]],[[[126.6225,34.1905],[126.6217,34.1895],[126.6215,34.1903],[126.6225,34.1905]]],[[[126.5187,34.1991],[126.5099,34.1868],[126.5059,34.1847],[126.5001,34.1869],[126.4917,34.1769],[126.4847,34.1792],[126.4868,34.1829],[126.4937,34.1848],[126.4956,34.1938],[126.5049,34.2051],[126.5107,34.1997],[126.5187,34.1991]]],[[[126.6221,34.1968],[126.6211,34.1939],[126.6168,34.195],[126.617,34.1955],[126.6221,34.1968]]],[[[126.6258,34.1981],[126.6299,34.197],[126.6299,34.196],[126.6258,34.1981]]],[[[126.487,34.1973],[126.4889,34.1989],[126.4955,34.1995],[126.4903,34.1959],[126.487,34.1973]]],[[[126.5435,34.2055],[126.5472,34.1994],[126.5395,34.1979],[126.5397,34.2044],[126.5435,34.2055]]],[[[126.5726,34.2296],[126.5729,34.2228],[126.5773,34.2286],[126.5891,34.2235],[126.5947,34.2273],[126.6079,34.2242],[126.6085,34.2186],[126.6154,34.2161],[126.6182,34.2088],[126.6239,34.2067],[126.6241,34.2012],[126.6154,34.1956],[126.6034,34.1995],[126.617,34.1856],[126.6149,34.1783],[126.6042,34.1736],[126.5869,34.1723],[126.5603,34.1789],[126.5618,34.189],[126.5478,34.189],[126.5469,34.1932],[126.556,34.1958],[126.5531,34.196],[126.553,34.2066],[126.5635,34.2118],[126.5591,34.2138],[126.5577,34.2098],[126.554,34.2118],[126.5564,34.2186],[126.566,34.2198],[126.5646,34.2258],[126.5613,34.2246],[126.5528,34.2336],[126.5664,34.235],[126.5666,34.2298],[126.5726,34.2296]]],[[[126.6365,34.2089],[126.6382,34.2044],[126.6306,34.2065],[126.6323,34.2086],[126.6365,34.2089]]],[[[126.6274,34.2105],[126.6247,34.2077],[126.6237,34.2079],[126.6254,34.211],[126.6274,34.2105]]],[[[126.5083,34.2106],[126.5144,34.2184],[126.5168,34.2173],[126.5144,34.2122],[126.5162,34.2079],[126.5092,34.208],[126.5083,34.2106]]],[[[126.6188,34.2221],[126.6205,34.2238],[126.6212,34.2227],[126.6188,34.2221]]],[[[126.5814,34.2382],[126.583,34.2414],[126.5832,34.2381],[126.5814,34.2382]]],[[[126.6144,34.2332],[126.6089,34.2374],[126.6022,34.2328],[126.5943,34.2334],[126.5938,34.2422],[126.6042,34.2496],[126.6175,34.2504],[126.6269,34.2388],[126.6185,34.2384],[126.6144,34.2332]]],[[[126.5609,34.2476],[126.5637,34.2488],[126.5699,34.2445],[126.5651,34.2413],[126.5609,34.2476]]],[[[126.5624,34.2841],[126.5723,34.281],[126.5687,34.2751],[126.5408,34.2748],[126.5389,34.2785],[126.5415,34.2829],[126.5503,34.2808],[126.5624,34.2841]]],[[[126.6108,34.2831],[126.6061,34.2821],[126.6058,34.2867],[126.6124,34.2934],[126.6108,34.2831]]],[[[126.594,34.2912],[126.5896,34.2891],[126.5899,34.2926],[126.5861,34.2944],[126.5748,34.2899],[126.5807,34.2982],[126.5944,34.3052],[126.5898,34.2968],[126.594,34.2912]]],[[[126.5683,34.2995],[126.5733,34.3036],[126.5697,34.297],[126.5683,34.2995]]],[[[126.5118,34.3037],[126.5091,34.2984],[126.5078,34.298],[126.5077,34.3002],[126.5118,34.3037]]],[[[126.5648,34.3088],[126.5647,34.3115],[126.5682,34.3133],[126.5676,34.309],[126.5648,34.3088]]],[[[126.5008,34.317],[126.5043,34.3177],[126.5019,34.3147],[126.5008,34.317]]],[[[126.6407,34.3198],[126.6414,34.3221],[126.6427,34.3221],[126.6433,34.3204],[126.6407,34.3198]]],[[[126.7308,34.3652],[126.7315,34.3519],[126.7384,34.3484],[126.7358,34.3429],[126.7507,34.3261],[126.7485,34.3215],[126.7551,34.3153],[126.766,34.3181],[126.7722,34.3123],[126.7616,34.3009],[126.7778,34.2874],[126.7686,34.2874],[126.7684,34.2901],[126.7601,34.2923],[126.7479,34.2913],[126.7345,34.3047],[126.732,34.3017],[126.7379,34.2865],[126.7315,34.2871],[126.7175,34.2968],[126.7033,34.2972],[126.6938,34.2935],[126.6787,34.3046],[126.6816,34.3078],[126.6773,34.3146],[126.67,34.3159],[126.6688,34.3237],[126.6533,34.3312],[126.6507,34.3272],[126.6428,34.3275],[126.649,34.3334],[126.6468,34.3391],[126.641,34.3411],[126.6452,34.3463],[126.6414,34.3639],[126.6456,34.3674],[126.6387,34.3821],[126.6479,34.3929],[126.643,34.3942],[126.637,34.3874],[126.6391,34.3937],[126.6275,34.3948],[126.6239,34.4006],[126.6333,34.4008],[126.6542,34.3933],[126.6652,34.3992],[126.6669,34.3957],[126.6712,34.3963],[126.6706,34.4016],[126.6765,34.3996],[126.6853,34.4032],[126.6929,34.3973],[126.7022,34.3985],[126.7148,34.3873],[126.7269,34.3832],[126.7334,34.3677],[126.7308,34.3652]]],[[[126.6174,34.3405],[126.6172,34.3371],[126.616,34.3405],[126.6174,34.3405]]],[[[126.645,34.4038],[126.6465,34.4051],[126.648,34.4036],[126.645,34.4038]]],[[[126.7257,34.4124],[126.7262,34.4059],[126.7152,34.4132],[126.7049,34.4112],[126.7002,34.4135],[126.7109,34.4183],[126.7257,34.4124]]],[[[126.6861,34.4242],[126.6941,34.4214],[126.6946,34.4204],[126.6844,34.4198],[126.6861,34.4242]]],[[[126.7075,34.433],[126.7026,34.4351],[126.7147,34.4351],[126.7075,34.433]]],[[[126.4963,34.6706],[126.4954,34.6754],[126.5029,34.6758],[126.5254,34.6618],[126.5094,34.663],[126.4963,34.6706]]],[[[126.8965,34.2122],[126.9119,34.2126],[126.9116,34.2058],[126.9038,34.2021],[126.9118,34.1947],[126.912,34.1874],[126.9234,34.1906],[126.9306,34.1885],[126.9204,34.1861],[126.9252,34.1746],[126.92,34.1695],[126.9154,34.1541],[126.9086,34.1518],[126.8947,34.1544],[126.8811,34.1497],[126.8784,34.1517],[126.8811,34.1553],[126.873,34.1599],[126.8705,34.1657],[126.8654,34.1659],[126.8597,34.1618],[126.8606,34.1569],[126.8562,34.1506],[126.8531,34.1571],[126.855,34.161],[126.8482,34.163],[126.8594,34.1708],[126.8556,34.173],[126.8506,34.1691],[126.8469,34.1742],[126.8509,34.1819],[126.854,34.1762],[126.8573,34.1773],[126.8528,34.1857],[126.8614,34.1945],[126.8611,34.1983],[126.8572,34.1994],[126.8703,34.2035],[126.8734,34.207],[126.872,34.2101],[126.8839,34.2129],[126.8846,34.2169],[126.8914,34.2173],[126.892,34.2136],[126.8965,34.2122]]],[[[126.8439,34.1917],[126.8497,34.1919],[126.8501,34.1891],[126.8466,34.1888],[126.8439,34.1917]]],[[[126.7676,34.1893],[126.7634,34.1874],[126.7615,34.177],[126.7496,34.1875],[126.7534,34.206],[126.7635,34.2117],[126.771,34.1979],[126.7676,34.1893]]],[[[126.8593,34.2031],[126.8482,34.2027],[126.845,34.2034],[126.8482,34.2063],[126.8593,34.2031]]],[[[126.7688,34.2295],[126.7782,34.2272],[126.778,34.2238],[126.7713,34.2228],[126.7688,34.2295]]],[[[126.863,34.2849],[126.8627,34.2888],[126.8653,34.2907],[126.8683,34.2817],[126.863,34.2849]]],[[[126.8325,34.3008],[126.8362,34.3028],[126.838,34.3006],[126.8345,34.2975],[126.8325,34.3008]]],[[[126.8596,34.3029],[126.8676,34.3014],[126.8633,34.2961],[126.8596,34.3029]]],[[[126.8907,34.3046],[126.8896,34.3035],[126.8854,34.3066],[126.8907,34.3046]]],[[[126.8496,34.3452],[126.8529,34.3507],[126.8577,34.3515],[126.8585,34.3443],[126.8692,34.3507],[126.877,34.3468],[126.875,34.3446],[126.8791,34.3431],[126.8795,34.3376],[126.8966,34.3452],[126.8997,34.3412],[126.8975,34.3319],[126.8924,34.3299],[126.889,34.334],[126.8813,34.3296],[126.8836,34.3232],[126.8873,34.3224],[126.8839,34.3093],[126.872,34.3089],[126.8715,34.3176],[126.8688,34.3214],[126.8646,34.3214],[126.867,34.3124],[126.8577,34.3102],[126.8565,34.3057],[126.8508,34.3047],[126.8504,34.3012],[126.8453,34.2983],[126.8398,34.2997],[126.836,34.3064],[126.8385,34.3131],[126.8295,34.3244],[126.8087,34.3261],[126.7995,34.3225],[126.7951,34.3151],[126.7913,34.3154],[126.7799,34.3275],[126.7735,34.3268],[126.762,34.333],[126.7567,34.3308],[126.7511,34.3337],[126.7605,34.3391],[126.776,34.3351],[126.786,34.3476],[126.7945,34.3441],[126.8026,34.3336],[126.8165,34.337],[126.8197,34.3395],[126.8172,34.3424],[126.8202,34.3507],[126.8336,34.3585],[126.8441,34.3529],[126.8442,34.3481],[126.8496,34.3452]]],[[[126.7922,34.3536],[126.7953,34.354],[126.7963,34.3529],[126.7928,34.3504],[126.7922,34.3536]]],[[[126.769,34.3544],[126.7711,34.3563],[126.7699,34.3541],[126.769,34.3544]]],[[[126.7345,34.3587],[126.7358,34.361],[126.7383,34.3611],[126.7387,34.358],[126.7345,34.3587]]],[[[126.855,34.3865],[126.8562,34.3886],[126.8568,34.3866],[126.855,34.3865]]],[[[126.7401,34.3993],[126.7435,34.4021],[126.7454,34.3998],[126.7441,34.3965],[126.7402,34.3972],[126.7425,34.3899],[126.7367,34.3927],[126.7322,34.4017],[126.7353,34.4034],[126.7401,34.3993]]],[[[126.8458,34.4301],[126.8439,34.4205],[126.8279,34.4224],[126.8255,34.4191],[126.8405,34.4109],[126.8503,34.4186],[126.8529,34.4127],[126.848,34.4083],[126.8575,34.4072],[126.8615,34.3995],[126.859,34.3965],[126.8647,34.3966],[126.8677,34.3904],[126.8552,34.3926],[126.8502,34.3883],[126.8473,34.3901],[126.8328,34.3835],[126.831,34.3776],[126.8234,34.3868],[126.819,34.382],[126.8043,34.3855],[126.7935,34.3822],[126.7848,34.3702],[126.781,34.3696],[126.7819,34.3623],[126.7765,34.3573],[126.7795,34.352],[126.7654,34.3599],[126.7721,34.3752],[126.7793,34.3818],[126.7577,34.3833],[126.7491,34.3795],[126.7584,34.3943],[126.768,34.3991],[126.7643,34.4096],[126.7718,34.4142],[126.7748,34.4218],[126.7884,34.4333],[126.8012,34.4317],[126.8347,34.4441],[126.8345,34.4316],[126.8402,34.4342],[126.8458,34.4301]]],[[[126.8618,34.4156],[126.8647,34.4148],[126.8621,34.4122],[126.8612,34.4126],[126.8618,34.4156]]],[[[126.871,34.4145],[126.8731,34.4135],[126.8709,34.4138],[126.871,34.4145]]],[[[126.8693,34.4214],[126.8744,34.4275],[126.8775,34.4135],[126.8727,34.4197],[126.8693,34.4214]]],[[[126.8627,34.4207],[126.8574,34.4188],[126.8555,34.4239],[126.8574,34.4248],[126.8627,34.4207]]],[[[126.8513,34.4298],[126.8533,34.4317],[126.8576,34.4254],[126.8543,34.4257],[126.8513,34.4298]]],[[[126.7501,34.4496],[126.7528,34.4513],[126.7532,34.4503],[126.7501,34.4496]]],[[[126.7886,34.4615],[126.7929,34.4637],[126.7886,34.4609],[126.7886,34.4615]]],[[[126.7765,34.5366],[126.7793,34.5383],[126.7851,34.533],[126.7816,34.5305],[126.7765,34.5366]]],[[[126.9335,33.9689],[126.9152,33.9701],[126.9098,33.9797],[126.9109,33.9841],[126.9177,33.9888],[126.9308,33.9872],[126.937,33.9794],[126.9363,33.9716],[126.9335,33.9689]]],[[[127.0116,34.2209],[127.0116,34.2182],[126.9978,34.219],[127.0083,34.2261],[127.0194,34.2243],[127.0116,34.2209]]],[[[127.0121,34.2422],[127.008,34.2537],[127.0111,34.2583],[127.0193,34.2534],[127.0204,34.2454],[127.0162,34.2393],[127.0121,34.2422]]],[[[127.0178,34.2688],[127.011,34.2694],[127.0086,34.2802],[127.0115,34.2839],[127.023,34.2755],[127.0178,34.2688]]],[[[126.8954,34.2895],[126.9018,34.2872],[126.8979,34.2818],[126.894,34.2855],[126.8954,34.2895]]],[[[127.0055,34.2856],[127.0041,34.2898],[127.0064,34.2906],[127.0071,34.2898],[127.0055,34.2856]]],[[[127.0075,34.297],[127.0044,34.2968],[127.0033,34.2982],[127.0057,34.2991],[127.0075,34.297]]],[[[127.001,34.3069],[126.9974,34.3055],[126.9965,34.306],[126.9993,34.3085],[127.001,34.3069]]],[[[127.0179,34.3211],[127.0187,34.3187],[127.017,34.3191],[127.0179,34.3211]]],[[[127.011,34.32],[127.0141,34.3209],[127.0144,34.3195],[127.011,34.32]]],[[[127.0098,34.3318],[127.015,34.3321],[127.0164,34.3233],[127.0058,34.3212],[127.0042,34.3145],[126.9935,34.3117],[126.9905,34.3094],[126.9926,34.3048],[126.978,34.3061],[126.9716,34.301],[126.9662,34.3036],[126.9655,34.3107],[126.9595,34.3078],[126.9569,34.3127],[126.9574,34.3294],[126.9707,34.3395],[126.9831,34.3415],[126.9888,34.3373],[127.0016,34.3393],[127.0098,34.3318]]],[[[126.9028,34.3323],[126.9054,34.3315],[126.9081,34.3258],[126.903,34.3277],[126.9028,34.3323]]],[[[126.9044,34.3377],[126.9071,34.3383],[126.9057,34.3363],[126.9044,34.3377]]],[[[127.0097,34.3705],[127.0061,34.3696],[127.0035,34.3729],[127.0062,34.3776],[127.0092,34.3764],[127.0097,34.3705]]],[[[126.9514,34.4042],[126.9435,34.3946],[126.9422,34.3867],[126.9355,34.3836],[126.9478,34.3776],[126.9489,34.3673],[126.9387,34.3655],[126.9336,34.3705],[126.9221,34.3671],[126.9248,34.3614],[126.9176,34.3558],[126.9132,34.3556],[126.9103,34.3595],[126.9068,34.3574],[126.9076,34.3544],[126.8928,34.3607],[126.889,34.3585],[126.8867,34.362],[126.8886,34.3651],[126.8695,34.3683],[126.8638,34.3746],[126.8652,34.3841],[126.8722,34.394],[126.8715,34.4005],[126.862,34.4065],[126.8647,34.4111],[126.873,34.4079],[126.8724,34.4011],[126.8792,34.3997],[126.8821,34.407],[126.8938,34.3959],[126.8966,34.397],[126.8952,34.4035],[126.8987,34.4028],[126.8977,34.3989],[126.9004,34.3978],[126.9041,34.4025],[126.9084,34.4026],[126.9063,34.3999],[126.9123,34.3965],[126.9139,34.3912],[126.9209,34.3948],[126.9308,34.3906],[126.9353,34.3917],[126.9431,34.4029],[126.9412,34.4074],[126.9441,34.4088],[126.9434,34.413],[126.9514,34.4042]]],[[[126.9117,34.4068],[126.9137,34.4083],[126.9128,34.4067],[126.9117,34.4068]]],[[[126.9499,34.4133],[126.954,34.4161],[126.9547,34.4156],[126.9528,34.4101],[126.9499,34.4133]]],[[[127.0199,34.4235],[127.0199,34.4262],[127.0207,34.4259],[127.0199,34.4235]]],[[[126.9287,34.4312],[126.9321,34.4309],[126.9317,34.4292],[126.9287,34.4312]]],[[[127.0061,34.4335],[127.0078,34.4401],[127.0123,34.4361],[127.0061,34.4335]]],[[[126.9399,34.4373],[126.9413,34.4377],[126.9415,34.4373],[126.9399,34.4373]]],[[[127.0153,34.4448],[127.0176,34.4443],[127.0171,34.4436],[127.0153,34.4448]]],[[[127.0199,34.4512],[127.0236,34.4513],[127.0252,34.4472],[127.0203,34.4468],[127.0199,34.4512]]],[[[126.9695,34.462],[126.9674,34.46],[126.9657,34.4452],[126.9624,34.4481],[126.9645,34.4524],[126.9585,34.4604],[126.9628,34.4656],[126.9695,34.462]]],[[[127.017,34.6184],[127.0152,34.6113],[127.0117,34.6106],[127.009,34.6182],[127.0126,34.6212],[127.017,34.6184]]],[[[127.3234,34.0224],[127.3246,34.021],[127.3226,34.0205],[127.3234,34.0224]]],[[[127.3248,34.025],[127.3093,34.0238],[127.3074,34.0288],[127.3162,34.0293],[127.3248,34.025]]],[[[127.2973,34.055],[127.2924,34.0482],[127.2942,34.04],[127.2974,34.0385],[127.2969,34.0322],[127.3075,34.026],[127.305,34.019],[127.3158,34.0143],[127.3246,34.0153],[127.3246,34.0049],[127.3164,34.0129],[127.2945,34.0142],[127.2884,34.0332],[127.2853,34.0358],[127.2812,34.0345],[127.2792,34.0432],[127.2818,34.0513],[127.2741,34.0522],[127.2786,34.0554],[127.2788,34.0595],[127.282,34.0597],[127.2831,34.0547],[127.2862,34.0589],[127.2927,34.0549],[127.2951,34.0564],[127.2911,34.0628],[127.2941,34.0635],[127.2973,34.055]]],[[[127.3056,34.0629],[127.3178,34.0563],[127.3235,34.059],[127.3269,34.0519],[127.3247,34.0455],[127.3327,34.0415],[127.3348,34.0341],[127.3134,34.0402],[127.3092,34.0323],[127.314,34.0431],[127.3094,34.0529],[127.303,34.0583],[127.3056,34.0629]]],[[[127.0758,34.186],[127.0677,34.1923],[127.0802,34.1949],[127.0855,34.1901],[127.0846,34.1876],[127.0758,34.186]]],[[[127.1513,34.206],[127.1762,34.2097],[127.1801,34.2078],[127.1761,34.2035],[127.1699,34.2028],[127.1558,34.2027],[127.1513,34.206]]],[[[127.2622,34.2115],[127.2626,34.213],[127.2637,34.2119],[127.2622,34.2115]]],[[[127.1932,34.2169],[127.198,34.2244],[127.2012,34.2199],[127.1971,34.2155],[127.1932,34.2169]]],[[[127.2247,34.224],[127.2223,34.2209],[127.2175,34.2232],[127.2197,34.2248],[127.2247,34.224]]],[[[127.2626,34.2445],[127.2593,34.2435],[127.262,34.2383],[127.258,34.2371],[127.2602,34.2304],[127.258,34.2295],[127.2623,34.2284],[127.2617,34.2245],[127.2499,34.2217],[127.2583,34.2192],[127.259,34.2115],[127.2447,34.2141],[127.2412,34.219],[127.2214,34.2102],[127.2312,34.2263],[127.2331,34.2367],[127.2379,34.2352],[127.2432,34.238],[127.243,34.248],[127.2472,34.2466],[127.2564,34.2513],[127.2626,34.2445]]],[[[127.2642,34.2317],[127.2656,34.2335],[127.2674,34.2308],[127.2642,34.2317]]],[[[127.2626,34.2415],[127.266,34.2421],[127.2716,34.2379],[127.2696,34.2366],[127.2626,34.2415]]],[[[127.1372,34.3015],[127.1254,34.2994],[127.1186,34.3055],[127.1197,34.3098],[127.1287,34.3103],[127.1255,34.3152],[127.1323,34.3145],[127.1418,34.306],[127.1372,34.3015]]],[[[127.1007,34.3142],[127.1042,34.3036],[127.094,34.3031],[127.094,34.3073],[127.1007,34.3142]]],[[[127.0655,34.3127],[127.0652,34.3077],[127.0627,34.3073],[127.0616,34.3136],[127.0655,34.3127]]],[[[127.0759,34.328],[127.0895,34.3293],[127.092,34.3237],[127.0895,34.3199],[127.0808,34.3221],[127.0759,34.328]]],[[[127.0463,34.353],[127.053,34.3555],[127.0544,34.3608],[127.0586,34.3627],[127.0757,34.3634],[127.0938,34.3571],[127.0907,34.3481],[127.1029,34.3369],[127.0943,34.3349],[127.0894,34.3364],[127.0867,34.3423],[127.0681,34.3465],[127.0641,34.34],[127.0769,34.3393],[127.0832,34.3346],[127.0757,34.3307],[127.0692,34.3335],[127.0559,34.329],[127.0566,34.3225],[127.0504,34.3238],[127.0417,34.3076],[127.0377,34.3101],[127.0349,34.3234],[127.0461,34.33],[127.0497,34.3289],[127.0532,34.3342],[127.0518,34.3394],[127.0429,34.3411],[127.0357,34.337],[127.0359,34.3326],[127.0304,34.3321],[127.0288,34.3345],[127.0318,34.3385],[127.0249,34.3364],[127.0176,34.3391],[127.0319,34.3419],[127.026,34.3479],[127.0152,34.3527],[127.0087,34.3488],[126.9997,34.3509],[126.9851,34.3601],[126.9891,34.3628],[127.0065,34.3582],[127.0107,34.363],[127.007,34.3672],[127.0105,34.3707],[127.0111,34.3771],[127.0201,34.378],[127.0279,34.3742],[127.0297,34.381],[127.0508,34.3641],[127.0508,34.3594],[127.0455,34.3576],[127.0463,34.353]]],[[[127.276,34.3808],[127.279,34.3811],[127.2765,34.379],[127.276,34.3808]]],[[[127.0966,34.3855],[127.0889,34.3817],[127.0922,34.3808],[127.0921,34.3768],[127.0827,34.3743],[127.0792,34.3765],[127.0684,34.3706],[127.0748,34.3813],[127.0729,34.387],[127.0941,34.3927],[127.0966,34.3855]]],[[[127.0236,34.381],[127.024,34.3848],[127.0292,34.3819],[127.028,34.3805],[127.0236,34.381]]],[[[127.0524,34.39],[127.0478,34.3848],[127.0342,34.387],[127.0324,34.3913],[127.0451,34.396],[127.0524,34.39]]],[[[127.2479,34.4098],[127.2571,34.4072],[127.2603,34.4012],[127.2587,34.3982],[127.2593,34.3955],[127.2657,34.3941],[127.2595,34.3967],[127.2639,34.3977],[127.2708,34.3911],[127.2709,34.3865],[127.2748,34.3854],[127.2701,34.3846],[127.2724,34.3809],[127.2603,34.3816],[127.2477,34.3874],[127.2477,34.3904],[127.2513,34.3897],[127.2463,34.3936],[127.2533,34.3953],[127.2534,34.4031],[127.2403,34.4065],[127.2449,34.4105],[127.2357,34.4114],[127.2436,34.4127],[127.2412,34.417],[127.2512,34.4144],[127.2479,34.4098]]],[[[127.0412,34.405],[127.0423,34.4024],[127.0412,34.4017],[127.0412,34.405]]],[[[127.0381,34.4042],[127.0403,34.4052],[127.0394,34.4028],[127.0381,34.4042]]],[[[127.0522,34.4043],[127.0478,34.4036],[127.0525,34.4059],[127.0522,34.4043]]],[[[127.0369,34.4012],[127.0309,34.4034],[127.0338,34.409],[127.0362,34.4059],[127.0369,34.4012]]],[[[127.1152,34.4143],[127.1198,34.4116],[127.1157,34.4065],[127.1152,34.4143]]],[[[127.0854,34.4057],[127.0746,34.4106],[127.0788,34.4205],[127.0771,34.4272],[127.0825,34.4273],[127.0869,34.4173],[127.0827,34.4125],[127.0854,34.4057]]],[[[127.2137,34.4208],[127.2155,34.4187],[127.2139,34.4171],[127.2117,34.4181],[127.2137,34.4208]]],[[[127.0337,34.4226],[127.0363,34.4219],[127.0334,34.421],[127.0337,34.4226]]],[[[127.1222,34.4213],[127.1241,34.4248],[127.1241,34.4208],[127.1222,34.4213]]],[[[127.0566,34.4583],[127.0659,34.4516],[127.0758,34.4276],[127.0751,34.4214],[127.0678,34.4204],[127.0732,34.4176],[127.0723,34.4143],[127.0614,34.3996],[127.0588,34.4132],[127.047,34.4141],[127.0397,34.4189],[127.0364,34.4237],[127.0335,34.4485],[127.022,34.4544],[127.0482,34.4606],[127.0521,34.4592],[127.0477,34.4571],[127.0512,34.4535],[127.0566,34.4583]]],[[[127.2297,34.4316],[127.2277,34.4291],[127.2263,34.4293],[127.2271,34.431],[127.2297,34.4316]]],[[[127.3081,34.4392],[127.3151,34.4416],[127.3154,34.4386],[127.3088,34.4304],[127.3026,34.4326],[127.3038,34.4359],[127.297,34.4376],[127.3014,34.4428],[127.3098,34.4424],[127.3081,34.4392]]],[[[127.2947,34.4398],[127.2963,34.4371],[127.2916,34.4362],[127.2918,34.4382],[127.2947,34.4398]]],[[[127.2235,34.441],[127.2285,34.4433],[127.2267,34.4392],[127.2235,34.441]]],[[[127.0924,34.4411],[127.0944,34.4437],[127.0948,34.4422],[127.0924,34.4411]]],[[[127.3031,34.4445],[127.3067,34.4449],[127.3071,34.4434],[127.3031,34.4445]]],[[[127.2901,34.4409],[127.2902,34.4478],[127.2951,34.4489],[127.2958,34.4467],[127.2901,34.4409]]],[[[127.2822,34.4546],[127.2846,34.4545],[127.2836,34.4535],[127.2822,34.4546]]],[[[127.2217,34.4949],[127.2389,34.4739],[127.2296,34.4711],[127.2303,34.4635],[127.2222,34.455],[127.2203,34.443],[127.2117,34.4311],[127.1884,34.4305],[127.1663,34.4352],[127.1621,34.4327],[127.1626,34.4284],[127.154,34.4311],[127.1449,34.429],[127.1416,34.4206],[127.1369,34.4285],[127.1248,34.4315],[127.1237,34.4365],[127.1154,34.4394],[127.1175,34.4455],[127.1151,34.448],[127.1091,34.4477],[127.1075,34.442],[127.099,34.4434],[127.106,34.455],[127.0927,34.471],[127.0959,34.4743],[127.1031,34.4699],[127.1067,34.4757],[127.1141,34.4775],[127.1166,34.4831],[127.1104,34.4854],[127.1147,34.4904],[127.1174,34.4876],[127.1244,34.4906],[127.1279,34.4795],[127.1365,34.4801],[127.1361,34.4745],[127.1404,34.4734],[127.1465,34.4759],[127.1482,34.4814],[127.1619,34.4796],[127.1765,34.4918],[127.1823,34.4907],[127.1894,34.4951],[127.1992,34.4882],[127.2162,34.4964],[127.2217,34.4949]]],[[[127.0932,34.4636],[127.0921,34.4535],[127.0886,34.452],[127.0892,34.4615],[127.0824,34.4612],[127.0814,34.4639],[127.0932,34.4636]]],[[[127.2315,34.4943],[127.2365,34.4945],[127.235,34.4921],[127.2315,34.4943]]],[[[127.1494,34.4969],[127.1457,34.4946],[127.1456,34.4985],[127.1494,34.4969]]],[[[127.2682,34.4989],[127.2715,34.4964],[127.2683,34.4976],[127.2682,34.4989]]],[[[127.1476,34.5051],[127.1502,34.503],[127.149,34.501],[127.1473,34.5017],[127.1476,34.5051]]],[[[127.1377,34.5168],[127.134,34.5148],[127.131,34.5058],[127.1205,34.5073],[127.1157,34.5023],[127.1125,34.5027],[127.1094,34.5088],[127.0972,34.5094],[127.1059,34.5182],[127.11,34.5157],[127.1106,34.5189],[127.1073,34.5199],[127.1114,34.5224],[127.1189,34.5191],[127.1208,34.5127],[127.1257,34.5162],[127.1229,34.5198],[127.1271,34.5241],[127.1348,34.5215],[127.1377,34.5168]]],[[[127.1619,34.5178],[127.1592,34.5204],[127.165,34.5214],[127.1619,34.5178]]],[[[127.1265,34.5844],[127.1285,34.5833],[127.1262,34.5828],[127.1265,34.5844]]],[[[127.1112,34.5961],[127.0913,34.5959],[127.0888,34.6045],[127.097,34.6125],[127.107,34.6047],[127.1112,34.5961]]],[[[127.3209,34.6909],[127.3222,34.6887],[127.3192,34.6893],[127.3209,34.6909]]],[[[127.313,34.7187],[127.3059,34.7201],[127.3066,34.7272],[127.3156,34.7255],[127.313,34.7187]]],[[[127.3001,34.7257],[127.3031,34.7282],[127.3041,34.7267],[127.3001,34.7257]]],[[[127.3067,34.7329],[127.3095,34.7332],[127.3081,34.7321],[127.3067,34.7329]]],[[[127.3095,34.7351],[127.3074,34.7366],[127.3075,34.7371],[127.3097,34.7374],[127.3095,34.7351]]],[[[127.3117,34.737],[127.3142,34.7382],[127.3142,34.7371],[127.3117,34.737]]],[[[127.3731,34.0095],[127.3744,34.0062],[127.373,34.0063],[127.3731,34.0095]]],[[[127.3741,34.0118],[127.3713,34.013],[127.371,34.0152],[127.3734,34.0156],[127.3741,34.0118]]],[[[127.3727,34.0236],[127.3743,34.0206],[127.3704,34.0203],[127.3727,34.0236]]],[[[127.4577,34.228],[127.4593,34.233],[127.4659,34.2276],[127.4577,34.228]]],[[[127.461,34.2339],[127.4613,34.2353],[127.4624,34.2342],[127.461,34.2339]]],[[[127.447,34.2493],[127.4538,34.2484],[127.4563,34.2426],[127.4451,34.2418],[127.447,34.2493]]],[[[127.5336,34.2553],[127.536,34.2539],[127.5348,34.2531],[127.5336,34.2553]]],[[[127.4476,34.2547],[127.4515,34.2569],[127.4501,34.2526],[127.4476,34.2547]]],[[[127.5406,34.2581],[127.5425,34.2594],[127.5424,34.258],[127.5406,34.2581]]],[[[127.5394,34.2684],[127.5376,34.259],[127.5299,34.261],[127.527,34.2674],[127.5394,34.2684]]],[[[127.3643,34.295],[127.3696,34.2928],[127.3696,34.2871],[127.3518,34.2735],[127.3476,34.2747],[127.3506,34.2951],[127.3534,34.2961],[127.3525,34.2902],[127.36,34.2879],[127.3643,34.295]]],[[[127.3988,34.2796],[127.3942,34.2833],[127.388,34.2807],[127.3855,34.2902],[127.3908,34.2959],[127.4013,34.2922],[127.3988,34.2796]]],[[[127.3796,34.2954],[127.373,34.2931],[127.3711,34.2958],[127.3796,34.2954]]],[[[127.4971,34.3985],[127.4925,34.3993],[127.4924,34.3997],[127.4971,34.3985]]],[[[127.3289,34.4317],[127.3219,34.4332],[127.3205,34.4311],[127.3198,34.4368],[127.3289,34.4317]]],[[[127.3291,34.4362],[127.3317,34.4344],[127.3284,34.4351],[127.3291,34.4362]]],[[[127.5469,34.4427],[127.5404,34.4409],[127.5395,34.4415],[127.5422,34.4443],[127.5469,34.4427]]],[[[127.4693,34.4725],[127.4729,34.4647],[127.4907,34.4657],[127.49,34.4626],[127.4832,34.4601],[127.4927,34.4586],[127.4979,34.4676],[127.4998,34.4629],[127.504,34.4636],[127.5067,34.4681],[127.5049,34.4741],[127.522,34.4577],[127.5209,34.4536],[127.5372,34.4481],[127.5345,34.4439],[127.5385,34.4311],[127.5302,34.4222],[127.5204,34.4265],[127.5017,34.4153],[127.4921,34.4118],[127.4875,34.4133],[127.4868,34.418],[127.4942,34.4259],[127.493,34.4312],[127.4821,34.437],[127.4793,34.4324],[127.4747,34.4328],[127.4612,34.4443],[127.4648,34.447],[127.4796,34.4421],[127.4837,34.4472],[127.4726,34.4525],[127.4669,34.4503],[127.4646,34.4527],[127.4519,34.4463],[127.4496,34.4489],[127.4581,34.4523],[127.4543,34.4559],[127.452,34.4688],[127.4544,34.4756],[127.4693,34.4725]]],[[[127.4518,34.4566],[127.4489,34.4575],[127.4491,34.4616],[127.4426,34.4663],[127.4502,34.4642],[127.4518,34.4566]]],[[[127.4367,34.4748],[127.4422,34.4817],[127.4469,34.4832],[127.446,34.4709],[127.4409,34.469],[127.4367,34.4748]]],[[[127.397,34.4793],[127.4027,34.4819],[127.4075,34.4775],[127.4026,34.4746],[127.397,34.4793]]],[[[127.3464,34.4787],[127.3504,34.4799],[127.3494,34.4774],[127.3464,34.4787]]],[[[127.3942,34.4937],[127.3968,34.4936],[127.3996,34.4903],[127.3976,34.4895],[127.3942,34.4937]]],[[[127.4723,34.5444],[127.4784,34.5353],[127.472,34.5291],[127.4599,34.5291],[127.4591,34.5256],[127.4705,34.5234],[127.4757,34.5149],[127.4669,34.5176],[127.4579,34.5137],[127.4649,34.5082],[127.4653,34.513],[127.4672,34.5101],[127.4794,34.5099],[127.4845,34.5051],[127.4863,34.5093],[127.4903,34.5087],[127.496,34.5025],[127.5022,34.5048],[127.5007,34.4975],[127.5068,34.4921],[127.4963,34.4847],[127.4891,34.4845],[127.4913,34.4876],[127.4888,34.4898],[127.4854,34.4842],[127.469,34.4864],[127.4613,34.4842],[127.4624,34.4794],[127.4524,34.4786],[127.4486,34.4877],[127.4407,34.4924],[127.4468,34.4983],[127.458,34.5022],[127.4581,34.5052],[127.4518,34.5065],[127.4548,34.5112],[127.4488,34.5166],[127.4392,34.5161],[127.4341,34.5199],[127.4536,34.5439],[127.4723,34.5444]]],[[[127.4483,34.5479],[127.4528,34.5469],[127.4507,34.5423],[127.4424,34.5386],[127.4414,34.5421],[127.4483,34.5479]]],[[[127.4366,34.5529],[127.4384,34.5524],[127.4375,34.5509],[127.4366,34.5529]]],[[[127.444,34.5527],[127.4438,34.5545],[127.4457,34.5534],[127.444,34.5527]]],[[[127.4575,34.5563],[127.4619,34.5561],[127.4583,34.554],[127.4575,34.5563]]],[[[127.4665,34.5691],[127.4702,34.5699],[127.4713,34.5647],[127.4659,34.5636],[127.4665,34.5691]]],[[[127.4594,34.5647],[127.455,34.5651],[127.4534,34.5712],[127.4572,34.5705],[127.4594,34.5647]]],[[[127.4531,34.5616],[127.4488,34.5628],[127.4478,34.5684],[127.4438,34.5681],[127.4457,34.576],[127.4495,34.5748],[127.4531,34.5616]]],[[[127.4731,34.571],[127.4737,34.5732],[127.4765,34.572],[127.4731,34.571]]],[[[127.4513,34.5741],[127.4546,34.5732],[127.4528,34.5722],[127.4513,34.5741]]],[[[127.4237,34.5754],[127.4147,34.5782],[127.415,34.5809],[127.4251,34.581],[127.4237,34.5754]]],[[[127.5616,34.5869],[127.5545,34.5896],[127.5536,34.5927],[127.5578,34.5938],[127.5565,34.5908],[127.5616,34.5869]]],[[[127.5512,34.6151],[127.5618,34.6156],[127.5669,34.6055],[127.5514,34.6021],[127.5488,34.5957],[127.5342,34.5974],[127.5398,34.5991],[127.5405,34.6079],[127.5367,34.6096],[127.535,34.6047],[127.5253,34.604],[127.5221,34.6145],[127.529,34.6176],[127.5341,34.6116],[127.538,34.614],[127.5438,34.6122],[127.5411,34.6156],[127.545,34.6192],[127.5513,34.6177],[127.5512,34.6151]]],[[[127.5511,34.6294],[127.5512,34.6266],[127.5426,34.623],[127.5373,34.6266],[127.5376,34.6238],[127.5325,34.6254],[127.5359,34.6324],[127.5373,34.6294],[127.5431,34.6327],[127.5511,34.6294]]],[[[127.5155,34.6396],[127.5159,34.6255],[127.5246,34.6212],[127.5218,34.6194],[127.5148,34.6227],[127.5094,34.6332],[127.5155,34.6396]]],[[[127.5681,34.6351],[127.5691,34.6268],[127.5473,34.6374],[127.5475,34.641],[127.5501,34.6426],[127.5681,34.6351]]],[[[127.551,34.6576],[127.5504,34.6596],[127.5515,34.6592],[127.551,34.6576]]],[[[127.4687,34.6748],[127.4718,34.6751],[127.469,34.6735],[127.4687,34.6748]]],[[[127.4473,34.6807],[127.4504,34.6809],[127.4512,34.678],[127.4484,34.6789],[127.4473,34.6807]]],[[[127.4532,34.6863],[127.4531,34.683],[127.4503,34.686],[127.4532,34.6863]]],[[[127.4615,34.6929],[127.4638,34.6901],[127.4577,34.6828],[127.4546,34.6872],[127.4615,34.6929]]],[[[127.4281,34.7051],[127.4317,34.7052],[127.4335,34.7038],[127.4281,34.7051]]],[[[127.4277,34.7058],[127.4212,34.7035],[127.4214,34.7077],[127.4277,34.7058]]],[[[127.4497,34.7069],[127.4507,34.7046],[127.4482,34.706],[127.4497,34.7069]]],[[[127.4128,34.709],[127.4163,34.7143],[127.4219,34.7123],[127.4158,34.711],[127.4128,34.709]]],[[[127.4391,34.7056],[127.4357,34.711],[127.4419,34.7111],[127.4416,34.7208],[127.4475,34.7217],[127.4458,34.7094],[127.4391,34.7056]]],[[[127.3993,34.7209],[127.3951,34.7208],[127.3946,34.7239],[127.3991,34.7236],[127.3993,34.7209]]],[[[127.5106,34.7615],[127.5161,34.7545],[127.5088,34.7587],[127.5106,34.7615]]],[[[127.4948,34.7659],[127.4958,34.7611],[127.5034,34.7575],[127.5003,34.7528],[127.4898,34.7662],[127.4948,34.7659]]],[[[127.5559,34.7819],[127.5583,34.7826],[127.5575,34.7805],[127.5559,34.7819]]],[[[127.4293,34.7841],[127.4307,34.7794],[127.4241,34.7792],[127.4179,34.7816],[127.4152,34.7865],[127.4293,34.7841]]],[[[127.5607,34.7881],[127.5601,34.7919],[127.5643,34.7903],[127.5607,34.7881]]],[[[127.4652,34.8032],[127.4694,34.7934],[127.4646,34.7933],[127.47,34.7869],[127.4659,34.7858],[127.4597,34.7914],[127.4609,34.7837],[127.4584,34.7901],[127.4548,34.7903],[127.4529,34.7789],[127.439,34.7801],[127.449,34.7875],[127.4465,34.7946],[127.4609,34.7933],[127.4612,34.8032],[127.4652,34.8032]]],[[[127.4717,34.7937],[127.4744,34.7931],[127.4748,34.7921],[127.4729,34.792],[127.4717,34.7937]]],[[[127.4448,34.8081],[127.4367,34.8103],[127.4437,34.8107],[127.4448,34.8081]]],[[[127.8076,34.4594],[127.8018,34.4541],[127.8025,34.451],[127.8173,34.4517],[127.8099,34.4436],[127.81,34.4344],[127.8051,34.4295],[127.8096,34.4248],[127.8077,34.4163],[127.8033,34.4143],[127.8056,34.4082],[127.7988,34.4097],[127.7961,34.4165],[127.7888,34.4126],[127.7863,34.4146],[127.7886,34.4256],[127.8015,34.4291],[127.8012,34.4319],[127.7851,34.4302],[127.7862,34.4351],[127.7912,34.4356],[127.7981,34.4442],[127.7972,34.4523],[127.7938,34.4537],[127.795,34.4573],[127.8048,34.4613],[127.8076,34.4594]]],[[[127.7865,34.4528],[127.7848,34.4515],[127.7814,34.4531],[127.7839,34.4534],[127.7865,34.4528]]],[[[127.7892,34.4773],[127.7903,34.4812],[127.7935,34.4805],[127.792,34.4754],[127.7892,34.4773]]],[[[127.8265,34.4955],[127.813,34.4917],[127.8255,34.485],[127.8214,34.476],[127.8165,34.4791],[127.8103,34.4752],[127.8104,34.4806],[127.8051,34.4829],[127.801,34.4765],[127.804,34.4713],[127.7964,34.4739],[127.7974,34.4899],[127.807,34.4904],[127.8117,34.4979],[127.8231,34.5],[127.8265,34.4955]]],[[[127.8042,34.5025],[127.8069,34.5035],[127.8078,34.5025],[127.8061,34.5009],[127.8042,34.5025]]],[[[127.7402,34.5531],[127.7577,34.5523],[127.764,34.5401],[127.7629,34.5342],[127.7802,34.52],[127.7822,34.5115],[127.7673,34.5095],[127.7776,34.5054],[127.7878,34.5062],[127.7929,34.5006],[127.7917,34.4971],[127.7954,34.4947],[127.7985,34.4965],[127.7901,34.487],[127.7712,34.4874],[127.7695,34.4914],[127.7638,34.4898],[127.772,34.4985],[127.7538,34.4992],[127.7543,34.5045],[127.7473,34.5015],[127.7348,34.503],[127.7339,34.506],[127.7406,34.5105],[127.7254,34.516],[127.7326,34.5273],[127.72,34.5231],[127.7128,34.5297],[127.7008,34.5323],[127.6967,34.5379],[127.7119,34.538],[127.7256,34.5483],[127.7402,34.5531]]],[[[127.7717,34.5374],[127.7744,34.5355],[127.7701,34.535],[127.7717,34.5374]]],[[[127.7643,34.563],[127.7684,34.567],[127.7704,34.5668],[127.7663,34.5628],[127.7643,34.563]]],[[[127.7399,34.5641],[127.7369,34.5594],[127.7244,34.5607],[127.73,34.5711],[127.7342,34.5707],[127.7359,34.5652],[127.7399,34.5641]]],[[[127.7526,34.567],[127.7488,34.5634],[127.7444,34.5657],[127.7472,34.568],[127.7526,34.567]]],[[[127.6572,34.5857],[127.6694,34.5804],[127.6707,34.5723],[127.6754,34.5746],[127.6808,34.5701],[127.6854,34.5721],[127.6832,34.575],[127.6911,34.5766],[127.6961,34.575],[127.6975,34.5693],[127.7035,34.5683],[127.7049,34.565],[127.6972,34.5627],[127.6905,34.5648],[127.687,34.5587],[127.6866,34.5642],[127.6905,34.5685],[127.6878,34.5712],[127.6785,34.5669],[127.6742,34.5556],[127.67,34.5553],[127.6691,34.5609],[127.6585,34.5526],[127.6495,34.5563],[127.6477,34.5673],[127.6417,34.5699],[127.6384,34.5659],[127.6408,34.5616],[127.6389,34.5559],[127.6369,34.5666],[127.6391,34.5749],[127.648,34.5815],[127.6535,34.5799],[127.6572,34.5857]]],[[[127.7276,34.5771],[127.7231,34.5688],[127.7129,34.5651],[127.7096,34.5755],[127.7253,34.5799],[127.7276,34.5771]]],[[[127.7396,34.5751],[127.7423,34.572],[127.7411,34.5701],[127.7376,34.5717],[127.7396,34.5751]]],[[[127.7571,34.5759],[127.7559,34.5787],[127.7627,34.5823],[127.7645,34.5758],[127.7571,34.5759]]],[[[127.6787,34.579],[127.682,34.5805],[127.6824,34.5777],[127.6809,34.5775],[127.6787,34.579]]],[[[127.7326,34.5908],[127.7437,34.5796],[127.7328,34.575],[127.7249,34.5858],[127.7121,34.5927],[127.7179,34.5937],[127.722,34.5893],[127.7325,34.5948],[127.7326,34.5908]]],[[[127.5662,34.5857],[127.5624,34.5886],[127.5681,34.5862],[127.5662,34.5857]]],[[[127.6055,34.5895],[127.6031,34.5883],[127.5993,34.5894],[127.6014,34.5906],[127.6055,34.5895]]],[[[127.6981,34.5906],[127.685,34.5884],[127.6803,34.5942],[127.6885,34.5949],[127.6981,34.5906]]],[[[127.6253,34.5886],[127.623,34.5907],[127.606,34.5895],[127.6226,34.5969],[127.6258,34.596],[127.6253,34.5886]]],[[[127.5683,34.5944],[127.5699,34.5915],[127.5657,34.5921],[127.5657,34.5929],[127.5683,34.5944]]],[[[127.6618,34.6028],[127.6542,34.5976],[127.658,34.5934],[127.6522,34.5872],[127.6454,34.5909],[127.6508,34.5945],[127.6497,34.604],[127.6618,34.6028]]],[[[127.5771,34.5999],[127.5795,34.5993],[127.5798,34.5968],[127.5775,34.5964],[127.5771,34.5999]]],[[[127.6027,34.6043],[127.6072,34.6019],[127.6021,34.595],[127.598,34.5949],[127.5946,34.5983],[127.6027,34.6043]]],[[[127.7258,34.6085],[127.7225,34.6061],[127.7096,34.6064],[127.708,34.6032],[127.7039,34.6056],[127.706,34.6101],[127.7116,34.6114],[127.7258,34.6085]]],[[[127.7978,34.6078],[127.7973,34.6101],[127.7998,34.6085],[127.7978,34.6078]]],[[[127.5836,34.6135],[127.5874,34.6137],[127.5829,34.611],[127.5836,34.6135]]],[[[127.64,34.6224],[127.643,34.6182],[127.6469,34.619],[127.6552,34.6088],[127.647,34.6084],[127.6419,34.6119],[127.6405,34.6056],[127.6333,34.6073],[127.6261,34.6136],[127.6292,34.6233],[127.64,34.6224]]],[[[127.6454,34.6324],[127.6468,34.6354],[127.6479,34.636],[127.6474,34.6336],[127.6454,34.6324]]],[[[127.7099,34.6362],[127.712,34.6375],[127.7144,34.6368],[127.7122,34.6358],[127.7099,34.6362]]],[[[127.7153,34.6435],[127.7135,34.6413],[127.7118,34.6425],[127.7127,34.6437],[127.7153,34.6435]]],[[[127.8008,34.6462],[127.7999,34.6488],[127.801,34.6481],[127.8008,34.6462]]],[[[127.6369,34.6557],[127.6367,34.6598],[127.64,34.6549],[127.6369,34.6557]]],[[[127.7486,34.7338],[127.7717,34.7252],[127.7871,34.7162],[127.7912,34.7031],[127.789,34.6993],[127.7798,34.6966],[127.7825,34.6894],[127.7775,34.686],[127.7771,34.6799],[127.785,34.6701],[127.7925,34.6725],[127.7953,34.6676],[127.8008,34.6676],[127.7939,34.6648],[127.795,34.6607],[127.8066,34.6609],[127.8065,34.6579],[127.798,34.6549],[127.7964,34.6485],[127.8004,34.6303],[127.7965,34.628],[127.7924,34.6302],[127.7922,34.6109],[127.7881,34.6073],[127.8027,34.6015],[127.8023,34.596],[127.8079,34.5966],[127.8059,34.5902],[127.8005,34.5863],[127.7896,34.5847],[127.7803,34.5883],[127.7707,34.5879],[127.7641,34.5933],[127.7494,34.5927],[127.7384,34.6031],[127.7375,34.6105],[127.7191,34.6135],[127.7122,34.6215],[127.7153,34.6279],[127.7238,34.6335],[127.7245,34.6374],[127.718,34.643],[127.7221,34.6542],[127.7434,34.6654],[127.7521,34.6804],[127.7629,34.6877],[127.7561,34.6913],[127.7544,34.7086],[127.7578,34.7125],[127.7468,34.7144],[127.737,34.7317],[127.7486,34.7338]]],[[[127.7341,34.6614],[127.7312,34.664],[127.7331,34.6649],[127.7341,34.6614]]],[[[127.7127,34.671],[127.7105,34.6693],[127.7081,34.6712],[127.7107,34.6707],[127.7127,34.671]]],[[[127.6832,34.6766],[127.6818,34.6751],[127.6805,34.6757],[127.6832,34.6766]]],[[[127.7011,34.6761],[127.7013,34.6797],[127.7051,34.6768],[127.7011,34.6761]]],[[[127.7399,34.6808],[127.742,34.6824],[127.7442,34.6769],[127.7427,34.6767],[127.7399,34.6808]]],[[[127.7053,34.6875],[127.7053,34.6854],[127.7036,34.6875],[127.7053,34.6875]]],[[[127.793,34.6917],[127.7936,34.694],[127.7957,34.6915],[127.793,34.6917]]],[[[127.7122,34.7024],[127.701,34.7084],[127.7,34.7107],[127.7093,34.7091],[127.7122,34.7024]]],[[[127.7302,34.7191],[127.7322,34.7151],[127.7281,34.7157],[127.7258,34.7113],[127.7426,34.7049],[127.7371,34.7024],[127.7367,34.6992],[127.7205,34.7047],[127.7168,34.7131],[127.7213,34.715],[127.7184,34.7187],[127.7214,34.7219],[127.7262,34.7215],[127.7238,34.718],[127.7302,34.7191]]],[[[127.7092,34.7153],[127.7118,34.7156],[127.7123,34.7122],[127.7113,34.7121],[127.7092,34.7153]]],[[[127.7145,34.7201],[127.7096,34.7193],[127.7087,34.7201],[127.7117,34.7215],[127.7145,34.7201]]],[[[127.5624,34.7379],[127.5647,34.7328],[127.5614,34.7355],[127.5624,34.7379]]],[[[127.5577,34.741],[127.5582,34.7478],[127.5617,34.7497],[127.5677,34.7428],[127.5654,34.7393],[127.5577,34.741]]],[[[127.5629,34.77],[127.562,34.768],[127.5672,34.7676],[127.57,34.7629],[127.5596,34.7632],[127.5589,34.7705],[127.5629,34.77]]],[[[127.6441,34.8446],[127.6475,34.843],[127.6476,34.8412],[127.6447,34.8412],[127.6441,34.8446]]],[[[127.6456,34.8475],[127.6447,34.85],[127.6469,34.8478],[127.6456,34.8475]]],[[[127.6335,34.8473],[127.6216,34.8485],[127.6139,34.8581],[127.6337,34.8709],[127.647,34.8574],[127.6335,34.8473]]],[[[127.7166,34.8643],[127.7188,34.8652],[127.7203,34.8638],[127.719,34.8635],[127.7166,34.8643]]],[[[127.7266,34.8673],[127.7292,34.8689],[127.7314,34.8684],[127.7304,34.8675],[127.7266,34.8673]]],[[[127.6187,34.8662],[127.6203,34.8693],[127.6227,34.8702],[127.623,34.8672],[127.6187,34.8662]]],[[[127.6107,34.8674],[127.6096,34.8713],[127.6119,34.8715],[127.6107,34.8674]]],[[[127.6308,34.8802],[127.6294,34.8769],[127.6321,34.8755],[127.6295,34.8739],[127.6234,34.8796],[127.6116,34.8782],[127.6112,34.8819],[127.6239,34.8828],[127.6308,34.8802]]],[[[127.7333,34.8952],[127.7456,34.891],[127.7512,34.8778],[127.7464,34.8727],[127.728,34.8738],[127.7227,34.8677],[127.7093,34.8719],[127.7039,34.87],[127.6975,34.8727],[127.7004,34.8766],[127.6915,34.8837],[127.6998,34.8933],[127.7156,34.8994],[127.7297,34.8925],[127.7333,34.8952]]],[[[127.7592,34.9061],[127.7043,34.9126],[127.703,34.9311],[127.7145,34.9326],[127.7148,34.9379],[127.7301,34.9511],[127.7398,34.9461],[127.7356,34.9352],[127.7378,34.9321],[127.7653,34.9319],[127.7848,34.9155],[127.7844,34.8864],[127.762,34.8918],[127.7592,34.9061]]],[[[127.7468,34.9332],[127.7405,34.9436],[127.7407,34.9513],[127.7611,34.9603],[127.7679,34.9537],[127.7663,34.9412],[127.7688,34.9411],[127.7688,34.9337],[127.7468,34.9332]]]]}},{"type":"Feature","properties":{"sido":"대전"},"geometry":{"type":"Polygon","coordinates":[[[127.3598,36.2629],[127.3646,36.2476],[127.3601,36.2268],[127.3647,36.22],[127.3497,36.2083],[127.3475,36.1978],[127.3339,36.1833],[127.3314,36.1843],[127.3301,36.1944],[127.3335,36.2005],[127.3232,36.2034],[127.3215,36.2137],[127.3145,36.2224],[127.3038,36.229],[127.3031,36.2217],[127.2938,36.2231],[127.2911,36.2303],[127.2781,36.2441],[127.281,36.2458],[127.2821,36.2578],[127.2915,36.2653],[127.281,36.2654],[127.2495,36.2834],[127.2476,36.2916],[127.252,36.2961],[127.2594,36.2969],[127.2575,36.3154],[127.2598,36.3272],[127.266,36.3284],[127.2672,36.3387],[127.2779,36.3486],[127.2723,36.3542],[127.2708,36.361],[127.2775,36.3652],[127.281,36.3748],[127.2786,36.397],[127.2823,36.4145],[127.304,36.4251],[127.3106,36.4248],[127.3171,36.42],[127.3215,36.4236],[127.3267,36.4219],[127.3407,36.431],[127.3399,36.436],[127.3447,36.4445],[127.3531,36.4479],[127.3587,36.456],[127.356,36.464],[127.3644,36.4717],[127.3592,36.4854],[127.3603,36.4902],[127.3713,36.4903],[127.3812,36.5],[127.388,36.4985],[127.4042,36.4833],[127.4004,36.4613],[127.4044,36.4551],[127.4332,36.4572],[127.4434,36.4505],[127.4532,36.4501],[127.464,36.4566],[127.4647,36.4661],[127.4691,36.4726],[127.4841,36.4776],[127.4793,36.4578],[127.503,36.453],[127.4892,36.4333],[127.5026,36.4082],[127.51,36.4031],[127.5157,36.4223],[127.5195,36.4202],[127.5241,36.4232],[127.534,36.4188],[127.5424,36.4207],[127.5446,36.4111],[127.5573,36.3972],[127.5542,36.3947],[127.5392,36.3972],[127.5257,36.3873],[127.5269,36.3693],[127.5213,36.3532],[127.5098,36.3504],[127.5093,36.3431],[127.5013,36.3387],[127.5036,36.3258],[127.4983,36.319],[127.4993,36.3149],[127.4948,36.3117],[127.4995,36.3053],[127.4933,36.3],[127.489,36.3008],[127.4983,36.2829],[127.4886,36.2732],[127.4863,36.2614],[127.4898,36.2579],[127.4877,36.2506],[127.4926,36.2447],[127.4928,36.2381],[127.4884,36.2328],[127.4675,36.2233],[127.4692,36.2155],[127.4601,36.2129],[127.4533,36.2068],[127.4557,36.2009],[127.4428,36.1941],[127.4335,36.1992],[127.4293,36.2053],[127.4083,36.2131],[127.4109,36.2175],[127.4046,36.2227],[127.4006,36.2318],[127.3879,36.2345],[127.3911,36.2427],[127.3864,36.2508],[127.3904,36.2608],[127.3888,36.2655],[127.3724,36.2722],[127.3627,36.2692],[127.3598,36.2629]]]}},{"type":"Feature","properties":{"sido":"울산"},"geometry":{"type":"Polygon","coordinates":[[[129.2653,35.3865],[129.252,35.3872],[129.2492,35.3835],[129.2416,35.3857],[129.2356,35.3803],[129.2177,35.3787],[129.2087,35.3812],[129.203,35.3879],[129.22,35.4088],[129.2112,35.4192],[129.202,35.4216],[129.2023,35.432],[129.1966,35.4394],[129.1789,35.4326],[129.1656,35.4321],[129.143,35.4459],[129.1357,35.4564],[129.1227,35.4653],[129.1171,35.4749],[129.1086,35.4812],[129.1053,35.4965],[129.0908,35.4982],[129.052,35.5157],[129.0558,35.5321],[129.0114,35.5232],[129.0087,35.524],[129.0096,35.528],[128.9945,35.529],[128.9981,35.5394],[128.993,35.5479],[128.9806,35.546],[128.9736,35.5522],[128.9709,35.5606],[128.9954,35.5689],[129.0202,35.585],[129.0232,35.5908],[129.026,35.6007],[129.0218,35.614],[129.0074,35.616],[129.0033,35.6201],[129.0077,35.6268],[129.021,35.6356],[129.0271,35.6363],[129.0371,35.6322],[129.0473,35.6501],[129.0643,35.6462],[129.0741,35.6401],[129.0812,35.6434],[129.0797,35.6495],[129.068,35.6587],[129.0676,35.6712],[129.0732,35.6777],[129.0695,35.6807],[129.0861,35.7007],[129.1017,35.7062],[129.1233,35.7075],[129.1267,35.7145],[129.1352,35.7119],[129.14,35.7181],[129.1385,35.7209],[129.1457,35.7247],[129.1544,35.7217],[129.1606,35.7149],[129.1769,35.7155],[129.1815,35.7231],[129.1976,35.7158],[129.2072,35.7215],[129.2267,35.7083],[129.2325,35.7081],[129.2341,35.7036],[129.254,35.7015],[129.2591,35.6982],[129.2623,35.686],[129.2586,35.6834],[129.2598,35.673],[129.2542,35.6662],[129.2549,35.6609],[129.2601,35.6545],[129.2695,35.651],[129.2844,35.6515],[129.2958,35.6443],[129.3028,35.6483],[129.3036,35.657],[129.3108,35.6603],[129.324,35.6592],[129.3488,35.6773],[129.3586,35.6797],[129.3646,35.6788],[129.3735,35.6698],[129.3999,35.6675],[129.4034,35.6629],[129.4126,35.664],[129.4284,35.6559],[129.4327,35.6566],[129.4352,35.6522],[129.4428,35.6544],[129.45,35.6509],[129.4418,35.6451],[129.4408,35.6324],[129.4506,35.618],[129.45,35.6148],[129.4569,35.6139],[129.4578,35.6081],[129.4613,35.6073],[129.4652,35.5866],[129.4576,35.5849],[129.4527,35.5785],[129.458,35.5546],[129.4531,35.5467],[129.4455,35.511],[129.433,35.5109],[129.4321,35.5054],[129.4418,35.5077],[129.4434,35.5021],[129.433,35.4999],[129.432,35.4936],[129.4416,35.4958],[129.4465,35.4911],[129.4407,35.491],[129.4397,35.4861],[129.4312,35.4781],[129.4275,35.4781],[129.4311,35.4785],[129.4304,35.4835],[129.4253,35.4849],[129.4248,35.4815],[129.4287,35.4796],[129.4196,35.4818],[129.4116,35.4716],[129.4061,35.4716],[129.404,35.4867],[129.408,35.4932],[129.403,35.4997],[129.3957,35.5012],[129.3967,35.5149],[129.383,35.5333],[129.3693,35.5436],[129.3626,35.5409],[129.3778,35.5283],[129.3745,35.5288],[129.3725,35.5235],[129.376,35.5225],[129.3755,35.5176],[129.3849,35.5159],[129.3874,35.502],[129.3698,35.501],[129.3623,35.5053],[129.3676,35.498],[129.3793,35.5],[129.3893,35.4877],[129.3845,35.4837],[129.3841,35.4741],[129.3628,35.4605],[129.3677,35.4585],[129.3649,35.4567],[129.3544,35.4597],[129.3527,35.4654],[129.3393,35.4753],[129.3391,35.4801],[129.3365,35.4824],[129.3357,35.4824],[129.3397,35.4728],[129.3474,35.4643],[129.35,35.4483],[129.3596,35.448],[129.3591,35.4428],[129.354,35.4408],[129.3551,35.4385],[129.3646,35.4416],[129.3693,35.4488],[129.3734,35.4472],[129.3658,35.4357],[129.3695,35.4315],[129.3649,35.4296],[129.3639,35.4145],[129.3558,35.4141],[129.3559,35.4111],[129.363,35.4109],[129.3629,35.4062],[129.3523,35.4028],[129.3569,35.3999],[129.3574,35.395],[129.3465,35.3894],[129.3485,35.3859],[129.353,35.3859],[129.3474,35.384],[129.3456,35.3764],[129.356,35.3739],[129.3562,35.3684],[129.3614,35.3664],[129.3616,35.3586],[129.3472,35.3525],[129.3407,35.3565],[129.3358,35.3559],[129.3322,35.3476],[129.3227,35.346],[129.3136,35.3305],[129.3045,35.3295],[129.2894,35.3401],[129.2799,35.3415],[129.2846,35.3508],[129.2806,35.3561],[129.2832,35.3652],[129.2797,35.3658],[129.2653,35.3865]]]}},{"type":"Feature","properties":{"sido":"세종"},"geometry":{"type":"Polygon","coordinates":[[[127.2177,36.4337],[127.1991,36.44],[127.2018,36.4463],[127.1984,36.4522],[127.2047,36.4593],[127.2033,36.465],[127.1979,36.466],[127.192,36.4747],[127.1905,36.4795],[127.1948,36.4844],[127.1947,36.4896],[127.1854,36.4932],[127.1769,36.4925],[127.1732,36.4974],[127.1782,36.4997],[127.1775,36.5024],[127.17,36.509],[127.1822,36.5215],[127.173,36.5335],[127.1742,36.5422],[127.1787,36.5454],[127.185,36.5437],[127.1918,36.546],[127.1868,36.5529],[127.1938,36.5648],[127.2031,36.5675],[127.2079,36.5787],[127.2005,36.5828],[127.1928,36.5809],[127.1892,36.5866],[127.1905,36.5941],[127.1843,36.5911],[127.1809,36.5959],[127.1725,36.5965],[127.1556,36.6061],[127.1557,36.6157],[127.15,36.6191],[127.1541,36.6245],[127.1602,36.6246],[127.1563,36.6286],[127.1579,36.6352],[127.153,36.645],[127.1542,36.6527],[127.1599,36.6573],[127.1548,36.6649],[127.1644,36.6783],[127.1614,36.6906],[127.1571,36.6955],[127.1565,36.6908],[127.1416,36.6898],[127.1362,36.7048],[127.1277,36.708],[127.1451,36.7171],[127.1529,36.7283],[127.1569,36.7264],[127.1634,36.7336],[127.1738,36.7286],[127.1834,36.7303],[127.2029,36.7262],[127.2051,36.7203],[127.2237,36.7156],[127.2252,36.7101],[127.2364,36.7072],[127.2458,36.6958],[127.2522,36.6967],[127.2652,36.6921],[127.2736,36.6953],[127.2773,36.6914],[127.3046,36.6849],[127.3075,36.678],[127.3016,36.6601],[127.2951,36.6552],[127.287,36.6542],[127.2767,36.6385],[127.2808,36.6344],[127.2924,36.6358],[127.2913,36.6255],[127.3009,36.6155],[127.3012,36.6075],[127.3071,36.6015],[127.304,36.5901],[127.2993,36.5864],[127.3011,36.5822],[127.3037,36.5857],[127.3224,36.5825],[127.3361,36.5705],[127.3379,36.5625],[127.3432,36.5645],[127.3605,36.5623],[127.3771,36.5678],[127.3765,36.561],[127.3727,36.5597],[127.3794,36.5537],[127.3787,36.5499],[127.3831,36.5482],[127.3835,36.542],[127.4015,36.5415],[127.4084,36.5272],[127.4088,36.5244],[127.3975,36.521],[127.4088,36.5096],[127.4088,36.4953],[127.3957,36.4916],[127.3828,36.5004],[127.3713,36.4903],[127.3603,36.4902],[127.3592,36.4854],[127.3645,36.4724],[127.356,36.464],[127.3587,36.456],[127.3531,36.4479],[127.3447,36.4445],[127.3399,36.436],[127.3407,36.431],[127.3267,36.4219],[127.3215,36.4236],[127.3171,36.42],[127.3106,36.4248],[127.304,36.4251],[127.2893,36.4194],[127.287,36.4153],[127.2766,36.4139],[127.2624,36.4166],[127.2586,36.4142],[127.2591,36.4091],[127.2508,36.4068],[127.2423,36.4186],[127.2269,36.4212],[127.2177,36.4337]]]}},{"type":"Feature","properties":{"sido":"경기"},"geometry":{"type":"MultiPolygon","coordinates":[[[[126.5574,37.0645],[126.5593,37.0618],[126.5529,37.0593],[126.5574,37.0645]]],[[[126.7303,37.0722],[126.7358,37.083],[126.7358,37.0931],[126.7425,37.0768],[126.7303,37.0722]]],[[[126.4668,37.0835],[126.469,37.0841],[126.4693,37.0824],[126.4668,37.0835]]],[[[126.4586,37.092],[126.4629,37.0937],[126.4651,37.0891],[126.4615,37.0888],[126.4586,37.092]]],[[[126.4486,37.0992],[126.4529,37.1025],[126.4577,37.0963],[126.4516,37.095],[126.4486,37.0992]]],[[[126.5384,37.1124],[126.5417,37.1028],[126.5391,37.0991],[126.537,37.1089],[126.5384,37.1124]]],[[[126.3915,37.1001],[126.3799,37.1045],[126.382,37.1142],[126.3949,37.1126],[126.3977,37.1016],[126.3915,37.1001]]],[[[126.6141,37.1173],[126.6138,37.1194],[126.6156,37.1196],[126.6141,37.1173]]],[[[126.6374,37.1405],[126.6392,37.1423],[126.6387,37.1393],[126.6374,37.1405]]],[[[126.7426,37.1538],[126.7311,37.1491],[126.7281,37.1388],[126.7173,37.1308],[126.7064,37.131],[126.7048,37.1231],[126.6924,37.1192],[126.6861,37.1119],[126.6779,37.115],[126.6845,37.1196],[126.6819,37.1284],[126.6774,37.135],[126.6737,37.1347],[126.6735,37.138],[126.679,37.1407],[126.6837,37.1497],[126.6945,37.1524],[126.6842,37.1597],[126.6893,37.1678],[126.6826,37.1604],[126.6701,37.1557],[126.6507,37.1536],[126.6494,37.1566],[126.6607,37.1621],[126.6533,37.1809],[126.6609,37.178],[126.6646,37.1874],[126.6697,37.1891],[126.6599,37.1905],[126.6548,37.1828],[126.6493,37.1838],[126.6552,37.1897],[126.6516,37.1916],[126.6573,37.191],[126.662,37.1968],[126.6712,37.1944],[126.6692,37.1965],[126.6919,37.2031],[126.6992,37.2137],[126.6917,37.2143],[126.6884,37.2075],[126.6842,37.2095],[126.6792,37.2072],[126.6769,37.2009],[126.6727,37.2],[126.6662,37.2086],[126.6661,37.2167],[126.6774,37.2236],[126.673,37.2296],[126.6686,37.2292],[126.6645,37.2368],[126.6567,37.2378],[126.6556,37.2348],[126.6481,37.249],[126.6506,37.2542],[126.655,37.2468],[126.6699,37.2428],[126.6766,37.2465],[126.6803,37.256],[126.6754,37.2574],[126.6769,37.2607],[126.6811,37.2572],[126.6892,37.2629],[126.7173,37.2561],[126.7255,37.2586],[126.734,37.2503],[126.7407,37.2552],[126.757,37.255],[126.7675,37.2483],[126.7752,37.2479],[126.7776,37.2379],[126.7817,37.2344],[126.7864,37.233],[126.7783,37.2392],[126.7781,37.2459],[126.7894,37.2444],[126.7881,37.2552],[126.793,37.2595],[126.7901,37.2673],[126.7961,37.2709],[126.8105,37.2672],[126.7992,37.279],[126.8045,37.2837],[126.8046,37.2932],[126.8193,37.2905],[126.8281,37.2771],[126.8356,37.2766],[126.8395,37.2696],[126.8414,37.2677],[126.8465,37.2659],[126.84,37.27],[126.8378,37.2754],[126.8337,37.2777],[126.8293,37.2786],[126.828,37.2798],[126.8257,37.2888],[126.8285,37.2889],[126.8278,37.2916],[126.8217,37.2908],[126.8139,37.2951],[126.8163,37.298],[126.8072,37.2993],[126.8042,37.2963],[126.7726,37.2894],[126.7256,37.3023],[126.6924,37.319],[126.6772,37.3201],[126.6711,37.3299],[126.6915,37.3359],[126.6911,37.3392],[126.6856,37.3409],[126.6884,37.3489],[126.7032,37.3513],[126.7005,37.3547],[126.7306,37.3862],[126.7426,37.3826],[126.745,37.3885],[126.7421,37.3846],[126.7337,37.3882],[126.7365,37.3954],[126.7506,37.4076],[126.7551,37.4181],[126.7537,37.4225],[126.7706,37.4296],[126.7707,37.4485],[126.7783,37.4508],[126.7798,37.4543],[126.7774,37.4575],[126.7782,37.4718],[126.7677,37.4718],[126.7591,37.4768],[126.7545,37.4837],[126.7426,37.4866],[126.7416,37.4951],[126.7436,37.5015],[126.7416,37.5089],[126.7455,37.5146],[126.7603,37.5159],[126.7609,37.5379],[126.7662,37.5541],[126.7717,37.5483],[126.7918,37.5437],[126.7948,37.5415],[126.7944,37.5358],[126.8028,37.5431],[126.8221,37.5407],[126.8218,37.5349],[126.8288,37.5265],[126.8252,37.523],[126.8216,37.5021],[126.813,37.4963],[126.8235,37.4877],[126.8194,37.4855],[126.8154,37.474],[126.8318,37.4776],[126.8453,37.4738],[126.8465,37.4817],[126.8526,37.4819],[126.8689,37.4951],[126.8753,37.4885],[126.8739,37.4833],[126.8767,37.4776],[126.8891,37.4615],[126.8853,37.4601],[126.8864,37.4562],[126.8896,37.4524],[126.8941,37.4526],[126.8989,37.4388],[126.9045,37.4341],[126.9194,37.4408],[126.9287,37.4502],[126.9386,37.436],[126.963,37.4403],[126.9646,37.4457],[126.974,37.4476],[126.9968,37.4622],[126.9963,37.4667],[127.0034,37.4673],[127.0111,37.4554],[127.0247,37.4578],[127.0299,37.4654],[127.0331,37.465],[127.0384,37.4457],[127.0359,37.4392],[127.0509,37.4297],[127.0657,37.429],[127.0705,37.4301],[127.0719,37.4421],[127.0816,37.441],[127.088,37.4451],[127.0963,37.4614],[127.1006,37.4591],[127.1063,37.4625],[127.1167,37.4586],[127.1251,37.4689],[127.1327,37.4682],[127.1326,37.4748],[127.1434,37.4741],[127.1498,37.4853],[127.1576,37.4891],[127.1614,37.5003],[127.1411,37.5055],[127.1402,37.5098],[127.1435,37.5127],[127.1411,37.5156],[127.1454,37.5161],[127.1458,37.522],[127.1632,37.545],[127.1836,37.5458],[127.182,37.5609],[127.1754,37.5773],[127.1777,37.5808],[127.1666,37.5789],[127.1492,37.5685],[127.1338,37.5684],[127.1138,37.5589],[127.1011,37.56],[127.1042,37.5711],[127.1009,37.5736],[127.1028,37.5818],[127.0998,37.5831],[127.1093,37.5847],[127.1124,37.5919],[127.1178,37.594],[127.1138,37.6],[127.1184,37.6074],[127.1157,37.6193],[127.1035,37.6229],[127.112,37.6326],[127.1112,37.6424],[127.1066,37.6455],[127.0945,37.6458],[127.0928,37.6549],[127.086,37.6559],[127.0924,37.6581],[127.094,37.6626],[127.0957,37.6723],[127.0918,37.6792],[127.0958,37.6889],[127.0858,37.6905],[127.0838,37.6947],[127.0773,37.6964],[127.0651,37.6898],[127.0508,37.687],[127.0491,37.6935],[127.0451,37.6924],[127.0416,37.6954],[127.0325,37.6917],[127.028,37.7006],[127.0196,37.7011],[127.0092,37.6952],[127.0086,37.6849],[126.998,37.6838],[126.9917,37.6795],[126.9942,37.6663],[126.9794,37.6558],[126.9846,37.6475],[126.9846,37.6366],[126.9718,37.6323],[126.9568,37.6526],[126.9471,37.659],[126.9213,37.6456],[126.9139,37.6447],[126.9053,37.6489],[126.9125,37.6417],[126.9065,37.6325],[126.9079,37.6254],[126.901,37.6125],[126.8998,37.5899],[126.8873,37.5886],[126.8848,37.5934],[126.8776,37.5862],[126.8771,37.5789],[126.8536,37.5718],[126.8029,37.6046],[126.797,37.5985],[126.8008,37.588],[126.7937,37.5816],[126.787,37.5856],[126.7841,37.5826],[126.7673,37.588],[126.7518,37.5796],[126.7436,37.5933],[126.735,37.5905],[126.7251,37.592],[126.712,37.6048],[126.7045,37.6026],[126.7053,37.6115],[126.6801,37.6296],[126.6525,37.6396],[126.6476,37.6287],[126.637,37.626],[126.6366,37.6205],[126.6234,37.6028],[126.6125,37.6054],[126.5927,37.593],[126.5657,37.5861],[126.5631,37.5895],[126.5661,37.5942],[126.5542,37.6093],[126.5496,37.6271],[126.5379,37.6368],[126.529,37.653],[126.5358,37.665],[126.5235,37.6744],[126.5273,37.7031],[126.5185,37.7127],[126.5197,37.7262],[126.5278,37.7484],[126.5146,37.7669],[126.5363,37.7719],[126.5588,37.7676],[126.5689,37.7551],[126.5804,37.7538],[126.592,37.7577],[126.6095,37.7529],[126.6226,37.7623],[126.6288,37.7724],[126.6389,37.7784],[126.667,37.7845],[126.6622,37.7902],[126.666,37.8121],[126.674,37.831],[126.6593,37.8402],[126.661,37.8436],[126.6796,37.846],[126.6799,37.8517],[126.6922,37.8684],[126.6834,37.874],[126.6801,37.8703],[126.6726,37.8701],[126.6752,37.8744],[126.6721,37.878],[126.6821,37.8797],[126.6787,37.8815],[126.6797,37.8846],[126.6725,37.8822],[126.6745,37.8859],[126.6702,37.888],[126.6774,37.8977],[126.6759,37.9062],[126.6846,37.9126],[126.6814,37.9156],[126.6701,37.9143],[126.6659,37.9183],[126.6692,37.928],[126.6676,37.9327],[126.6718,37.9397],[126.6691,37.9414],[126.6724,37.9485],[126.6704,37.9557],[126.6764,37.9535],[126.6813,37.9581],[126.6873,37.9572],[126.6916,37.9662],[126.7007,37.9691],[126.7025,37.9743],[126.7077,37.9756],[126.7095,37.9706],[126.7167,37.9689],[126.7194,37.965],[126.7278,37.9687],[126.7366,37.9658],[126.7481,37.979],[126.7625,37.985],[126.7728,37.9784],[126.7753,37.9804],[126.7718,37.9824],[126.7735,37.984],[126.7839,37.981],[126.7964,37.9937],[126.8296,37.9931],[126.8305,37.9987],[126.8253,38.0002],[126.8231,38.0113],[126.8287,38.0202],[126.8351,38.0182],[126.8332,38.0219],[126.8357,38.0245],[126.8305,38.0254],[126.831,38.0322],[126.8358,38.0342],[126.8536,38.0315],[126.8528,38.0531],[126.8581,38.0531],[126.8594,38.0646],[126.8663,38.0695],[126.8696,38.0779],[126.8606,38.0859],[126.8561,38.0997],[126.8672,38.1112],[126.8837,38.1163],[126.8892,38.1288],[126.9047,38.1379],[126.9171,38.1367],[126.9305,38.1274],[126.9323,38.1317],[126.9609,38.1361],[126.9609,38.1397],[126.9648,38.1358],[126.9694,38.1456],[126.95,38.1591],[126.9517,38.1649],[126.9545,38.1633],[126.9657,38.1714],[126.9692,38.1819],[126.9629,38.1905],[126.9668,38.1991],[126.9751,38.1993],[126.9759,38.2049],[126.984,38.2109],[126.9782,38.2221],[126.982,38.2275],[126.9882,38.2258],[126.9916,38.2295],[127.0052,38.2229],[127.0142,38.2371],[127.0222,38.2404],[127.0209,38.2459],[127.0329,38.2484],[127.0419,38.259],[127.0551,38.259],[127.0669,38.2657],[127.076,38.2781],[127.0933,38.2821],[127.1093,38.292],[127.114,38.2653],[127.1099,38.2438],[127.113,38.2376],[127.1229,38.2325],[127.1305,38.2326],[127.1489,38.2427],[127.1584,38.2389],[127.1625,38.2322],[127.1594,38.2191],[127.1722,38.2104],[127.1662,38.1981],[127.1794,38.1847],[127.1904,38.1889],[127.186,38.1734],[127.1896,38.1614],[127.2189,38.1392],[127.2225,38.1381],[127.2237,38.1473],[127.2339,38.1473],[127.2396,38.1545],[127.2559,38.164],[127.265,38.1735],[127.2661,38.1805],[127.2831,38.1829],[127.2893,38.1769],[127.2973,38.1748],[127.2872,38.1687],[127.2875,38.1609],[127.2846,38.1578],[127.2872,38.1514],[127.2756,38.1368],[127.2767,38.1254],[127.282,38.1247],[127.2856,38.1151],[127.3027,38.1157],[127.3072,38.1194],[127.3212,38.0952],[127.3374,38.0898],[127.3389,38.1014],[127.3645,38.107],[127.3781,38.1177],[127.3858,38.1143],[127.403,38.1132],[127.406,38.1061],[127.4121,38.1027],[127.4308,38.1153],[127.4409,38.1084],[127.4439,38.0994],[127.447,38.0708],[127.4437,38.059],[127.4457,38.051],[127.4522,38.0474],[127.451,38.0376],[127.4614,38.0129],[127.4722,38.0061],[127.4973,38.0036],[127.5014,37.9996],[127.5397,38.0012],[127.5471,37.9798],[127.5443,37.9681],[127.5613,37.9628],[127.5879,37.9613],[127.6014,37.9561],[127.6048,37.9442],[127.6138,37.9394],[127.6166,37.9295],[127.6121,37.9208],[127.6177,37.9065],[127.6076,37.8899],[127.6088,37.8833],[127.6059,37.8767],[127.5764,37.8728],[127.5624,37.8555],[127.5523,37.8531],[127.5493,37.8469],[127.5336,37.8426],[127.5251,37.8305],[127.5249,37.8242],[127.5352,37.8178],[127.5372,37.8124],[127.5217,37.791],[127.5403,37.7711],[127.5445,37.7599],[127.5376,37.7513],[127.5099,37.7349],[127.5073,37.7197],[127.5109,37.7177],[127.5254,37.7269],[127.5408,37.7191],[127.5521,37.7283],[127.5573,37.729],[127.5624,37.721],[127.5501,37.6855],[127.5492,37.6676],[127.5528,37.6615],[127.5439,37.6516],[127.5357,37.6504],[127.537,37.643],[127.559,37.6284],[127.5646,37.6331],[127.582,37.6341],[127.5857,37.6421],[127.5986,37.6467],[127.6023,37.6513],[127.6072,37.651],[127.6234,37.6414],[127.6276,37.6426],[127.6394,37.6329],[127.6469,37.6329],[127.6524,37.6227],[127.6637,37.624],[127.6676,37.6173],[127.6965,37.6004],[127.7002,37.5967],[127.6979,37.5916],[127.7081,37.5864],[127.721,37.5907],[127.7395,37.5872],[127.7535,37.5919],[127.767,37.5826],[127.786,37.5786],[127.7934,37.5854],[127.8103,37.5728],[127.8129,37.5646],[127.8371,37.5605],[127.8494,37.5532],[127.8424,37.539],[127.8095,37.5367],[127.8051,37.5302],[127.7965,37.5285],[127.7967,37.5236],[127.784,37.5122],[127.7649,37.5027],[127.7594,37.5037],[127.7603,37.4923],[127.7745,37.4916],[127.7806,37.4882],[127.782,37.4816],[127.7879,37.476],[127.7997,37.4722],[127.7966,37.4598],[127.7996,37.4517],[127.7986,37.4424],[127.804,37.4291],[127.7946,37.4242],[127.7879,37.4013],[127.7837,37.3986],[127.7831,37.3903],[127.7766,37.3832],[127.7778,37.3712],[127.7595,37.367],[127.7578,37.346],[127.7614,37.3366],[127.7604,37.3291],[127.7686,37.3078],[127.7672,37.3018],[127.7548,37.2977],[127.7583,37.258],[127.7476,37.2435],[127.7464,37.2296],[127.7507,37.2216],[127.7354,37.208],[127.7265,37.1827],[127.718,37.1838],[127.711,37.1764],[127.7046,37.1666],[127.704,37.1565],[127.6944,37.1496],[127.6954,37.1404],[127.6878,37.1352],[127.6682,37.1366],[127.6476,37.1508],[127.6288,37.1538],[127.6378,37.1412],[127.6341,37.1237],[127.6348,37.1019],[127.6315,37.0965],[127.6145,37.0879],[127.6009,37.0855],[127.6002,37.0818],[127.6045,37.0775],[127.6042,37.0685],[127.5959,37.0739],[127.5762,37.074],[127.5651,37.0603],[127.5681,37.0477],[127.56,37.043],[127.532,37.0556],[127.5183,37.0584],[127.5047,37.048],[127.4969,37.0484],[127.49,37.0528],[127.468,37.053],[127.4572,37.0422],[127.4598,37.0365],[127.458,37.0206],[127.4496,37.0182],[127.4467,37.011],[127.4411,37.0116],[127.4297,37.0019],[127.422,37.0047],[127.4151,36.9997],[127.3925,36.9965],[127.3849,36.9837],[127.4019,36.9677],[127.3981,36.9643],[127.3876,36.9641],[127.3854,36.9591],[127.3791,36.9576],[127.3755,36.9482],[127.3579,36.9475],[127.3551,36.9517],[127.3497,36.9526],[127.3435,36.948],[127.343,36.9435],[127.327,36.9358],[127.3165,36.9346],[127.3091,36.9291],[127.2957,36.9289],[127.3041,36.9151],[127.2978,36.9026],[127.2886,36.8935],[127.2795,36.9002],[127.2803,36.9043],[127.2718,36.9133],[127.2591,36.9156],[127.2531,36.9223],[127.244,36.9174],[127.2202,36.9303],[127.2107,36.9304],[127.2117,36.9379],[127.2059,36.9418],[127.2068,36.9461],[127.2019,36.9521],[127.1901,36.9529],[127.1777,36.9583],[127.176,36.9621],[127.1651,36.962],[127.1554,36.9657],[127.1538,36.9694],[127.1443,36.9715],[127.1317,36.965],[127.1111,36.9709],[127.0965,36.9595],[127.0964,36.9557],[127.1018,36.9538],[127.0947,36.9418],[127.0861,36.9478],[127.0739,36.9384],[127.0606,36.9395],[127.0317,36.9283],[127.0159,36.9345],[126.9954,36.9355],[126.9432,36.918],[126.9171,36.9054],[126.909,36.9049],[126.9051,36.9246],[126.9006,36.9306],[126.887,36.9361],[126.8642,36.9327],[126.8624,36.9488],[126.859,36.9505],[126.8499,36.9454],[126.8442,36.9538],[126.8466,36.956],[126.8359,36.9666],[126.8388,36.9679],[126.8254,36.9871],[126.8256,36.9952],[126.7997,36.9994],[126.7902,36.9941],[126.7836,36.9981],[126.7867,36.9978],[126.7829,37.0021],[126.7775,37.0019],[126.7976,37.008],[126.7946,37.0258],[126.7891,37.0292],[126.751,37.0293],[126.7448,37.0363],[126.7484,37.049],[126.7566,37.0564],[126.769,37.0601],[126.7702,37.0638],[126.7629,37.0628],[126.7613,37.0681],[126.7641,37.069],[126.7642,37.0865],[126.7703,37.1015],[126.7583,37.1111],[126.7598,37.1171],[126.7761,37.1323],[126.7827,37.1351],[126.7875,37.1298],[126.7949,37.129],[126.7958,37.1344],[126.8011,37.1387],[126.8119,37.1394],[126.8154,37.1427],[126.8076,37.1444],[126.8005,37.1534],[126.7903,37.1495],[126.7812,37.152],[126.795,37.1582],[126.7976,37.1624],[126.7962,37.1704],[126.792,37.1731],[126.7956,37.1797],[126.7971,37.1889],[126.7953,37.1814],[126.778,37.1647],[126.7492,37.1669],[126.7426,37.1538]],[[126.9479,37.3312],[126.9478,37.3308],[126.9474,37.3281],[126.9479,37.3312]],[[126.8854,37.6475],[126.8887,37.6487],[126.8864,37.6479],[126.8854,37.6475]],[[127.1925,37.3467],[127.1917,37.3472],[127.1917,37.3472],[127.1925,37.3467]]],[[[126.6306,37.1738],[126.6182,37.1576],[126.6145,37.1554],[126.619,37.1777],[126.6218,37.179],[126.6306,37.1738]]],[[[126.6299,37.1856],[126.6392,37.1892],[126.6401,37.1887],[126.6299,37.1856]]],[[[126.6586,37.2019],[126.6582,37.203],[126.6589,37.2029],[126.6586,37.2019]]],[[[126.6603,37.2049],[126.6635,37.205],[126.6631,37.2034],[126.6603,37.2049]]],[[[126.6163,37.2287],[126.6184,37.2245],[126.6147,37.2235],[126.614,37.2254],[126.6163,37.2287]]],[[[126.6139,37.2277],[126.6138,37.2301],[126.6152,37.2294],[126.6139,37.2277]]],[[[126.627,37.2498],[126.6311,37.2494],[126.628,37.2474],[126.627,37.2498]]],[[[126.5862,37.293],[126.5721,37.2824],[126.5693,37.2721],[126.5726,37.2761],[126.5831,37.2739],[126.5871,37.2722],[126.5855,37.2686],[126.5907,37.2641],[126.6077,37.2634],[126.6163,37.259],[126.6182,37.2574],[126.6146,37.2505],[126.6212,37.2483],[126.6193,37.2462],[126.6234,37.2432],[126.6264,37.2441],[126.6226,37.2366],[126.6507,37.225],[126.6476,37.2089],[126.6517,37.2137],[126.6543,37.2107],[126.6467,37.2057],[126.6513,37.1997],[126.6475,37.1929],[126.6456,37.1917],[126.6406,37.1979],[126.6418,37.2059],[126.6458,37.207],[126.6468,37.2108],[126.6292,37.218],[126.6218,37.2361],[126.6193,37.2293],[126.6112,37.2338],[126.61,37.2296],[126.6028,37.2302],[126.5995,37.2269],[126.6116,37.219],[126.6143,37.2073],[126.6054,37.212],[126.6029,37.2076],[126.5981,37.2111],[126.6032,37.2163],[126.6015,37.2209],[126.6017,37.2182],[126.5907,37.2133],[126.5852,37.2206],[126.5766,37.2206],[126.569,37.2009],[126.5618,37.1933],[126.5592,37.1992],[126.5494,37.2049],[126.5425,37.2057],[126.5383,37.1984],[126.535,37.1981],[126.5406,37.2067],[126.5447,37.2066],[126.5432,37.2138],[126.5471,37.2157],[126.5462,37.2228],[126.5411,37.2233],[126.5404,37.2289],[126.544,37.2291],[126.5444,37.2336],[126.5668,37.2372],[126.5604,37.2425],[126.563,37.2562],[126.5581,37.2596],[126.5548,37.2711],[126.5508,37.2729],[126.5486,37.28],[126.5395,37.2827],[126.5329,37.2891],[126.5519,37.2819],[126.5564,37.2837],[126.5569,37.2778],[126.5604,37.2775],[126.5771,37.2909],[126.5708,37.2982],[126.579,37.296],[126.6122,37.3151],[126.6452,37.3245],[126.6467,37.3218],[126.6148,37.3126],[126.5792,37.2932],[126.5862,37.293]]],[[[126.7628,37.2601],[126.7656,37.262],[126.7665,37.2595],[126.7628,37.2601]]],[[[126.6729,37.2809],[126.6802,37.2839],[126.685,37.2806],[126.68,37.2744],[126.6673,37.274],[126.6729,37.2809]]],[[[126.7459,37.2836],[126.7343,37.2828],[126.7348,37.2859],[126.7394,37.2892],[126.7454,37.288],[126.7459,37.2836]]],[[[126.5503,37.5959],[126.5473,37.602],[126.548,37.6047],[126.5518,37.5993],[126.5503,37.5959]]],[[[126.5176,37.7716],[126.5148,37.7809],[126.5196,37.7865],[126.5198,37.7927],[126.5272,37.7839],[126.5404,37.7761],[126.5176,37.7716]]]]}},{"type":"Feature","properties":{"sido":"강원"},"geometry":{"type":"Polygon","coordinates":[[[127.8184,37.1477],[127.7895,37.1444],[127.7825,37.1511],[127.7673,37.1578],[127.7547,37.1745],[127.7439,37.2101],[127.7509,37.2222],[127.7464,37.2296],[127.7476,37.2435],[127.7583,37.258],[127.7548,37.2977],[127.7681,37.3025],[127.7578,37.3457],[127.7595,37.367],[127.7778,37.3712],[127.7766,37.3832],[127.7831,37.3903],[127.7837,37.3986],[127.7879,37.4013],[127.7946,37.4242],[127.804,37.429],[127.7986,37.4424],[127.7996,37.4517],[127.7966,37.4598],[127.7997,37.4722],[127.7879,37.476],[127.782,37.4816],[127.7806,37.4882],[127.7745,37.4916],[127.7603,37.4923],[127.7594,37.5037],[127.7649,37.5027],[127.784,37.5122],[127.7967,37.5236],[127.7965,37.5285],[127.8051,37.5302],[127.8095,37.5367],[127.8424,37.539],[127.8494,37.5532],[127.8371,37.5605],[127.8129,37.5646],[127.8103,37.5728],[127.7934,37.5854],[127.786,37.5786],[127.767,37.5826],[127.7535,37.5919],[127.7395,37.5872],[127.721,37.5907],[127.7081,37.5864],[127.6979,37.5916],[127.7002,37.5967],[127.6965,37.6004],[127.6676,37.6173],[127.6637,37.624],[127.6524,37.6227],[127.6469,37.6329],[127.6394,37.6329],[127.6276,37.6426],[127.6234,37.6414],[127.6072,37.651],[127.6023,37.6513],[127.5986,37.6467],[127.5857,37.6421],[127.5795,37.6331],[127.5646,37.6331],[127.559,37.6284],[127.5483,37.6332],[127.5468,37.6376],[127.537,37.643],[127.5354,37.6497],[127.5439,37.6516],[127.5528,37.6615],[127.5492,37.6676],[127.5501,37.6855],[127.5624,37.721],[127.5599,37.7285],[127.5521,37.7283],[127.5408,37.7191],[127.5254,37.7269],[127.5109,37.7177],[127.5073,37.7197],[127.5099,37.7349],[127.5376,37.7513],[127.5445,37.7599],[127.5403,37.7711],[127.5216,37.7913],[127.5372,37.8124],[127.5352,37.8178],[127.5248,37.8245],[127.527,37.8351],[127.5352,37.8437],[127.5493,37.8469],[127.5523,37.8531],[127.5624,37.8555],[127.5768,37.873],[127.6059,37.8767],[127.6088,37.8833],[127.6076,37.8899],[127.6177,37.9065],[127.6121,37.9208],[127.6166,37.9295],[127.6138,37.9394],[127.6048,37.9442],[127.6014,37.9561],[127.5879,37.9613],[127.5613,37.9628],[127.5443,37.9681],[127.5471,37.9798],[127.5397,38.0012],[127.5014,37.9996],[127.4973,38.0036],[127.4722,38.0061],[127.4614,38.0129],[127.451,38.0376],[127.4522,38.0474],[127.4457,38.051],[127.4437,38.059],[127.447,38.0708],[127.4439,38.0994],[127.4409,38.1084],[127.4308,38.1153],[127.4121,38.1027],[127.406,38.1061],[127.403,38.1132],[127.3858,38.1143],[127.3781,38.1177],[127.3645,38.107],[127.3389,38.1014],[127.3374,38.0898],[127.3212,38.0952],[127.3072,38.1194],[127.3027,38.1157],[127.2856,38.1151],[127.282,38.1247],[127.2767,38.1254],[127.2756,38.1368],[127.2872,38.1514],[127.2846,38.1578],[127.2875,38.1609],[127.2872,38.1687],[127.2973,38.1748],[127.2893,38.1769],[127.2831,38.1829],[127.2661,38.1805],[127.265,38.1735],[127.2559,38.164],[127.2396,38.1545],[127.2339,38.1473],[127.2237,38.1473],[127.2225,38.1381],[127.2189,38.1392],[127.1896,38.1614],[127.186,38.1734],[127.1904,38.1889],[127.1794,38.1847],[127.1662,38.1981],[127.1722,38.2104],[127.1594,38.2191],[127.1625,38.2322],[127.1584,38.2389],[127.1489,38.2427],[127.1305,38.2326],[127.1229,38.2325],[127.113,38.2376],[127.1099,38.2438],[127.114,38.2653],[127.1093,38.292],[127.1264,38.3016],[127.1321,38.3136],[127.1391,38.3154],[127.1537,38.3042],[127.2169,38.322],[127.2189,38.3262],[127.2454,38.3337],[127.2624,38.3278],[127.2868,38.3264],[127.3026,38.3141],[127.3231,38.3211],[127.3274,38.3268],[127.3383,38.332],[127.3538,38.3295],[127.3849,38.3399],[127.3982,38.3369],[127.4024,38.3388],[127.4245,38.3343],[127.4491,38.3172],[127.4728,38.3194],[127.4868,38.3037],[127.5032,38.3033],[127.5151,38.3065],[127.5508,38.3295],[127.5881,38.3401],[127.6109,38.3404],[127.6175,38.3328],[127.6384,38.3291],[127.6752,38.33],[127.6902,38.3332],[127.6999,38.3434],[127.7147,38.3434],[127.7211,38.337],[127.7301,38.3377],[127.7467,38.3482],[127.7615,38.3458],[127.7775,38.3538],[127.7978,38.3267],[127.8128,38.3253],[127.8398,38.2891],[127.8876,38.309],[127.9149,38.3107],[127.9422,38.3064],[127.9795,38.2836],[128.001,38.2774],[128.0088,38.3182],[128.0323,38.32],[128.0342,38.3154],[128.0525,38.3128],[128.0635,38.3135],[128.0819,38.3203],[128.2156,38.3823],[128.2431,38.4025],[128.249,38.4126],[128.2822,38.4353],[128.3014,38.472],[128.3055,38.5067],[128.3133,38.5151],[128.3097,38.5253],[128.3153,38.5645],[128.3114,38.598],[128.3213,38.6096],[128.3423,38.6114],[128.3582,38.617],[128.36,38.6094],[128.3719,38.5926],[128.3972,38.5671],[128.4028,38.5656],[128.405,38.5549],[128.4103,38.5555],[128.4062,38.5416],[128.4174,38.5245],[128.4233,38.5225],[128.4248,38.5128],[128.4214,38.5069],[128.4281,38.5058],[128.427,38.4996],[128.434,38.4892],[128.4431,38.4858],[128.4391,38.4832],[128.4417,38.4748],[128.449,38.4725],[128.4499,38.4676],[128.4686,38.4511],[128.4592,38.4428],[128.4634,38.4473],[128.4561,38.4466],[128.4547,38.4399],[128.4582,38.43],[128.4792,38.4024],[128.5158,38.3717],[128.5161,38.3576],[128.5263,38.3384],[128.5377,38.3376],[128.5397,38.3247],[128.5461,38.3224],[128.5511,38.3142],[128.5688,38.2689],[128.5835,38.2552],[128.5899,38.2423],[128.5894,38.2346],[128.5849,38.2311],[128.5967,38.2158],[128.6022,38.2142],[128.6015,38.2124],[128.6031,38.2074],[128.6026,38.2052],[128.6018,38.2103],[128.5945,38.2107],[128.5949,38.2064],[128.6002,38.2066],[128.5961,38.2062],[128.596,38.2003],[128.6093,38.1837],[128.6152,38.1808],[128.6102,38.1789],[128.6106,38.1734],[128.6075,38.1729],[128.6113,38.1584],[128.6093,38.152],[128.6131,38.1452],[128.6254,38.1293],[128.6295,38.1295],[128.634,38.1241],[128.6359,38.1164],[128.6625,38.0925],[128.6672,38.092],[128.6735,38.0831],[128.6733,38.0785],[128.6783,38.0751],[128.6769,38.0672],[128.6865,38.056],[128.7264,38.024],[128.7369,38.0225],[128.7342,38.0076],[128.7426,37.9958],[128.7501,37.9929],[128.7522,37.9863],[128.7649,37.9803],[128.7603,37.9767],[128.7669,37.9728],[128.7642,37.9685],[128.77,37.9627],[128.7702,37.9584],[128.7832,37.9475],[128.7905,37.9451],[128.7888,37.9376],[128.7991,37.9266],[128.8241,37.9078],[128.8304,37.9065],[128.832,37.9038],[128.8293,37.9035],[128.8349,37.8976],[128.8341,37.8866],[128.8305,37.8839],[128.8758,37.8415],[128.8793,37.8297],[128.9509,37.7721],[128.9561,37.7637],[128.9849,37.7422],[128.9887,37.7429],[128.9951,37.727],[129.012,37.7137],[129.0144,37.7076],[129.0565,37.6758],[129.0581,37.6726],[129.0546,37.6651],[129.0572,37.6588],[129.0527,37.6502],[129.0508,37.6476],[129.0522,37.6525],[129.0463,37.6475],[129.0455,37.6367],[129.0523,37.6264],[129.0578,37.6263],[129.0646,37.623],[129.054,37.6257],[129.0543,37.6214],[129.0602,37.62],[129.073,37.6061],[129.1158,37.5794],[129.1222,37.5578],[129.1179,37.5451],[129.1167,37.5494],[129.1122,37.5494],[129.113,37.5393],[129.1248,37.5258],[129.1223,37.5215],[129.1243,37.5173],[129.1352,37.5049],[129.1482,37.4981],[129.1356,37.504],[129.1314,37.5014],[129.1363,37.4964],[129.1242,37.4904],[129.1261,37.4874],[129.1449,37.4966],[129.1422,37.4922],[129.1471,37.4917],[129.1634,37.4734],[129.1901,37.4518],[129.1921,37.438],[129.1874,37.4375],[129.1941,37.4325],[129.1907,37.4319],[129.1932,37.4242],[129.2009,37.4129],[129.2277,37.3932],[129.2506,37.381],[129.2605,37.3806],[129.2528,37.3746],[129.2512,37.3635],[129.2669,37.3422],[129.2666,37.3319],[129.271,37.3293],[129.2691,37.3235],[129.2882,37.3099],[129.2992,37.3103],[129.3023,37.3039],[129.302,37.2922],[129.3064,37.29],[129.31,37.2918],[129.3115,37.2863],[129.3173,37.287],[129.3147,37.2894],[129.3183,37.2905],[129.3218,37.2886],[129.3207,37.2837],[129.3299,37.2782],[129.3274,37.2643],[129.349,37.2479],[129.3503,37.239],[129.3568,37.2357],[129.3413,37.2256],[129.3479,37.2095],[129.3431,37.1952],[129.3397,37.1942],[129.3435,37.1834],[129.3417,37.1778],[129.346,37.169],[129.358,37.1588],[129.3641,37.1464],[129.3478,37.1465],[129.3245,37.1417],[129.3098,37.1286],[129.2982,37.1245],[129.2945,37.1144],[129.2768,37.1187],[129.272,37.117],[129.2661,37.1023],[129.2496,37.0959],[129.2256,37.0734],[129.2332,37.0642],[129.2289,37.0569],[129.2381,37.0388],[129.2251,37.0445],[129.1865,37.0416],[129.1837,37.0493],[129.171,37.0601],[129.1664,37.0695],[129.1558,37.0692],[129.1531,37.0737],[129.1438,37.0769],[129.1423,37.0811],[129.1281,37.0842],[129.1237,37.0912],[129.1086,37.0935],[129.1043,37.0983],[129.0958,37.1005],[129.0729,37.0909],[129.0658,37.0786],[129.0678,37.0745],[129.0651,37.0691],[129.0581,37.0646],[129.0546,37.0696],[129.0503,37.0684],[129.0343,37.0758],[128.9952,37.0812],[128.9931,37.0846],[128.9696,37.0821],[128.9598,37.0775],[128.9536,37.081],[128.9438,37.0952],[128.9223,37.0921],[128.9097,37.0669],[128.8961,37.0557],[128.8962,37.0449],[128.8783,37.0536],[128.8756,37.0449],[128.8727,37.0446],[128.8478,37.0515],[128.832,37.068],[128.8322,37.0758],[128.8086,37.0775],[128.8029,37.0854],[128.7851,37.0877],[128.7798,37.0923],[128.7732,37.0874],[128.7781,37.0792],[128.7701,37.075],[128.765,37.064],[128.7571,37.0701],[128.752,37.0564],[128.7621,37.0367],[128.7514,37.0283],[128.7343,37.0403],[128.7186,37.044],[128.7089,37.0392],[128.7004,37.0411],[128.6893,37.053],[128.6839,37.0516],[128.6754,37.0588],[128.6575,37.0611],[128.6557,37.0646],[128.6283,37.075],[128.6281,37.0816],[128.6232,37.0871],[128.6063,37.0766],[128.6014,37.079],[128.6018,37.0828],[128.5917,37.0782],[128.5621,37.0904],[128.5508,37.0858],[128.538,37.09],[128.5347,37.0984],[128.5223,37.1034],[128.512,37.0961],[128.5148,37.1043],[128.5124,37.1137],[128.4901,37.1229],[128.4803,37.1116],[128.4651,37.1099],[128.4508,37.1124],[128.445,37.1074],[128.4352,37.1113],[128.4301,37.1038],[128.4248,37.1024],[128.4186,37.1198],[128.4066,37.1268],[128.3959,37.1287],[128.4016,37.1348],[128.4026,37.1424],[128.3844,37.1582],[128.3771,37.1516],[128.3645,37.1554],[128.3595,37.15],[128.3501,37.158],[128.3429,37.1543],[128.337,37.1579],[128.3307,37.1503],[128.3274,37.153],[128.3256,37.1483],[128.3113,37.1453],[128.3042,37.137],[128.2965,37.134],[128.2922,37.1389],[128.2733,37.1474],[128.2647,37.1605],[128.2763,37.172],[128.2909,37.1701],[128.2982,37.1723],[128.2959,37.183],[128.3129,37.188],[128.3132,37.1967],[128.3274,37.1988],[128.3305,37.2165],[128.3156,37.2235],[128.3086,37.2169],[128.2885,37.2152],[128.2813,37.2096],[128.2684,37.2081],[128.2586,37.216],[128.2512,37.2292],[128.2429,37.2264],[128.2371,37.2293],[128.2346,37.2264],[128.2287,37.2278],[128.2195,37.2405],[128.2152,37.2419],[128.2148,37.2463],[128.2079,37.2489],[128.1947,37.2458],[128.1742,37.2325],[128.176,37.2284],[128.1727,37.2247],[128.1731,37.2188],[128.1642,37.2133],[128.1536,37.2161],[128.1431,37.2236],[128.1411,37.2294],[128.1332,37.2297],[128.1268,37.2347],[128.1216,37.2275],[128.1252,37.2211],[128.1051,37.2038],[128.0879,37.2],[128.0788,37.194],[128.0597,37.1936],[128.0497,37.1891],[128.0397,37.1888],[128.0317,37.1937],[128.0298,37.2025],[128.0393,37.2156],[128.0213,37.2323],[128.019,37.2444],[128.0075,37.2517],[127.979,37.2585],[127.9627,37.2499],[127.9481,37.2469],[127.9456,37.2405],[127.9387,37.2407],[127.9214,37.2259],[127.9324,37.2075],[127.9329,37.1948],[127.9366,37.1888],[127.9328,37.1826],[127.9336,37.176],[127.9262,37.1652],[127.9152,37.1692],[127.9085,37.1672],[127.8994,37.1501],[127.8867,37.1609],[127.8707,37.1644],[127.862,37.1617],[127.8611,37.1554],[127.8559,37.1565],[127.8535,37.161],[127.8496,37.1534],[127.8273,37.1529],[127.8184,37.1477]]]}},{"type":"Feature","properties":{"sido":"충북"},"geometry":{"type":"Polygon","coordinates":[[[127.4709,36.4741],[127.4651,36.467],[127.464,36.4566],[127.4532,36.4501],[127.4434,36.4505],[127.4332,36.4572],[127.4026,36.4557],[127.4006,36.4702],[127.4042,36.4833],[127.3957,36.4916],[127.4088,36.4953],[127.4088,36.5096],[127.3975,36.521],[127.4088,36.5244],[127.405,36.5373],[127.4015,36.5415],[127.3835,36.542],[127.3831,36.5482],[127.3787,36.5499],[127.3794,36.5537],[127.3727,36.5597],[127.3765,36.561],[127.3771,36.5678],[127.3605,36.5623],[127.3432,36.5645],[127.3379,36.5625],[127.3361,36.5705],[127.3224,36.5825],[127.3037,36.5857],[127.3011,36.5822],[127.2993,36.5864],[127.304,36.5901],[127.3071,36.6015],[127.3012,36.6075],[127.3009,36.6155],[127.2913,36.6255],[127.2924,36.6358],[127.2808,36.6344],[127.2767,36.6385],[127.287,36.6542],[127.2933,36.6545],[127.3015,36.66],[127.3075,36.678],[127.3046,36.6849],[127.2856,36.6909],[127.2919,36.6972],[127.3081,36.7049],[127.3097,36.7228],[127.3172,36.7249],[127.3283,36.7346],[127.3393,36.7302],[127.3412,36.7376],[127.3384,36.7375],[127.334,36.747],[127.3357,36.7525],[127.3694,36.7615],[127.3723,36.7582],[127.3872,36.7595],[127.3889,36.7532],[127.4048,36.7449],[127.412,36.7573],[127.4208,36.7595],[127.4122,36.7722],[127.4034,36.7744],[127.3954,36.7825],[127.401,36.7991],[127.3825,36.8134],[127.3666,36.8169],[127.358,36.8221],[127.3558,36.8285],[127.3334,36.8307],[127.3367,36.8456],[127.3346,36.8561],[127.3072,36.8599],[127.306,36.8631],[127.3113,36.8702],[127.3081,36.8853],[127.2898,36.8938],[127.3041,36.9151],[127.2957,36.9289],[127.3091,36.9291],[127.3165,36.9346],[127.327,36.9358],[127.343,36.9435],[127.3435,36.948],[127.3497,36.9526],[127.3551,36.9517],[127.3579,36.9475],[127.3755,36.9482],[127.3791,36.9576],[127.3854,36.9591],[127.3876,36.9641],[127.3981,36.9643],[127.4019,36.9677],[127.3849,36.9837],[127.3925,36.9965],[127.4151,36.9997],[127.422,37.0047],[127.4297,37.0019],[127.4411,37.0116],[127.4467,37.011],[127.4496,37.0182],[127.458,37.0206],[127.4598,37.0365],[127.4572,37.0422],[127.468,37.053],[127.49,37.0528],[127.4969,37.0484],[127.5047,37.048],[127.5183,37.0584],[127.532,37.0556],[127.56,37.043],[127.5681,37.0477],[127.5651,37.0603],[127.5762,37.074],[127.5959,37.0739],[127.6042,37.0685],[127.6045,37.0775],[127.6002,37.0818],[127.6009,37.0855],[127.6145,37.0879],[127.6315,37.0965],[127.6348,37.1019],[127.6341,37.1237],[127.6378,37.1412],[127.6288,37.1538],[127.6476,37.1508],[127.6682,37.1366],[127.6877,37.1352],[127.6954,37.1404],[127.6944,37.1496],[127.704,37.1565],[127.7046,37.1666],[127.711,37.1764],[127.718,37.1838],[127.7265,37.1827],[127.7354,37.208],[127.7467,37.2167],[127.7439,37.2096],[127.756,37.1721],[127.7673,37.1578],[127.7825,37.1511],[127.7895,37.1444],[127.8158,37.1467],[127.8273,37.1529],[127.8494,37.1533],[127.8537,37.161],[127.8559,37.1565],[127.8609,37.1554],[127.862,37.1617],[127.8707,37.1644],[127.8867,37.1609],[127.8994,37.1501],[127.9085,37.1672],[127.9152,37.1692],[127.9244,37.1643],[127.9336,37.176],[127.9328,37.1826],[127.9366,37.1888],[127.9329,37.1948],[127.9324,37.2075],[127.9215,37.2262],[127.9387,37.2407],[127.9456,37.2405],[127.9481,37.2469],[127.9627,37.2499],[127.9726,37.2568],[127.9865,37.2579],[128.0075,37.2517],[128.0183,37.2451],[128.0213,37.2323],[128.0393,37.2156],[128.0298,37.2025],[128.0317,37.1937],[128.0397,37.1888],[128.0497,37.1891],[128.0597,37.1936],[128.0788,37.194],[128.0879,37.2],[128.1051,37.2038],[128.1252,37.2211],[128.1216,37.2275],[128.1268,37.2347],[128.1332,37.2297],[128.1411,37.2294],[128.1431,37.2236],[128.1536,37.2161],[128.1642,37.2133],[128.1731,37.2188],[128.1727,37.2247],[128.176,37.2284],[128.1742,37.2325],[128.1947,37.2458],[128.2079,37.2489],[128.2148,37.2463],[128.2152,37.2419],[128.2195,37.2405],[128.2287,37.2278],[128.2346,37.2264],[128.2371,37.2293],[128.2429,37.2264],[128.2512,37.2292],[128.2586,37.216],[128.2684,37.2081],[128.2813,37.2096],[128.2885,37.2152],[128.3086,37.2169],[128.3156,37.2235],[128.3305,37.2165],[128.3274,37.1988],[128.3132,37.1967],[128.3129,37.188],[128.2959,37.183],[128.2982,37.1723],[128.2909,37.1701],[128.2763,37.172],[128.2647,37.1605],[128.2733,37.1474],[128.2922,37.1389],[128.2965,37.134],[128.3042,37.137],[128.3113,37.1453],[128.3256,37.1483],[128.3274,37.153],[128.3307,37.1503],[128.337,37.1579],[128.3429,37.1543],[128.3501,37.158],[128.3595,37.15],[128.3645,37.1554],[128.3771,37.1516],[128.3844,37.1582],[128.4026,37.1424],[128.4016,37.1348],[128.3959,37.1287],[128.4066,37.1268],[128.4186,37.1198],[128.4248,37.1024],[128.4301,37.1038],[128.4352,37.1113],[128.445,37.1074],[128.4508,37.1124],[128.4651,37.1099],[128.4803,37.1116],[128.4901,37.1229],[128.5124,37.1137],[128.5148,37.1043],[128.512,37.0961],[128.5223,37.1034],[128.5347,37.0984],[128.538,37.09],[128.5508,37.0858],[128.5621,37.0904],[128.5917,37.0782],[128.6018,37.0828],[128.6014,37.079],[128.6063,37.0766],[128.6232,37.0871],[128.6281,37.0816],[128.6283,37.075],[128.6522,37.0655],[128.6446,37.0619],[128.6305,37.039],[128.6193,37.0495],[128.6088,37.0526],[128.6068,37.0434],[128.5836,37.0439],[128.5771,37.0356],[128.5681,37.0345],[128.5652,37.0309],[128.5729,37.0217],[128.5713,37.016],[128.556,37.0055],[128.5547,36.9982],[128.5381,36.9908],[128.5145,36.9868],[128.5136,36.9768],[128.5067,36.9702],[128.4859,36.962],[128.485,36.9575],[128.4766,36.9574],[128.4678,36.9518],[128.4632,36.9474],[128.4602,36.934],[128.4419,36.9279],[128.4449,36.9138],[128.4402,36.9015],[128.427,36.8893],[128.4244,36.8765],[128.4387,36.8732],[128.448,36.8646],[128.449,36.8481],[128.4414,36.8377],[128.4343,36.8341],[128.4317,36.8243],[128.4206,36.8114],[128.384,36.8145],[128.3669,36.8005],[128.3626,36.8005],[128.3522,36.8105],[128.3347,36.8169],[128.3166,36.8166],[128.3161,36.8227],[128.3108,36.8285],[128.3054,36.8285],[128.2965,36.8345],[128.2868,36.8448],[128.282,36.8566],[128.2419,36.8728],[128.239,36.8652],[128.234,36.8627],[128.2368,36.8481],[128.2214,36.8474],[128.2138,36.85],[128.217,36.8131],[128.1759,36.8212],[128.1641,36.8201],[128.1449,36.8324],[128.136,36.8341],[128.1293,36.8246],[128.1122,36.8189],[128.1058,36.8048],[128.0926,36.8028],[128.0919,36.7965],[128.084,36.7994],[128.0842,36.804],[128.0714,36.8137],[128.0591,36.8167],[128.0576,36.8071],[128.0542,36.8049],[128.0557,36.7945],[128.0446,36.7846],[128.0444,36.7712],[128.0321,36.7546],[128.0324,36.748],[128.0438,36.7381],[128.0516,36.7361],[128.0556,36.7287],[128.0589,36.7297],[128.069,36.7217],[128.074,36.7116],[128.0713,36.7073],[128.0488,36.7075],[128.0317,36.7191],[128.0261,36.7191],[128.0222,36.7259],[128.0141,36.7301],[128.0084,36.7278],[128.0026,36.7166],[127.9868,36.7175],[127.9608,36.7368],[127.9558,36.7315],[127.9521,36.7196],[127.948,36.7178],[127.9491,36.706],[127.9317,36.7063],[127.9316,36.6934],[127.9286,36.6904],[127.9154,36.694],[127.896,36.6942],[127.8874,36.6913],[127.8773,36.6822],[127.8792,36.6784],[127.8877,36.6789],[127.892,36.6823],[127.9067,36.6802],[127.9129,36.6777],[127.9185,36.668],[127.9256,36.6692],[127.9323,36.6652],[127.9315,36.6536],[127.9384,36.6511],[127.9396,36.6469],[127.9349,36.6397],[127.9331,36.619],[127.9249,36.6155],[127.9239,36.6052],[127.9155,36.6063],[127.9164,36.6112],[127.9097,36.6257],[127.8894,36.6295],[127.8891,36.6403],[127.8823,36.6462],[127.8798,36.6576],[127.8741,36.6554],[127.8706,36.6439],[127.8621,36.6344],[127.848,36.6334],[127.8475,36.6249],[127.8591,36.6132],[127.8405,36.6083],[127.8228,36.6124],[127.8194,36.6082],[127.7984,36.6023],[127.797,36.5948],[127.8002,36.5855],[127.8239,36.5708],[127.8301,36.5744],[127.8432,36.5697],[127.8528,36.5716],[127.8678,36.5633],[127.8734,36.5559],[127.8707,36.5431],[127.8737,36.5378],[127.9019,36.5282],[127.9022,36.5127],[127.9067,36.5078],[127.8885,36.4931],[127.8805,36.4933],[127.8761,36.4884],[127.8752,36.4832],[127.8818,36.4779],[127.8784,36.4671],[127.8824,36.461],[127.873,36.4417],[127.8753,36.4285],[127.8804,36.4276],[127.8826,36.4217],[127.876,36.4148],[127.8731,36.4059],[127.8636,36.4031],[127.8656,36.3948],[127.8624,36.3926],[127.876,36.3907],[127.8843,36.3798],[127.8796,36.3715],[127.8835,36.3707],[127.8913,36.3596],[127.8814,36.3449],[127.8698,36.3436],[127.8675,36.3364],[127.8532,36.3317],[127.8507,36.3206],[127.8414,36.3105],[127.8472,36.3006],[127.8459,36.2941],[127.8494,36.2889],[127.851,36.2744],[127.8605,36.2777],[127.8837,36.2732],[127.8903,36.2899],[127.9051,36.3024],[127.907,36.2861],[127.9148,36.2801],[127.9309,36.2782],[127.9379,36.2691],[127.9473,36.2672],[127.9492,36.2566],[127.9545,36.2572],[127.9602,36.2524],[127.9709,36.2504],[127.979,36.2541],[127.9769,36.2589],[127.9822,36.2642],[127.9968,36.2681],[128.0006,36.2664],[128.0094,36.2721],[128.0156,36.268],[128.0262,36.2679],[128.0328,36.2619],[128.048,36.2571],[128.03,36.2403],[128.0393,36.2291],[128.0424,36.2173],[128.0498,36.2163],[128.0507,36.2059],[128.063,36.1992],[128.0525,36.2009],[128.0384,36.194],[128.0263,36.2057],[128.0135,36.2091],[127.9975,36.2061],[127.9933,36.2003],[127.986,36.2004],[127.9765,36.1923],[127.9762,36.1867],[127.9847,36.1771],[127.9835,36.1698],[127.9965,36.1537],[127.9873,36.1474],[127.987,36.1287],[127.9665,36.1185],[127.9686,36.1072],[127.9629,36.0962],[127.9578,36.0949],[127.9617,36.0828],[127.9614,36.0684],[127.9528,36.0658],[127.9466,36.0566],[127.9359,36.0507],[127.9171,36.0544],[127.9062,36.0461],[127.9036,36.039],[127.8854,36.036],[127.883,36.0272],[127.8769,36.0224],[127.8653,36.0251],[127.8534,36.0391],[127.8494,36.0397],[127.8187,36.028],[127.8002,36.0263],[127.7879,36.0142],[127.7814,36.0162],[127.7663,36.012],[127.7588,36.015],[127.763,36.0213],[127.7611,36.0255],[127.7526,36.0247],[127.7479,36.0294],[127.7405,36.0249],[127.7324,36.0322],[127.7282,36.0304],[127.7278,36.0261],[127.717,36.0344],[127.7021,36.0352],[127.695,36.0464],[127.6967,36.0562],[127.6886,36.0628],[127.6708,36.0519],[127.6727,36.0418],[127.6692,36.0383],[127.6604,36.0381],[127.654,36.0564],[127.6491,36.058],[127.6447,36.0666],[127.6378,36.0684],[127.6327,36.0816],[127.6184,36.0931],[127.6196,36.109],[127.6134,36.1117],[127.6101,36.1186],[127.6039,36.1171],[127.5902,36.1338],[127.5936,36.153],[127.6017,36.1616],[127.5994,36.1724],[127.5934,36.1772],[127.5981,36.1844],[127.5928,36.1952],[127.5993,36.2045],[127.5978,36.2174],[127.5791,36.2331],[127.5466,36.2302],[127.5496,36.2388],[127.5379,36.2429],[127.536,36.2516],[127.5178,36.2405],[127.5121,36.2417],[127.5065,36.2384],[127.4928,36.2381],[127.4926,36.2447],[127.4885,36.2474],[127.4898,36.2579],[127.4861,36.2598],[127.4885,36.2729],[127.4983,36.2829],[127.489,36.3008],[127.4933,36.3],[127.4995,36.3053],[127.4948,36.3117],[127.4993,36.3149],[127.4983,36.319],[127.5036,36.3258],[127.5013,36.3387],[127.5093,36.3431],[127.5098,36.3504],[127.5213,36.3532],[127.5269,36.3693],[127.5257,36.3873],[127.5392,36.3972],[127.5542,36.3947],[127.5573,36.3972],[127.5446,36.4111],[127.5424,36.4207],[127.534,36.4188],[127.5241,36.4232],[127.5195,36.4202],[127.5157,36.4223],[127.51,36.4031],[127.5032,36.4077],[127.4892,36.4327],[127.4922,36.4404],[127.5026,36.4493],[127.5027,36.454],[127.4793,36.4578],[127.4841,36.4776],[127.4709,36.4741]]]}},{"type":"Feature","properties":{"sido":"충남"},"geometry":{"type":"MultiPolygon","coordinates":[[[[126.0557,36.1977],[126.0506,36.1976],[126.0453,36.2045],[126.0526,36.204],[126.0557,36.1977]]],[[[126.0341,36.2112],[126.0318,36.2103],[126.0236,36.2245],[126.0282,36.224],[126.0341,36.2112]]],[[[126.0856,36.2239],[126.0789,36.2264],[126.0761,36.2214],[126.0672,36.2235],[126.0748,36.2275],[126.0773,36.2347],[126.0828,36.2295],[126.09,36.2369],[126.0929,36.2364],[126.0952,36.2271],[126.0856,36.2239]]],[[[125.9622,36.2293],[125.9557,36.2338],[125.9593,36.2336],[125.9634,36.2405],[125.9668,36.2396],[125.9622,36.2293]]],[[[126.0561,36.2337],[126.0464,36.237],[126.0538,36.2365],[126.0521,36.2402],[126.0563,36.2368],[126.0561,36.2337]]],[[[126.2874,36.2533],[126.288,36.2516],[126.2838,36.2515],[126.2874,36.2533]]],[[[126.2608,36.2681],[126.265,36.2779],[126.2707,36.2797],[126.2648,36.2649],[126.2608,36.2681]]],[[[126.2044,36.28],[126.2012,36.281],[126.2015,36.2817],[126.2044,36.28]]],[[[126.2007,36.2833],[126.1977,36.2845],[126.1977,36.2862],[126.1997,36.2856],[126.2007,36.2833]]],[[[126.2543,36.2956],[126.2602,36.2948],[126.2614,36.2993],[126.2587,36.3019],[126.2614,36.3044],[126.2668,36.3054],[126.2632,36.2936],[126.2575,36.2897],[126.2543,36.2956]]],[[[126.2607,36.3058],[126.2585,36.3061],[126.2574,36.3077],[126.2591,36.3081],[126.2607,36.3058]]],[[[126.3143,36.3249],[126.3201,36.3274],[126.3184,36.3197],[126.3136,36.3211],[126.3143,36.3249]]],[[[126.3046,36.3256],[126.3024,36.3242],[126.2852,36.3285],[126.2921,36.3329],[126.3012,36.3299],[126.3046,36.3256]]],[[[126.2119,36.4313],[126.2142,36.4288],[126.2109,36.4298],[126.2119,36.4313]]],[[[126.307,36.4487],[126.3129,36.4498],[126.3104,36.4455],[126.307,36.4487]]],[[[126.3106,36.4534],[126.3024,36.4458],[126.2982,36.4454],[126.3042,36.4498],[126.303,36.4564],[126.3106,36.4534]]],[[[126.2374,36.4558],[126.2366,36.4514],[126.232,36.4542],[126.2326,36.4555],[126.2374,36.4558]]],[[[126.1598,36.5143],[126.162,36.5095],[126.1561,36.5107],[126.1598,36.5143]]],[[[126.1957,36.5707],[126.1931,36.568],[126.1902,36.5709],[126.1917,36.5715],[126.1957,36.5707]]],[[[126.2001,36.5821],[126.1969,36.5775],[126.1965,36.5823],[126.2001,36.5821]]],[[[126.2931,36.5828],[126.294,36.5787],[126.2924,36.578],[126.2917,36.5789],[126.2931,36.5828]]],[[[126.1977,36.596],[126.2014,36.5948],[126.203,36.5908],[126.1982,36.5938],[126.1977,36.596]]],[[[126.2423,36.5981],[126.2444,36.5907],[126.2419,36.5887],[126.2396,36.5905],[126.2412,36.5943],[126.2344,36.597],[126.2396,36.6004],[126.2396,36.6042],[126.2351,36.6043],[126.2365,36.6068],[126.2452,36.6065],[126.2458,36.6008],[126.2423,36.5981]]],[[[125.541,36.613],[125.5441,36.6137],[125.5472,36.6089],[125.541,36.613]]],[[[125.5725,36.6162],[125.5735,36.6216],[125.5808,36.6128],[125.5725,36.6162]]],[[[125.5564,36.6258],[125.5609,36.6263],[125.5626,36.6252],[125.5604,36.6258],[125.5564,36.6258]]],[[[125.7156,36.6308],[125.7125,36.6292],[125.7125,36.6315],[125.7156,36.6308]]],[[[126.2627,36.6357],[126.2663,36.6341],[126.2632,36.6299],[126.262,36.6321],[126.2627,36.6357]]],[[[126.1233,36.6418],[126.1257,36.6429],[126.1267,36.6414],[126.1259,36.6401],[126.1233,36.6418]]],[[[126.1196,36.6425],[126.1192,36.6406],[126.1167,36.6415],[126.1196,36.6425]]],[[[125.6887,36.6426],[125.6922,36.645],[125.6924,36.6418],[125.6993,36.6389],[125.6887,36.6426]]],[[[126.3544,36.6282],[126.3601,36.6248],[126.3552,36.6226],[126.3572,36.6181],[126.3407,36.6156],[126.3359,36.6185],[126.3334,36.6164],[126.3359,36.6116],[126.3288,36.6066],[126.3139,36.5881],[126.3073,36.5953],[126.303,36.5932],[126.3028,36.5884],[126.2922,36.5838],[126.2879,36.5914],[126.2824,36.5923],[126.2856,36.6034],[126.283,36.6223],[126.2955,36.6282],[126.2968,36.6375],[126.2946,36.6466],[126.2809,36.6685],[126.2632,36.6731],[126.2671,36.6811],[126.2623,36.6845],[126.2601,36.6934],[126.2723,36.7053],[126.2713,36.7292],[126.2577,36.7168],[126.2533,36.7171],[126.2518,36.713],[126.247,36.718],[126.2423,36.7171],[126.2433,36.7099],[126.2401,36.7103],[126.2361,36.7173],[126.2349,36.7083],[126.2413,36.7076],[126.2418,36.7026],[126.2291,36.6927],[126.2118,36.6924],[126.2105,36.6878],[126.2021,36.6845],[126.1974,36.6745],[126.1888,36.674],[126.1887,36.6716],[126.18,36.6768],[126.1731,36.672],[126.1748,36.6756],[126.1711,36.6785],[126.1641,36.6747],[126.1608,36.6774],[126.1549,36.6764],[126.1526,36.6711],[126.1512,36.6741],[126.1404,36.6681],[126.1304,36.6683],[126.1292,36.6739],[126.1237,36.6775],[126.1243,36.6829],[126.1306,36.6885],[126.137,36.6877],[126.1367,36.6837],[126.1405,36.6865],[126.1492,36.6862],[126.1494,36.6981],[126.1458,36.7032],[126.1564,36.7071],[126.1658,36.7174],[126.1847,36.7169],[126.1947,36.7077],[126.206,36.706],[126.2172,36.7116],[126.2215,36.7213],[126.2146,36.7254],[126.2014,36.7209],[126.2028,36.7264],[126.2109,36.7342],[126.2111,36.7404],[126.2072,36.7365],[126.2001,36.7363],[126.182,36.746],[126.1859,36.7488],[126.1846,36.7529],[126.1648,36.7575],[126.1619,36.753],[126.1553,36.756],[126.1415,36.7537],[126.1518,36.7486],[126.1499,36.7456],[126.1522,36.7305],[126.144,36.7278],[126.1227,36.7069],[126.121,36.7124],[126.1261,36.7179],[126.1212,36.7248],[126.1284,36.738],[126.1335,36.7408],[126.1307,36.7471],[126.1326,36.7494],[126.1167,36.7561],[126.1131,36.7642],[126.1015,36.7733],[126.1049,36.7758],[126.1148,36.7747],[126.118,36.7705],[126.1217,36.7747],[126.1282,36.7737],[126.1322,36.7769],[126.1292,36.7803],[126.13,36.7874],[126.1374,36.7854],[126.1449,36.7932],[126.1419,36.7959],[126.1477,36.7962],[126.1502,36.8027],[126.1425,36.8089],[126.1506,36.812],[126.1484,36.8169],[126.1542,36.8174],[126.1538,36.8221],[126.1586,36.8272],[126.1456,36.8368],[126.1455,36.8393],[126.1531,36.8392],[126.149,36.8467],[126.1553,36.8447],[126.1569,36.849],[126.1612,36.85],[126.1636,36.8418],[126.1756,36.8436],[126.1712,36.8305],[126.1755,36.8243],[126.1714,36.8178],[126.1722,36.8123],[126.1764,36.8107],[126.1845,36.8149],[126.1803,36.8199],[126.1863,36.823],[126.1769,36.8275],[126.1753,36.8358],[126.1867,36.8415],[126.1948,36.8537],[126.1902,36.8562],[126.1903,36.8659],[126.1837,36.867],[126.183,36.8707],[126.1896,36.8724],[126.1896,36.8781],[126.1769,36.885],[126.1803,36.8894],[126.1953,36.8881],[126.2006,36.8968],[126.1964,36.9005],[126.2033,36.9021],[126.2029,36.9051],[126.2071,36.9009],[126.2128,36.9006],[126.2196,36.9055],[126.2532,36.9149],[126.2465,36.9081],[126.2481,36.9042],[126.2418,36.8885],[126.2254,36.8886],[126.2183,36.8801],[126.2354,36.8727],[126.2362,36.8654],[126.2422,36.8639],[126.2506,36.8696],[126.2527,36.8794],[126.2621,36.8809],[126.2717,36.8764],[126.2728,36.8821],[126.2696,36.8847],[126.2767,36.895],[126.2754,36.8982],[126.2809,36.9026],[126.2887,36.9008],[126.284,36.9032],[126.283,36.9094],[126.2921,36.9309],[126.2829,36.9704],[126.2943,36.9704],[126.3045,36.9794],[126.305,36.9749],[126.3084,36.974],[126.3072,36.9618],[126.3098,36.9629],[126.3137,36.9548],[126.3081,36.9465],[126.3028,36.9442],[126.3103,36.9298],[126.3022,36.9223],[126.3023,36.9184],[126.3095,36.9134],[126.3092,36.91],[126.3203,36.9051],[126.3205,36.8921],[126.3326,36.8914],[126.3268,36.8841],[126.3184,36.8864],[126.3138,36.8833],[126.311,36.8717],[126.3031,36.8631],[126.3047,36.8569],[126.2964,36.8525],[126.2947,36.8426],[126.317,36.8389],[126.3162,36.8338],[126.2954,36.8242],[126.2828,36.8246],[126.281,36.8179],[126.2889,36.8136],[126.2879,36.7991],[126.2932,36.7984],[126.2971,36.8033],[126.2958,36.8083],[126.3056,36.815],[126.3182,36.8142],[126.3221,36.8198],[126.3281,36.814],[126.3375,36.8163],[126.3271,36.8281],[126.328,36.8365],[126.3151,36.8419],[126.3246,36.8474],[126.32,36.8517],[126.3253,36.8534],[126.3313,36.863],[126.3389,36.8598],[126.3476,36.8613],[126.3422,36.8479],[126.3509,36.8411],[126.3543,36.8329],[126.3653,36.83],[126.366,36.834],[126.3558,36.8487],[126.3633,36.8508],[126.3703,36.8572],[126.3703,36.8696],[126.3644,36.8729],[126.3641,36.8774],[126.3795,36.8829],[126.3978,36.8813],[126.3954,36.893],[126.4042,36.8912],[126.4048,36.898],[126.4134,36.8942],[126.4313,36.901],[126.4272,36.906],[126.4081,36.9088],[126.409,36.9167],[126.4031,36.9211],[126.4105,36.9236],[126.4166,36.9303],[126.4106,36.9346],[126.4052,36.9323],[126.3961,36.9351],[126.3919,36.9294],[126.3862,36.9298],[126.3813,36.9363],[126.3807,36.944],[126.3735,36.9464],[126.3675,36.9459],[126.3594,36.9382],[126.3564,36.9417],[126.3604,36.9504],[126.3503,36.9519],[126.3497,36.9611],[126.334,36.9597],[126.3328,36.9642],[126.336,36.9693],[126.3332,36.975],[126.3385,36.975],[126.3382,36.981],[126.3277,36.9868],[126.3256,36.9959],[126.3275,37.001],[126.3326,36.9978],[126.3406,37.0007],[126.3351,37.0059],[126.3404,37.0122],[126.3499,37.0038],[126.3585,37.0121],[126.3575,37.0144],[126.3612,37.0066],[126.3671,37.0131],[126.4079,37.012],[126.4098,37.0166],[126.4027,37.0191],[126.4055,37.0235],[126.4151,37.0198],[126.4131,37.0146],[126.426,37.0148],[126.4306,37.0134],[126.4317,37.0084],[126.4524,37.0052],[126.478,36.9687],[126.4867,36.9439],[126.487,36.9349],[126.4768,36.9053],[126.49,36.9375],[126.4833,36.9701],[126.4834,36.9786],[126.4866,36.9828],[126.475,37.0024],[126.4622,37.011],[126.4536,37.0256],[126.4862,37.052],[126.4825,37.057],[126.4828,37.0624],[126.4909,37.0603],[126.4983,37.0653],[126.5087,37.0627],[126.5098,37.0652],[126.5126,37.0642],[126.5093,37.0625],[126.5195,37.0594],[126.5266,37.0526],[126.5291,37.0437],[126.5441,37.0357],[126.5596,37.0377],[126.56,37.0315],[126.564,37.0288],[126.5981,37.0168],[126.6188,37.0046],[126.6396,36.9981],[126.695,37.0003],[126.7011,36.9979],[126.7001,36.9958],[126.7046,36.9995],[126.741,36.9849],[126.7638,36.9824],[126.7825,36.9757],[126.7839,36.9724],[126.7803,36.9675],[126.7966,36.9402],[126.7921,36.9373],[126.8022,36.9245],[126.8066,36.9308],[126.8123,36.9252],[126.8166,36.8967],[126.8273,36.89],[126.8273,36.8783],[126.8227,36.8773],[126.828,36.8758],[126.8318,36.862],[126.8471,36.8628],[126.8479,36.8774],[126.8529,36.8825],[126.8617,36.8802],[126.8806,36.8881],[126.9119,36.8904],[126.9087,36.905],[126.9171,36.9054],[126.9432,36.918],[126.9853,36.9325],[126.9954,36.9355],[127.0137,36.9348],[127.0317,36.9283],[127.0606,36.9395],[127.0739,36.9384],[127.0861,36.9478],[127.096,36.9422],[127.0975,36.9498],[127.1018,36.9538],[127.0964,36.9557],[127.0965,36.9595],[127.1111,36.9709],[127.1317,36.965],[127.1443,36.9715],[127.1538,36.9694],[127.1554,36.9657],[127.1651,36.962],[127.176,36.9621],[127.1777,36.9583],[127.1901,36.9529],[127.2019,36.9521],[127.2068,36.9461],[127.2059,36.9418],[127.2117,36.9379],[127.2107,36.9304],[127.2202,36.9303],[127.244,36.9174],[127.2531,36.9223],[127.2591,36.9156],[127.2718,36.9133],[127.2848,36.8957],[127.3081,36.8853],[127.3113,36.8702],[127.306,36.8631],[127.3073,36.8597],[127.3343,36.8564],[127.3367,36.8456],[127.3334,36.8307],[127.3558,36.8285],[127.358,36.8221],[127.3666,36.8169],[127.3825,36.8134],[127.401,36.7991],[127.3954,36.7825],[127.4034,36.7744],[127.4122,36.7722],[127.4208,36.7596],[127.412,36.7573],[127.4048,36.7449],[127.3889,36.7532],[127.3872,36.7595],[127.3723,36.7582],[127.3694,36.7615],[127.3358,36.7526],[127.334,36.747],[127.3384,36.7375],[127.3412,36.7376],[127.3393,36.7302],[127.3283,36.7346],[127.3172,36.7249],[127.3097,36.7228],[127.3081,36.7049],[127.2919,36.6972],[127.2856,36.6909],[127.2773,36.6914],[127.2735,36.6953],[127.2652,36.6921],[127.2522,36.6967],[127.2458,36.6958],[127.2364,36.7072],[127.2252,36.7101],[127.2237,36.7156],[127.2051,36.7203],[127.2029,36.7262],[127.1834,36.7303],[127.1738,36.7286],[127.1658,36.7337],[127.16,36.7325],[127.1569,36.7264],[127.1529,36.7283],[127.1451,36.7171],[127.1277,36.7086],[127.1362,36.7048],[127.1416,36.6898],[127.1565,36.6908],[127.1571,36.6955],[127.1614,36.6906],[127.1644,36.6783],[127.1548,36.6649],[127.1599,36.6573],[127.1542,36.6527],[127.153,36.645],[127.1579,36.6352],[127.1563,36.6286],[127.1602,36.6246],[127.1541,36.6245],[127.15,36.6191],[127.1557,36.6157],[127.1556,36.6061],[127.1725,36.5965],[127.1809,36.5959],[127.1843,36.5911],[127.1905,36.5941],[127.1892,36.5866],[127.1928,36.5809],[127.2005,36.5828],[127.2079,36.5787],[127.2031,36.5675],[127.1938,36.5648],[127.1868,36.5529],[127.1918,36.546],[127.185,36.5437],[127.1787,36.5454],[127.1742,36.5422],[127.173,36.5335],[127.1822,36.5215],[127.17,36.509],[127.1775,36.5024],[127.1782,36.4997],[127.1732,36.4974],[127.1769,36.4925],[127.1854,36.4932],[127.1947,36.4896],[127.1948,36.4844],[127.1905,36.4795],[127.192,36.4747],[127.1979,36.466],[127.2033,36.465],[127.2047,36.4593],[127.1984,36.4522],[127.2018,36.4463],[127.1991,36.44],[127.2177,36.4337],[127.2269,36.4212],[127.2423,36.4186],[127.2508,36.4068],[127.2591,36.4091],[127.2586,36.4142],[127.2628,36.4167],[127.2823,36.4145],[127.2786,36.397],[127.281,36.3748],[127.2775,36.3652],[127.2708,36.361],[127.2723,36.3542],[127.2779,36.3486],[127.2672,36.3387],[127.266,36.3284],[127.2598,36.3272],[127.2575,36.3154],[127.2594,36.2969],[127.252,36.2961],[127.2476,36.2916],[127.2495,36.2834],[127.281,36.2654],[127.2915,36.2653],[127.2821,36.2578],[127.281,36.2458],[127.2781,36.2441],[127.2911,36.2303],[127.2938,36.2231],[127.3031,36.2217],[127.3038,36.229],[127.3145,36.2224],[127.3215,36.2137],[127.3232,36.2034],[127.3335,36.2005],[127.3301,36.1944],[127.3314,36.1843],[127.3339,36.1833],[127.3475,36.1978],[127.3497,36.2083],[127.3647,36.22],[127.3601,36.2268],[127.3646,36.2476],[127.3597,36.2627],[127.3627,36.2692],[127.3724,36.2722],[127.3897,36.2642],[127.3864,36.2508],[127.3911,36.2427],[127.3879,36.2345],[127.4006,36.2318],[127.4046,36.2227],[127.4109,36.2175],[127.4083,36.2131],[127.4293,36.2053],[127.4335,36.1992],[127.4428,36.1941],[127.4557,36.2009],[127.4533,36.2068],[127.4601,36.2129],[127.4692,36.2155],[127.4675,36.2233],[127.4899,36.2338],[127.4906,36.2377],[127.5178,36.2405],[127.5335,36.2513],[127.5366,36.2512],[127.535,36.2475],[127.5379,36.2429],[127.5496,36.2388],[127.5466,36.2302],[127.5832,36.2314],[127.5978,36.2174],[127.5992,36.2057],[127.5928,36.1952],[127.5981,36.1844],[127.5934,36.1772],[127.5994,36.1724],[127.6017,36.1616],[127.5936,36.153],[127.5902,36.1338],[127.6039,36.1171],[127.6101,36.1186],[127.6134,36.1117],[127.6196,36.109],[127.6183,36.0933],[127.6328,36.0815],[127.6377,36.0676],[127.6248,36.0668],[127.6208,36.0634],[127.6188,36.0422],[127.6302,36.0413],[127.6321,36.0356],[127.638,36.0327],[127.6282,36.0322],[127.6244,36.0247],[127.6103,36.0251],[127.6175,36.0164],[127.6181,36.0076],[127.6131,36.001],[127.591,36.025],[127.5826,36.0267],[127.5756,36.0227],[127.5668,36.0307],[127.5526,36.0327],[127.5473,36.038],[127.5316,36.0411],[127.5316,36.0349],[127.5379,36.033],[127.5393,36.026],[127.5363,36.0214],[127.5402,36.0117],[127.5323,36.0081],[127.5358,35.9949],[127.5247,35.9856],[127.5085,35.9799],[127.502,35.9864],[127.4955,35.9865],[127.4876,35.978],[127.4759,35.9805],[127.4682,35.9877],[127.456,35.9838],[127.4482,35.9934],[127.4446,36.0068],[127.4374,36.0091],[127.4347,36.0277],[127.4263,36.0265],[127.4011,36.0079],[127.3919,36.0172],[127.3778,36.0228],[127.3793,36.0304],[127.3744,36.0343],[127.3731,36.0435],[127.3604,36.056],[127.3646,36.0659],[127.3593,36.0706],[127.3617,36.0762],[127.3572,36.0868],[127.36,36.0895],[127.3479,36.0984],[127.355,36.1083],[127.3534,36.1134],[127.3444,36.1181],[127.3385,36.1305],[127.323,36.1301],[127.3229,36.1258],[127.3144,36.1186],[127.3024,36.1254],[127.2959,36.1201],[127.294,36.1125],[127.2853,36.1124],[127.275,36.1077],[127.2643,36.1091],[127.2576,36.1142],[127.2516,36.1123],[127.2461,36.1045],[127.246,36.0966],[127.257,36.0875],[127.2541,36.0837],[127.2432,36.0848],[127.2354,36.0939],[127.2256,36.0992],[127.2194,36.097],[127.205,36.1005],[127.1993,36.086],[127.1816,36.0946],[127.1692,36.0839],[127.1538,36.0848],[127.1493,36.0903],[127.1372,36.0868],[127.1335,36.0813],[127.1336,36.0695],[127.1229,36.0632],[127.1018,36.0757],[127.0898,36.0724],[127.0614,36.0935],[127.0578,36.1169],[127.0608,36.1251],[127.0496,36.1328],[127.0498,36.1424],[127.0441,36.1452],[127.0391,36.1389],[127.0237,36.1366],[127.0157,36.1489],[127.0125,36.1462],[127.0034,36.1491],[126.9863,36.1452],[126.957,36.1564],[126.9392,36.1513],[126.9234,36.1393],[126.9049,36.1436],[126.8923,36.1407],[126.8867,36.1358],[126.8726,36.1109],[126.874,36.0827],[126.8701,36.0693],[126.8636,36.0606],[126.8297,36.0469],[126.8101,36.034],[126.7956,36.0305],[126.7723,36.0313],[126.7487,36.0235],[126.7348,36.0009],[126.6756,36.0086],[126.6658,36.0046],[126.6606,36.0109],[126.664,36.0196],[126.659,36.0287],[126.6662,36.0297],[126.6669,36.0327],[126.6576,36.0453],[126.6495,36.0471],[126.6441,36.0556],[126.6321,36.0549],[126.6297,36.0785],[126.6245,36.0806],[126.6206,36.0759],[126.6184,36.0771],[126.6241,36.0845],[126.6328,36.0818],[126.6458,36.0892],[126.6444,36.0938],[126.6403,36.0907],[126.6355,36.0935],[126.6307,36.0914],[126.6313,36.0995],[126.6204,36.1023],[126.6115,36.0961],[126.6073,36.0993],[126.6061,36.1093],[126.6026,36.1101],[126.5917,36.1279],[126.5706,36.1406],[126.5678,36.139],[126.5677,36.1334],[126.563,36.1345],[126.5557,36.1285],[126.5539,36.1367],[126.5434,36.1453],[126.5181,36.1519],[126.5061,36.1491],[126.5019,36.1421],[126.5038,36.1291],[126.4931,36.1377],[126.4937,36.1507],[126.4966,36.1531],[126.4947,36.1587],[126.5109,36.1604],[126.5197,36.1655],[126.527,36.1768],[126.5241,36.1854],[126.531,36.1947],[126.5666,36.1889],[126.5674,36.1947],[126.5646,36.1977],[126.5517,36.1947],[126.5382,36.1987],[126.5379,36.21],[126.5323,36.2186],[126.5259,36.2193],[126.5306,36.2252],[126.5303,36.2393],[126.5367,36.2459],[126.5386,36.2548],[126.5423,36.2565],[126.5403,36.261],[126.5468,36.2635],[126.5464,36.2689],[126.5403,36.2779],[126.5392,36.275],[126.5348,36.2765],[126.5397,36.2788],[126.5344,36.2868],[126.5259,36.298],[126.5166,36.2993],[126.5145,36.3079],[126.503,36.323],[126.5052,36.3309],[126.5068,36.3281],[126.5152,36.3274],[126.5163,36.3321],[126.5433,36.339],[126.5509,36.3477],[126.5614,36.3516],[126.545,36.3545],[126.5086,36.3805],[126.4794,36.3841],[126.4826,36.3941],[126.4806,36.3963],[126.4862,36.4005],[126.4879,36.4125],[126.497,36.427],[126.497,36.4318],[126.4915,36.4454],[126.4825,36.4527],[126.4835,36.4614],[126.4785,36.4687],[126.4734,36.5033],[126.4773,36.51],[126.489,36.5177],[126.4813,36.5163],[126.4542,36.551],[126.4537,36.5672],[126.4476,36.5869],[126.4522,36.5964],[126.4417,36.5999],[126.4636,36.5974],[126.4783,36.6084],[126.4738,36.6172],[126.4568,36.6263],[126.4679,36.654],[126.4613,36.6646],[126.4642,36.6725],[126.4622,36.6845],[126.4511,36.6936],[126.4507,36.6846],[126.4419,36.667],[126.4441,36.6368],[126.4239,36.6003],[126.4169,36.599],[126.3947,36.6184],[126.3791,36.6194],[126.3747,36.6163],[126.3645,36.6269],[126.3609,36.6691],[126.348,36.6757],[126.3461,36.7211],[126.3398,36.7009],[126.3392,36.6807],[126.3471,36.6393],[126.3544,36.6282]]],[[[125.825,36.6609],[125.8222,36.6585],[125.8223,36.6605],[125.825,36.6609]]],[[[125.8617,36.6659],[125.8578,36.6629],[125.8548,36.6651],[125.8617,36.6659]]],[[[126.0351,36.669],[126.0366,36.6657],[126.0319,36.6661],[126.032,36.6671],[126.0351,36.669]]],[[[126.0875,36.6799],[126.0804,36.6766],[126.0814,36.672],[126.0741,36.6707],[126.0711,36.6735],[126.0639,36.6699],[126.0598,36.6726],[126.0508,36.6665],[126.0457,36.6706],[126.062,36.6803],[126.0736,36.6799],[126.0821,36.684],[126.0819,36.6921],[126.0873,36.6896],[126.0841,36.6844],[126.0875,36.6799]]],[[[126.2187,36.686],[126.2206,36.6847],[126.2186,36.6856],[126.2187,36.686]]],[[[126.1155,36.7047],[126.1131,36.7038],[126.112,36.7055],[126.1132,36.7068],[126.1155,36.7047]]],[[[126.1168,36.7082],[126.1164,36.705],[126.1147,36.7063],[126.1168,36.7082]]],[[[125.9469,36.7274],[125.9475,36.7227],[125.9421,36.7214],[125.9417,36.7247],[125.9469,36.7274]]],[[[126.1247,36.7501],[126.1267,36.7493],[126.1245,36.7484],[126.1247,36.7501]]],[[[126.1561,36.7524],[126.1601,36.7511],[126.1588,36.7466],[126.1574,36.7475],[126.1561,36.7524]]],[[[126.1392,36.8043],[126.146,36.8017],[126.1468,36.8008],[126.1418,36.7998],[126.1392,36.8043]]],[[[126.3139,36.8657],[126.3122,36.861],[126.3069,36.8639],[126.3078,36.8655],[126.3139,36.8657]]],[[[126.2464,36.8915],[126.2522,36.8946],[126.2546,36.8933],[126.2502,36.8874],[126.2464,36.8915]]],[[[126.1702,36.9301],[126.1668,36.927],[126.1672,36.9292],[126.1702,36.9301]]],[[[126.3068,36.9368],[126.315,36.9445],[126.3134,36.9389],[126.3068,36.9368]]],[[[126.3587,36.3095],[126.3509,36.3089],[126.3488,36.3096],[126.3526,36.3122],[126.3587,36.3095]]],[[[126.3808,36.3236],[126.3802,36.3267],[126.382,36.3242],[126.3808,36.3236]]],[[[126.3258,36.3364],[126.3174,36.3307],[126.3132,36.3342],[126.3203,36.3391],[126.3258,36.3364]]],[[[126.3606,36.3293],[126.3626,36.3277],[126.3598,36.3264],[126.3525,36.3308],[126.3474,36.3312],[126.3445,36.3273],[126.3398,36.3293],[126.3423,36.3367],[126.3514,36.3441],[126.353,36.3558],[126.3615,36.352],[126.3609,36.3417],[126.3706,36.3357],[126.3606,36.3293]]],[[[126.4329,36.386],[126.4464,36.3662],[126.4611,36.3613],[126.459,36.3546],[126.4445,36.3552],[126.432,36.361],[126.3964,36.3675],[126.3909,36.3651],[126.383,36.3673],[126.3847,36.3802],[126.3912,36.3822],[126.4329,36.386]]],[[[126.3844,36.3822],[126.3867,36.3836],[126.3863,36.3815],[126.3844,36.3822]]],[[[126.4385,36.3875],[126.4453,36.3905],[126.4486,36.3841],[126.457,36.3794],[126.4503,36.3764],[126.4395,36.3787],[126.4385,36.3875]]],[[[126.3633,36.3781],[126.3611,36.3919],[126.3649,36.3944],[126.3713,36.3903],[126.3678,36.3868],[126.3684,36.378],[126.3633,36.3781]]],[[[126.4104,36.3888],[126.4117,36.3872],[126.4104,36.3877],[126.4104,36.3888]]],[[[126.428,36.3896],[126.4309,36.3895],[126.4284,36.3889],[126.428,36.3896]]],[[[126.3555,36.404],[126.3565,36.3995],[126.3519,36.3971],[126.3519,36.393],[126.3439,36.3913],[126.3377,36.3778],[126.3326,36.3782],[126.33,36.3851],[126.3225,36.3894],[126.3307,36.3933],[126.3297,36.3976],[126.3356,36.4069],[126.3555,36.404]]],[[[126.4632,36.3988],[126.4652,36.3985],[126.4651,36.3979],[126.4632,36.3988]]],[[[126.4305,36.3966],[126.431,36.4002],[126.4378,36.4003],[126.4377,36.399],[126.4305,36.3966]]],[[[126.4541,36.4048],[126.4587,36.4042],[126.4607,36.4013],[126.4541,36.4048]]],[[[126.4378,36.4076],[126.4406,36.4059],[126.4398,36.4034],[126.4353,36.4049],[126.4378,36.4076]]],[[[126.4556,36.4122],[126.4582,36.4111],[126.4589,36.4081],[126.455,36.4094],[126.4556,36.4122]]],[[[126.4645,36.4121],[126.4673,36.4119],[126.4663,36.4101],[126.4645,36.4121]]],[[[126.4625,36.4191],[126.4653,36.4176],[126.465,36.4165],[126.4625,36.4191]]],[[[126.4309,36.4469],[126.4285,36.4437],[126.4359,36.4211],[126.4276,36.4117],[126.4266,36.3992],[126.4218,36.3998],[126.4178,36.4055],[126.4119,36.4043],[126.4115,36.4115],[126.407,36.414],[126.3998,36.412],[126.3963,36.4183],[126.3912,36.4118],[126.382,36.4181],[126.3716,36.4101],[126.3665,36.4119],[126.3594,36.4169],[126.3571,36.4227],[126.3508,36.4238],[126.3511,36.4295],[126.3465,36.4358],[126.3636,36.4407],[126.3338,36.4373],[126.3308,36.4415],[126.3331,36.4489],[126.3285,36.4593],[126.333,36.4593],[126.3332,36.4663],[126.3241,36.4688],[126.3304,36.4757],[126.3338,36.4914],[126.3301,36.5021],[126.332,36.507],[126.3248,36.5203],[126.3283,36.5269],[126.3263,36.5441],[126.3209,36.5583],[126.31,36.5688],[126.3104,36.5852],[126.3202,36.5878],[126.3233,36.5991],[126.34,36.6085],[126.348,36.6047],[126.3482,36.6114],[126.355,36.61],[126.3604,36.6131],[126.3764,36.606],[126.3834,36.6073],[126.3959,36.5955],[126.3987,36.5823],[126.3936,36.5674],[126.3863,36.5588],[126.3907,36.5505],[126.3966,36.5192],[126.4256,36.4656],[126.427,36.4597],[126.4243,36.4568],[126.4309,36.4469]]],[[[126.432,36.464],[126.4362,36.464],[126.4322,36.4602],[126.432,36.464]]],[[[126.3279,36.5004],[126.3299,36.5003],[126.3263,36.4994],[126.3279,36.5004]]],[[[126.3249,36.5011],[126.3267,36.502],[126.3269,36.5016],[126.3249,36.5011]]],[[[126.4393,36.5207],[126.4425,36.5172],[126.4434,36.5166],[126.4398,36.5158],[126.4393,36.5207]]],[[[126.4465,36.5404],[126.4501,36.5388],[126.4467,36.546],[126.451,36.5462],[126.4535,36.5411],[126.4517,36.5365],[126.4461,36.537],[126.4465,36.5404]]],[[[126.3622,36.8697],[126.3619,36.8729],[126.3643,36.871],[126.3622,36.8697]]],[[[126.381,36.8922],[126.3865,36.8923],[126.3875,36.8895],[126.3823,36.8884],[126.381,36.8922]]],[[[126.3335,36.9164],[126.3479,36.904],[126.3409,36.896],[126.3302,36.9047],[126.3234,36.9184],[126.3266,36.9156],[126.3335,36.9164]]],[[[126.3519,36.9196],[126.3539,36.9176],[126.3504,36.9181],[126.3519,36.9196]]],[[[126.3865,36.9195],[126.371,36.9184],[126.3707,36.927],[126.3774,36.9292],[126.3873,36.9246],[126.3865,36.9195]]],[[[126.3435,36.9249],[126.337,36.934],[126.3405,36.9328],[126.3435,36.9249]]],[[[126.3521,36.9307],[126.3537,36.9322],[126.358,36.9327],[126.355,36.9292],[126.3521,36.9307]]],[[[126.337,36.9367],[126.336,36.9402],[126.3381,36.9363],[126.337,36.9367]]],[[[126.3458,36.9527],[126.3487,36.9525],[126.346,36.9505],[126.3458,36.9527]]],[[[126.452,37.0191],[126.4544,37.0166],[126.452,37.0141],[126.4506,37.017],[126.452,37.0191]]],[[[126.432,37.0204],[126.422,37.0259],[126.4265,37.0256],[126.432,37.0204]]],[[[126.4485,37.026],[126.4508,37.0244],[126.4511,37.0205],[126.4476,37.0237],[126.4485,37.026]]],[[[126.3708,37.0261],[126.3714,37.0227],[126.3667,37.0216],[126.3708,37.0261]]],[[[126.3836,37.0226],[126.3872,37.0264],[126.3883,37.0263],[126.3867,37.0228],[126.3836,37.0226]]],[[[126.444,37.0332],[126.4476,37.0321],[126.4483,37.0305],[126.4457,37.0304],[126.444,37.0332]]],[[[126.4382,37.0319],[126.4406,37.0328],[126.441,37.0322],[126.4382,37.0319]]],[[[126.4534,37.0321],[126.4402,37.0384],[126.4565,37.0409],[126.4526,37.0374],[126.4534,37.0321]]],[[[126.4559,37.039],[126.4566,37.0366],[126.4557,37.0363],[126.4559,37.039]]],[[[126.4286,37.0598],[126.4391,37.058],[126.4407,37.0627],[126.444,37.0617],[126.4506,37.0543],[126.4455,37.051],[126.4503,37.049],[126.4505,37.0445],[126.4354,37.0435],[126.428,37.04],[126.4209,37.0414],[126.4235,37.0448],[126.4188,37.0639],[126.4281,37.0649],[126.4286,37.0598]]],[[[126.6023,35.9982],[126.6068,36.0002],[126.6102,35.9945],[126.6012,35.9908],[126.6023,35.9982]]],[[[126.6326,36.0002],[126.627,36.0004],[126.626,36.0054],[126.6306,36.0052],[126.6326,36.0002]]],[[[126.6227,36.0075],[126.6248,36.0065],[126.6212,36.0067],[126.6227,36.0075]]],[[[126.6144,36.0642],[126.6151,36.068],[126.6176,36.0662],[126.6144,36.0642]]],[[[126.5535,36.1251],[126.5495,36.1281],[126.5529,36.1296],[126.5535,36.1251]]],[[[126.5077,36.214],[126.5062,36.211],[126.5038,36.2121],[126.5046,36.2143],[126.5077,36.214]]],[[[126.5222,36.2164],[126.5189,36.2143],[126.5165,36.2162],[126.5178,36.2175],[126.5222,36.2164]]],[[[126.5275,36.2376],[126.5292,36.2416],[126.5285,36.2372],[126.5275,36.2376]]],[[[126.5247,36.2461],[126.5193,36.2409],[126.5169,36.2423],[126.5187,36.2456],[126.5247,36.2461]]],[[[126.4665,36.4097],[126.4708,36.4098],[126.4664,36.4077],[126.4665,36.4097]]],[[[126.806,36.9417],[126.8063,36.9475],[126.812,36.9441],[126.8096,36.9408],[126.806,36.9417]]],[[[126.8186,36.9443],[126.8206,36.9448],[126.8212,36.9423],[126.8186,36.9443]]],[[[126.8258,36.9586],[126.8355,36.945],[126.8382,36.9457],[126.8418,36.9406],[126.832,36.9389],[126.824,36.953],[126.8258,36.9586]]]]}},{"type":"Feature","properties":{"sido":"경북"},"geometry":{"type":"MultiPolygon","coordinates":[[[[128.1641,35.777],[128.1548,35.7865],[128.1395,35.7841],[128.1288,35.7894],[128.1217,35.8036],[128.1253,35.8228],[128.1179,35.8258],[128.1087,35.8239],[128.0957,35.8326],[128.0907,35.8308],[128.0842,35.837],[128.0704,35.8407],[128.0508,35.8293],[128.031,35.8358],[128.0111,35.8291],[127.9974,35.8378],[127.9818,35.8589],[127.9733,35.8508],[127.9592,35.8601],[127.9508,35.8613],[127.9423,35.8543],[127.9261,35.8554],[127.9319,35.8592],[127.9332,35.8642],[127.9295,35.8714],[127.9305,35.8782],[127.9233,35.8822],[127.9189,35.8896],[127.9202,35.8929],[127.8933,35.8866],[127.8849,35.893],[127.8831,35.8993],[127.8889,35.9101],[127.8826,35.9188],[127.8825,35.9288],[127.9065,35.9406],[127.9115,35.9495],[127.904,35.9545],[127.8962,35.9779],[127.8896,35.9795],[127.893,35.9871],[127.8758,35.9967],[127.8788,36.0013],[127.8754,36.0149],[127.8769,36.0224],[127.883,36.0272],[127.8854,36.036],[127.9036,36.039],[127.9062,36.0461],[127.9171,36.0544],[127.9359,36.0507],[127.9466,36.0566],[127.9528,36.0658],[127.9614,36.0684],[127.9617,36.0828],[127.9578,36.0949],[127.9629,36.0962],[127.9686,36.1072],[127.9665,36.1185],[127.987,36.1287],[127.9873,36.1474],[127.9969,36.1552],[127.9835,36.1698],[127.9843,36.1782],[127.9758,36.1874],[127.9825,36.1985],[127.9933,36.2003],[127.9975,36.2061],[128.0135,36.2091],[128.0263,36.2057],[128.0384,36.194],[128.0525,36.2009],[128.063,36.1992],[128.0507,36.2059],[128.0498,36.2163],[128.0424,36.2173],[128.0393,36.2291],[128.03,36.2403],[128.048,36.2571],[128.0328,36.2619],[128.0262,36.2679],[128.0156,36.268],[128.0094,36.2721],[128.0006,36.2664],[127.9968,36.2681],[127.9822,36.2642],[127.9769,36.2589],[127.979,36.2541],[127.9709,36.2504],[127.9602,36.2524],[127.9545,36.2572],[127.9492,36.2566],[127.9473,36.2672],[127.9379,36.2691],[127.9309,36.2782],[127.9148,36.2801],[127.907,36.2861],[127.9051,36.3024],[127.8903,36.2899],[127.8837,36.2732],[127.8605,36.2777],[127.851,36.2744],[127.8494,36.2889],[127.8459,36.2941],[127.8472,36.3006],[127.8414,36.3105],[127.8507,36.3206],[127.8532,36.3317],[127.8675,36.3364],[127.8698,36.3436],[127.8814,36.3449],[127.8913,36.3596],[127.8835,36.3707],[127.8796,36.3715],[127.8843,36.3798],[127.876,36.3907],[127.8624,36.3926],[127.8656,36.3948],[127.8636,36.4031],[127.8731,36.4059],[127.876,36.4148],[127.8826,36.4217],[127.8804,36.4276],[127.8753,36.4285],[127.873,36.4417],[127.8824,36.461],[127.8784,36.4671],[127.8818,36.4779],[127.8752,36.4832],[127.8761,36.4884],[127.8805,36.4933],[127.8885,36.4931],[127.9067,36.5078],[127.9022,36.5127],[127.9019,36.5282],[127.8737,36.5378],[127.8707,36.5431],[127.8734,36.5559],[127.8678,36.5633],[127.8528,36.5716],[127.8432,36.5697],[127.8301,36.5744],[127.8239,36.5708],[127.8002,36.5855],[127.797,36.5948],[127.7984,36.6023],[127.8194,36.6082],[127.8228,36.6124],[127.8405,36.6083],[127.8591,36.6132],[127.8475,36.6249],[127.848,36.6334],[127.8621,36.6344],[127.8706,36.6439],[127.8741,36.6554],[127.8798,36.6576],[127.8823,36.6462],[127.8891,36.6403],[127.8894,36.6295],[127.9097,36.6257],[127.9164,36.6112],[127.9155,36.6063],[127.9239,36.6052],[127.9249,36.6155],[127.9331,36.619],[127.9349,36.6397],[127.9396,36.6469],[127.9384,36.6511],[127.9315,36.6536],[127.9323,36.6652],[127.9256,36.6692],[127.9185,36.668],[127.9129,36.6777],[127.9067,36.6802],[127.892,36.6823],[127.8877,36.6789],[127.8792,36.6784],[127.8773,36.6822],[127.8874,36.6913],[127.896,36.6942],[127.9154,36.694],[127.9286,36.6904],[127.9316,36.6934],[127.9317,36.7063],[127.9491,36.706],[127.948,36.7178],[127.9521,36.7196],[127.9558,36.7315],[127.9608,36.7368],[127.9868,36.7175],[128.0026,36.7166],[128.0084,36.7278],[128.0141,36.7301],[128.0222,36.7259],[128.0261,36.7191],[128.0317,36.7191],[128.0488,36.7075],[128.0713,36.7073],[128.074,36.7116],[128.069,36.7217],[128.0589,36.7297],[128.0556,36.7287],[128.0516,36.7361],[128.0438,36.7381],[128.0324,36.748],[128.0321,36.7546],[128.0444,36.7712],[128.0446,36.7846],[128.0557,36.7945],[128.0542,36.8049],[128.0576,36.8071],[128.0591,36.8167],[128.0714,36.8137],[128.0842,36.804],[128.084,36.7994],[128.0919,36.7965],[128.0926,36.8028],[128.1058,36.8048],[128.1122,36.8189],[128.1293,36.8246],[128.136,36.8341],[128.1449,36.8324],[128.1641,36.8201],[128.1759,36.8212],[128.217,36.8131],[128.2138,36.85],[128.2214,36.8474],[128.2368,36.8481],[128.234,36.8627],[128.239,36.8652],[128.2419,36.8728],[128.282,36.8566],[128.2868,36.8448],[128.2965,36.8345],[128.3054,36.8285],[128.3108,36.8285],[128.3161,36.8227],[128.3166,36.8166],[128.3347,36.8169],[128.3522,36.8105],[128.3626,36.8005],[128.3669,36.8005],[128.384,36.8145],[128.4206,36.8114],[128.4317,36.8243],[128.4343,36.8341],[128.4414,36.8377],[128.449,36.8481],[128.448,36.8646],[128.4387,36.8732],[128.4244,36.8765],[128.427,36.8893],[128.4402,36.9015],[128.4449,36.9138],[128.4419,36.9279],[128.4602,36.934],[128.4632,36.9474],[128.4678,36.9518],[128.4766,36.9574],[128.485,36.9575],[128.4859,36.962],[128.5067,36.9702],[128.5136,36.9768],[128.5145,36.9868],[128.5381,36.9908],[128.5547,36.9982],[128.556,37.0055],[128.5713,37.016],[128.5729,37.0217],[128.5652,37.0309],[128.5677,37.0341],[128.5771,37.0356],[128.5836,37.0439],[128.6068,37.0434],[128.6086,37.0526],[128.6193,37.0495],[128.6305,37.039],[128.6446,37.0619],[128.6532,37.0653],[128.6575,37.0611],[128.6754,37.0588],[128.6839,37.0516],[128.6893,37.053],[128.7004,37.0411],[128.7089,37.0392],[128.7186,37.044],[128.7343,37.0403],[128.7514,37.0283],[128.7621,37.0367],[128.752,37.0564],[128.7571,37.0701],[128.765,37.064],[128.7701,37.075],[128.7781,37.0792],[128.7732,37.0874],[128.7798,37.0923],[128.7851,37.0877],[128.8029,37.0854],[128.8086,37.0775],[128.8322,37.0758],[128.832,37.068],[128.8478,37.0515],[128.8727,37.0446],[128.8756,37.0449],[128.8783,37.0536],[128.8962,37.0449],[128.8961,37.0557],[128.9097,37.0669],[128.9223,37.0921],[128.9438,37.0952],[128.9536,37.081],[128.9598,37.0775],[128.9696,37.0821],[128.9931,37.0846],[128.9952,37.0812],[129.0343,37.0758],[129.0503,37.0684],[129.0546,37.0696],[129.0581,37.0646],[129.0651,37.0691],[129.0678,37.0745],[129.0658,37.0786],[129.0729,37.0909],[129.0958,37.1005],[129.1043,37.0983],[129.1086,37.0935],[129.1237,37.0912],[129.1281,37.0842],[129.1423,37.0811],[129.1438,37.0769],[129.1531,37.0737],[129.1558,37.0692],[129.1664,37.0695],[129.171,37.0601],[129.1837,37.0493],[129.1865,37.0416],[129.2251,37.0445],[129.2381,37.0388],[129.2289,37.0569],[129.2332,37.0642],[129.2256,37.0734],[129.2496,37.0959],[129.2661,37.1023],[129.272,37.117],[129.2768,37.1187],[129.2945,37.1144],[129.2982,37.1245],[129.3098,37.1286],[129.3245,37.1417],[129.3478,37.1465],[129.3665,37.145],[129.3734,37.1352],[129.3737,37.125],[129.3815,37.1202],[129.3764,37.1103],[129.3796,37.1002],[129.3961,37.084],[129.4272,37.064],[129.4301,37.0584],[129.4283,37.0553],[129.4207,37.0528],[129.4261,37.0557],[129.4243,37.0579],[129.4155,37.0543],[129.4133,37.0462],[129.4158,37.0355],[129.4102,37.0306],[129.4104,37.0241],[129.4191,37.0062],[129.4173,36.9975],[129.42,36.9931],[129.4089,36.9801],[129.4217,36.9403],[129.4159,36.9094],[129.421,36.8984],[129.4155,36.889],[129.4276,36.8507],[129.4464,36.8324],[129.446,36.8269],[129.4574,36.8154],[129.4631,36.7885],[129.479,36.7679],[129.4679,36.7575],[129.478,36.7271],[129.4723,36.7226],[129.4767,36.6996],[129.469,36.6942],[129.4677,36.6896],[129.4705,36.6859],[129.466,36.688],[129.4632,36.6776],[129.4569,36.6813],[129.4374,36.6698],[129.4289,36.649],[129.4178,36.6394],[129.4172,36.6305],[129.4122,36.6224],[129.4162,36.6024],[129.4154,36.5985],[129.4109,36.5977],[129.4132,36.5845],[129.4215,36.5712],[129.4407,36.5518],[129.4442,36.5123],[129.4501,36.5127],[129.4471,36.5083],[129.4535,36.5081],[129.4471,36.5042],[129.4452,36.4887],[129.4334,36.4812],[129.438,36.4629],[129.437,36.447],[129.4335,36.4405],[129.4364,36.427],[129.4306,36.4096],[129.4137,36.39],[129.4084,36.388],[129.408,36.3815],[129.3959,36.3658],[129.3937,36.3578],[129.3894,36.3568],[129.3898,36.3476],[129.3795,36.333],[129.3828,36.3229],[129.3798,36.3181],[129.3803,36.3085],[129.3776,36.3067],[129.3801,36.2939],[129.3749,36.2879],[129.3816,36.2749],[129.376,36.2696],[129.3732,36.2546],[129.3859,36.2391],[129.3814,36.2299],[129.3867,36.2234],[129.3843,36.2123],[129.3726,36.2071],[129.3731,36.1955],[129.3824,36.1858],[129.3906,36.1848],[129.3936,36.1815],[129.3998,36.1646],[129.3982,36.157],[129.4006,36.1538],[129.3951,36.1415],[129.3977,36.1349],[129.4258,36.1137],[129.4307,36.1129],[129.4311,36.1143],[129.4377,36.1143],[129.441,36.1129],[129.4327,36.1141],[129.4326,36.111],[129.4409,36.1109],[129.4407,36.1],[129.4371,36.1003],[129.4366,36.0961],[129.4328,36.0961],[129.4308,36.0998],[129.4186,36.0885],[129.4183,36.0737],[129.4045,36.0712],[129.3963,36.0634],[129.3829,36.0624],[129.3783,36.0524],[129.3817,36.0508],[129.3851,36.0459],[129.3812,36.0504],[129.373,36.0506],[129.3762,36.05],[129.3774,36.0414],[129.3841,36.0298],[129.3886,36.0317],[129.3941,36.0261],[129.4082,36.0296],[129.4007,36.0211],[129.3966,36.0204],[129.3917,36.0121],[129.4049,36.0144],[129.4075,36.0091],[129.4117,36.015],[129.412,36.0123],[129.4169,36.0123],[129.4163,36.0057],[129.4214,36.0012],[129.4479,35.9916],[129.4564,35.9934],[129.4555,36.0001],[129.4739,36.0131],[129.4932,36.0189],[129.4953,36.0239],[129.5029,36.0257],[129.5041,36.0367],[129.5156,36.0444],[129.5251,36.0579],[129.5332,36.0576],[129.5337,36.0619],[129.5405,36.0677],[129.5407,36.0729],[129.5453,36.0761],[129.5474,36.0854],[129.5555,36.0861],[129.562,36.0783],[129.5697,36.0791],[129.5686,36.0686],[129.573,36.0661],[129.5773,36.0491],[129.5837,36.0462],[129.5788,36.0397],[129.5816,36.0371],[129.5772,36.0338],[129.5817,36.033],[129.5823,36.0288],[129.5773,36.0247],[129.5849,36.0165],[129.5668,35.9971],[129.5674,35.9897],[129.5611,35.9892],[129.5579,35.9854],[129.56,35.9903],[129.5564,35.9907],[129.5528,35.9872],[129.5542,35.983],[129.5597,35.985],[129.5518,35.9786],[129.5546,35.9688],[129.5474,35.9643],[129.5496,35.9584],[129.5398,35.9492],[129.5294,35.934],[129.5311,35.9319],[129.5242,35.9337],[129.5189,35.9272],[129.5191,35.9201],[129.5237,35.9168],[129.5265,35.907],[129.5376,35.8997],[129.5259,35.8959],[129.5257,35.8883],[129.5314,35.8861],[129.5282,35.8773],[129.527,35.881],[129.5205,35.8814],[129.5192,35.8746],[129.5357,35.871],[129.5277,35.8636],[129.525,35.8526],[129.5185,35.8433],[129.5208,35.8376],[129.5147,35.8334],[129.51,35.8247],[129.5143,35.8167],[129.5104,35.8116],[129.5132,35.8079],[129.5039,35.8074],[129.5034,35.8048],[129.5071,35.8059],[129.4995,35.7996],[129.5014,35.793],[129.4921,35.7889],[129.4969,35.7735],[129.4943,35.7599],[129.4916,35.7595],[129.4934,35.7517],[129.4847,35.7434],[129.4857,35.7289],[129.4793,35.7173],[129.4798,35.7124],[129.4731,35.7034],[129.4777,35.6906],[129.4725,35.6803],[129.4654,35.677],[129.4651,35.6663],[129.4546,35.6639],[129.45,35.6509],[129.4428,35.6544],[129.4352,35.6522],[129.4327,35.6566],[129.4284,35.6559],[129.4129,35.664],[129.4034,35.6629],[129.3999,35.6675],[129.3735,35.6698],[129.3646,35.6788],[129.3539,35.6796],[129.324,35.6592],[129.3108,35.6603],[129.3036,35.657],[129.3028,35.6483],[129.2951,35.6444],[129.2844,35.6515],[129.2822,35.6495],[129.2602,35.6544],[129.2552,35.6603],[129.2542,35.666],[129.2598,35.673],[129.2586,35.6834],[129.2622,35.6858],[129.2627,35.6914],[129.256,35.7008],[129.2341,35.7036],[129.2325,35.7081],[129.2267,35.7083],[129.2072,35.7215],[129.1976,35.7158],[129.1815,35.7231],[129.1769,35.7155],[129.1606,35.7149],[129.1544,35.7217],[129.1457,35.7247],[129.1385,35.7209],[129.14,35.7181],[129.1352,35.7119],[129.1267,35.7145],[129.1233,35.7075],[129.1121,35.7079],[129.0886,35.702],[129.0774,35.693],[129.0695,35.6807],[129.0732,35.6777],[129.0676,35.6712],[129.0676,35.6618],[129.0797,35.6495],[129.0812,35.6434],[129.0741,35.6401],[129.0643,35.6462],[129.0473,35.6501],[129.0371,35.6322],[129.0271,35.6363],[129.0205,35.6354],[128.9859,35.6079],[128.9791,35.6083],[128.9708,35.6143],[128.9599,35.6154],[128.9602,35.6193],[128.9491,35.6287],[128.9242,35.6369],[128.9233,35.6466],[128.9203,35.6471],[128.9149,35.6454],[128.9118,35.6379],[128.8982,35.6318],[128.8855,35.6298],[128.8826,35.6347],[128.8747,35.6349],[128.8711,35.6182],[128.8583,35.606],[128.8517,35.5946],[128.843,35.5891],[128.8342,35.5972],[128.8262,35.5967],[128.8116,35.5895],[128.8012,35.5882],[128.7969,35.5745],[128.7863,35.5659],[128.7681,35.5705],[128.7574,35.5677],[128.724,35.581],[128.7033,35.5785],[128.6959,35.5833],[128.6893,35.595],[128.6649,35.5943],[128.6553,35.598],[128.6436,35.5923],[128.636,35.5841],[128.6311,35.5867],[128.6068,35.5804],[128.5853,35.586],[128.5743,35.5922],[128.5675,35.6012],[128.5597,35.6033],[128.5563,35.6166],[128.5365,35.6237],[128.5382,35.632],[128.5347,35.6438],[128.5383,35.655],[128.5367,35.6612],[128.5309,35.6627],[128.5264,35.6742],[128.5285,35.6795],[128.5264,35.6824],[128.5335,35.6821],[128.5314,35.6879],[128.5351,35.694],[128.5315,35.6967],[128.5324,35.7055],[128.5271,35.7136],[128.5439,35.7191],[128.5608,35.7295],[128.5643,35.7363],[128.5709,35.7343],[128.5801,35.7391],[128.5894,35.7318],[128.5962,35.7371],[128.6167,35.7371],[128.6154,35.7304],[128.6102,35.7255],[128.6172,35.7178],[128.614,35.7105],[128.6225,35.7035],[128.631,35.707],[128.6436,35.7072],[128.6612,35.7201],[128.6833,35.7215],[128.683,35.7255],[128.6918,35.7323],[128.6887,35.7375],[128.6944,35.7439],[128.6926,35.748],[128.6962,35.7566],[128.6862,35.7695],[128.6871,35.7765],[128.6817,35.7837],[128.6826,35.7899],[128.693,35.7965],[128.7,35.7951],[128.7107,35.8049],[128.7177,35.8067],[128.7086,35.8256],[128.7182,35.8353],[128.7251,35.8361],[128.7253,35.8535],[128.7215,35.8563],[128.725,35.8578],[128.7383,35.8508],[128.7516,35.8575],[128.7539,35.864],[128.76,35.8655],[128.7582,35.8782],[128.7618,35.886],[128.757,35.9025],[128.7604,35.907],[128.7564,35.915],[128.7378,35.9295],[128.7456,35.9444],[128.739,35.9553],[128.7457,35.9731],[128.7328,35.9829],[128.7314,35.9871],[128.7352,35.9929],[128.7257,36.0047],[128.7005,36.0112],[128.6952,36.0163],[128.7011,36.0275],[128.6968,36.0354],[128.7041,36.0438],[128.7026,36.0557],[128.7092,36.0641],[128.7114,36.0737],[128.7248,36.0743],[128.7294,36.0811],[128.7252,36.0904],[128.7417,36.1005],[128.7451,36.1092],[128.7517,36.1035],[128.7537,36.0917],[128.7649,36.1006],[128.7706,36.0952],[128.7796,36.0938],[128.791,36.0867],[128.7985,36.085],[128.8107,36.0889],[128.822,36.1004],[128.8357,36.1058],[128.8378,36.1129],[128.8502,36.1189],[128.8531,36.1284],[128.8506,36.1376],[128.8589,36.1452],[128.8911,36.1432],[128.8925,36.1555],[128.9001,36.1625],[128.8942,36.1693],[128.8961,36.1734],[128.8911,36.1762],[128.8906,36.1818],[128.8812,36.1901],[128.8825,36.199],[128.8731,36.1997],[128.8519,36.2149],[128.8422,36.2176],[128.834,36.2154],[128.83,36.2176],[128.8134,36.2107],[128.8041,36.2102],[128.803,36.2006],[128.796,36.1938],[128.7864,36.1963],[128.7699,36.1935],[128.7581,36.2025],[128.7527,36.2027],[128.746,36.1944],[128.7352,36.2007],[128.7049,36.1992],[128.6967,36.2024],[128.6999,36.2088],[128.6944,36.2141],[128.6817,36.2149],[128.6712,36.2086],[128.6634,36.2214],[128.6494,36.2177],[128.6399,36.2081],[128.634,36.2093],[128.6318,36.2162],[128.6357,36.2213],[128.6367,36.2331],[128.631,36.2388],[128.6329,36.2441],[128.6383,36.2471],[128.6407,36.2576],[128.6364,36.2612],[128.6095,36.2712],[128.5985,36.2708],[128.5945,36.2776],[128.5761,36.2796],[128.5712,36.2749],[128.5629,36.2768],[128.5534,36.2739],[128.5455,36.2916],[128.5361,36.295],[128.5293,36.2939],[128.5256,36.2995],[128.5178,36.302],[128.4963,36.3036],[128.4738,36.3118],[128.4712,36.32],[128.4542,36.327],[128.4381,36.314],[128.4376,36.3044],[128.4337,36.3054],[128.4278,36.2991],[128.4172,36.2991],[128.413,36.2937],[128.4142,36.2902],[128.4113,36.2875],[128.4136,36.2835],[128.427,36.2762],[128.4215,36.2686],[128.4209,36.2604],[128.4165,36.2576],[128.421,36.2517],[128.4193,36.2455],[128.4238,36.2366],[128.4336,36.2352],[128.4408,36.218],[128.4621,36.2285],[128.4852,36.2341],[128.4859,36.2308],[128.4795,36.2245],[128.4863,36.2239],[128.4891,36.2197],[128.4885,36.2141],[128.4945,36.2053],[128.4947,36.1977],[128.5036,36.1927],[128.5043,36.185],[128.5126,36.1912],[128.5166,36.2001],[128.524,36.2008],[128.5389,36.1937],[128.5491,36.1781],[128.5574,36.178],[128.5534,36.165],[128.5445,36.1662],[128.5405,36.1615],[128.5425,36.1548],[128.5505,36.1507],[128.5481,36.141],[128.5526,36.1385],[128.5486,36.131],[128.553,36.1282],[128.555,36.1213],[128.562,36.1193],[128.5643,36.115],[128.5635,36.1022],[128.5687,36.0898],[128.5635,36.0706],[128.5698,36.0605],[128.5979,36.0758],[128.61,36.0762],[128.6241,36.0816],[128.6294,36.0782],[128.6293,36.0512],[128.6213,36.0258],[128.6372,36.0171],[128.6406,36.0106],[128.6172,36.0051],[128.6029,35.9895],[128.603,35.9862],[128.5907,35.979],[128.5721,35.9777],[128.5569,35.971],[128.5533,35.9608],[128.5472,35.9645],[128.5422,35.9749],[128.5288,35.9805],[128.527,35.9753],[128.5305,35.9625],[128.5346,35.9584],[128.534,35.9336],[128.5296,35.9286],[128.5297,35.9236],[128.5072,35.9066],[128.5017,35.8861],[128.4905,35.8977],[128.4842,35.8948],[128.4783,35.8978],[128.4751,35.8952],[128.468,35.8998],[128.4669,35.9072],[128.4739,35.9168],[128.4757,35.936],[128.4618,35.938],[128.4538,35.9431],[128.4525,35.936],[128.4314,35.931],[128.4181,35.9212],[128.4033,35.8891],[128.3937,35.883],[128.3873,35.8715],[128.3855,35.8649],[128.3901,35.8504],[128.4228,35.8513],[128.4563,35.843],[128.4772,35.8275],[128.481,35.8203],[128.4772,35.8127],[128.4691,35.8084],[128.4207,35.8096],[128.4078,35.7971],[128.399,35.7779],[128.3857,35.7619],[128.3858,35.7555],[128.3926,35.7455],[128.4166,35.7366],[128.4318,35.7263],[128.4348,35.7121],[128.4332,35.703],[128.4166,35.6931],[128.3597,35.7075],[128.3511,35.703],[128.3543,35.6831],[128.3613,35.6734],[128.3816,35.6553],[128.4024,35.6434],[128.4017,35.6321],[128.3861,35.6124],[128.3623,35.6119],[128.3631,35.6286],[128.3549,35.6425],[128.3492,35.6464],[128.3409,35.6442],[128.3293,35.6482],[128.3237,35.646],[128.306,35.6551],[128.2973,35.6562],[128.2962,35.6505],[128.2797,35.6523],[128.2767,35.6467],[128.2611,35.6427],[128.2583,35.6476],[128.2419,35.6554],[128.2358,35.6512],[128.2357,35.6407],[128.2297,35.6395],[128.2011,35.6438],[128.1989,35.6492],[128.1843,35.6585],[128.1595,35.6549],[128.1577,35.6579],[128.1614,35.6609],[128.1599,35.6658],[128.1626,35.6718],[128.1792,35.673],[128.1944,35.6844],[128.2018,35.6842],[128.2045,35.6974],[128.2008,35.7082],[128.203,35.7118],[128.2016,35.7228],[128.1965,35.7309],[128.1981,35.7364],[128.1943,35.7382],[128.1873,35.7542],[128.1638,35.7633],[128.1614,35.7697],[128.1641,35.777]]],[[[131.87,37.2384],[131.8688,37.2411],[131.8704,37.2418],[131.87,37.2384]]],[[[131.8635,37.2428],[131.8669,37.2418],[131.8634,37.2406],[131.8635,37.2428]]],[[[130.918,37.5182],[130.9193,37.5123],[130.9158,37.5062],[130.9138,37.4871],[130.9207,37.487],[130.9213,37.4847],[130.9115,37.4827],[130.9069,37.4765],[130.8838,37.4708],[130.877,37.4637],[130.8796,37.4609],[130.8761,37.4623],[130.8741,37.4531],[130.866,37.46],[130.8403,37.4632],[130.8311,37.4666],[130.8265,37.4726],[130.8104,37.4758],[130.8079,37.4825],[130.802,37.4853],[130.8042,37.5],[130.8014,37.5018],[130.8048,37.5054],[130.7912,37.5192],[130.7938,37.5229],[130.792,37.5249],[130.8006,37.5249],[130.8042,37.5203],[130.8252,37.5311],[130.8293,37.5305],[130.8241,37.5287],[130.8291,37.5276],[130.8467,37.5362],[130.8688,37.5371],[130.8776,37.5434],[130.8932,37.5407],[130.899,37.5468],[130.9071,37.5489],[130.9124,37.5414],[130.9214,37.5407],[130.9137,37.5376],[130.9091,37.5284],[130.9125,37.5207],[130.918,37.5182]]],[[[130.9369,37.5273],[130.9385,37.5313],[130.9418,37.5304],[130.9405,37.5249],[130.9369,37.5273]]],[[[130.9206,37.5432],[130.9247,37.5455],[130.9261,37.5446],[130.9234,37.5417],[130.9206,37.5432]]]]}},{"type":"Feature","properties":{"sido":"경남"},"geometry":{"type":"MultiPolygon","coordinates":[[[[127.9337,34.7274],[127.9354,34.7309],[127.9417,34.731],[127.9432,34.7238],[127.9337,34.7274]]],[[[127.8429,34.7466],[127.8403,34.7456],[127.8395,34.7458],[127.8429,34.7466]]],[[[127.8391,34.7607],[127.835,34.7604],[127.8348,34.7617],[127.8371,34.7617],[127.8391,34.7607]]],[[[127.9034,34.7623],[127.9134,34.7397],[127.906,34.7272],[127.8916,34.7213],[127.8745,34.7268],[127.8568,34.7275],[127.8618,34.7318],[127.8581,34.7366],[127.8556,34.7346],[127.8509,34.7377],[127.8552,34.7411],[127.8529,34.7472],[127.8362,34.7503],[127.8353,34.7566],[127.8418,34.7579],[127.8435,34.7631],[127.8405,34.7675],[127.852,34.7693],[127.8446,34.7798],[127.8449,34.7872],[127.8354,34.7923],[127.8325,34.8111],[127.8278,34.811],[127.8278,34.8166],[127.8212,34.8213],[127.8127,34.8354],[127.8124,34.8479],[127.8065,34.8574],[127.8106,34.8652],[127.8161,34.8667],[127.8188,34.8765],[127.8267,34.8741],[127.8296,34.8804],[127.8243,34.884],[127.8331,34.8923],[127.824,34.8941],[127.8241,34.8965],[127.831,34.8955],[127.8278,34.9011],[127.8256,34.8992],[127.8256,34.9033],[127.8421,34.8984],[127.8418,34.9068],[127.8444,34.9018],[127.8621,34.9014],[127.8631,34.9053],[127.8511,34.9101],[127.8562,34.9142],[127.8499,34.9141],[127.8535,34.9218],[127.8589,34.9216],[127.8535,34.927],[127.859,34.9295],[127.8571,34.9337],[127.8655,34.9322],[127.8645,34.9365],[127.8704,34.9423],[127.8909,34.9471],[127.9025,34.9415],[127.9074,34.9432],[127.9087,34.9387],[127.913,34.9418],[127.916,34.9389],[127.9198,34.9426],[127.9256,34.9405],[127.9209,34.9336],[127.9246,34.9306],[127.9276,34.9327],[127.9307,34.9248],[127.9241,34.9265],[127.9302,34.9154],[127.9403,34.9117],[127.9303,34.9146],[127.929,34.9065],[127.9229,34.8994],[127.9261,34.8908],[127.9137,34.8887],[127.9107,34.8835],[127.9053,34.8819],[127.9027,34.8846],[127.902,34.8784],[127.8979,34.8749],[127.9027,34.8605],[127.9085,34.8522],[127.9144,34.8499],[127.9174,34.8355],[127.9243,34.8307],[127.932,34.8335],[127.9404,34.8279],[127.9445,34.8291],[127.9414,34.8157],[127.9443,34.8097],[127.9544,34.8052],[127.9658,34.8087],[127.9584,34.8136],[127.9709,34.8161],[127.9784,34.8205],[127.9744,34.8224],[127.9763,34.8255],[127.992,34.8334],[128.0195,34.8304],[128.0189,34.8333],[128.0301,34.8348],[128.0324,34.8304],[128.0667,34.8182],[128.0621,34.8062],[128.0651,34.8005],[128.0524,34.7998],[128.0518,34.7944],[128.0591,34.7943],[128.0489,34.7809],[128.0503,34.7738],[128.0547,34.7697],[128.0545,34.7554],[128.0591,34.7524],[128.057,34.7454],[128.049,34.7424],[128.0504,34.7395],[128.0415,34.7371],[128.0356,34.7296],[128.0356,34.7219],[128.0456,34.7136],[128.0536,34.7151],[128.0599,34.7101],[128.054,34.7116],[128.0532,34.7079],[128.0427,34.7065],[128.0483,34.705],[128.0447,34.7024],[128.0368,34.7024],[128.0349,34.7059],[128.0372,34.7068],[128.0313,34.7081],[128.0271,34.7073],[128.0281,34.7034],[128.0248,34.7005],[128.0194,34.7016],[128.0258,34.7189],[128.014,34.724],[128.008,34.7213],[128.0116,34.7164],[128.0079,34.711],[128.0009,34.7163],[127.9921,34.714],[127.992,34.7193],[127.9889,34.7202],[127.9849,34.7178],[127.9874,34.7135],[127.9846,34.7091],[127.9769,34.7114],[127.9563,34.7095],[127.9527,34.7154],[127.9576,34.7189],[127.9494,34.7263],[127.9539,34.7309],[127.9474,34.7301],[127.9438,34.747],[127.948,34.7657],[127.954,34.7724],[127.9499,34.777],[127.929,34.7759],[127.9183,34.7689],[127.9083,34.7683],[127.9034,34.7623]]],[[[127.84,34.7764],[127.8436,34.7761],[127.8395,34.775],[127.84,34.7764]]],[[[127.8318,34.7848],[127.8334,34.7871],[127.8338,34.7852],[127.8318,34.7848]]],[[[127.8223,34.8845],[127.82,34.8825],[127.8192,34.8844],[127.8223,34.8845]]],[[[127.816,34.9129],[127.821,34.9188],[127.8238,34.9174],[127.8211,34.913],[127.816,34.9129]]],[[[127.8388,34.9261],[127.8408,34.9244],[127.8405,34.924],[127.8388,34.9261]]],[[[127.8288,34.9257],[127.834,34.9269],[127.8349,34.9262],[127.834,34.9248],[127.8288,34.9257]]],[[[127.8373,34.9327],[127.8405,34.9309],[127.8386,34.9302],[127.8373,34.9327]]],[[[127.8298,34.9287],[127.8323,34.9382],[127.8335,34.9393],[127.8343,34.9278],[127.8298,34.9287]]],[[[127.7818,34.9417],[127.7835,34.9383],[127.7825,34.9371],[127.7806,34.9385],[127.7818,34.9417]]],[[[127.9486,34.9616],[127.9485,34.964],[127.9494,34.9619],[127.9486,34.9616]]],[[[127.9631,34.9662],[127.9668,34.9647],[127.9612,34.961],[127.9608,34.9637],[127.9631,34.9662]]],[[[127.8346,34.9491],[127.8287,34.9509],[127.8295,34.948],[127.8185,34.9436],[127.8162,34.9471],[127.8181,34.9493],[127.8099,34.9481],[127.8141,34.941],[127.8178,34.9409],[127.8097,34.9384],[127.8068,34.9391],[127.8069,34.9437],[127.7863,34.9399],[127.7808,34.9444],[127.7651,34.9728],[127.7675,34.979],[127.7801,34.9884],[127.7778,34.9881],[127.7873,35.0162],[127.7695,35.034],[127.7678,35.0527],[127.7628,35.0577],[127.7541,35.0564],[127.7422,35.0603],[127.7375,35.0781],[127.7182,35.082],[127.7065,35.0952],[127.6946,35.1031],[127.694,35.1318],[127.6597,35.1582],[127.6453,35.1613],[127.6406,35.1711],[127.6325,35.1753],[127.6214,35.1885],[127.6171,35.2096],[127.6209,35.2135],[127.6209,35.223],[127.6187,35.2368],[127.6131,35.2412],[127.6149,35.2503],[127.61,35.2619],[127.5958,35.2682],[127.5907,35.2754],[127.5865,35.2864],[127.5771,35.2955],[127.5761,35.3064],[127.6044,35.3183],[127.6081,35.3253],[127.6204,35.3323],[127.6229,35.3439],[127.6121,35.3559],[127.6103,35.3663],[127.6224,35.3732],[127.6256,35.3855],[127.6354,35.3998],[127.6464,35.4027],[127.662,35.4167],[127.6655,35.4363],[127.6729,35.4434],[127.6679,35.4479],[127.6451,35.4495],[127.6369,35.4593],[127.6368,35.4785],[127.6527,35.4857],[127.6508,35.4976],[127.6449,35.499],[127.6341,35.513],[127.6342,35.5211],[127.6245,35.5273],[127.6287,35.5358],[127.6119,35.5357],[127.6064,35.5428],[127.5943,35.5481],[127.5911,35.5542],[127.5854,35.5546],[127.5874,35.5652],[127.6106,35.5849],[127.6076,35.5948],[127.6127,35.5997],[127.613,35.6087],[127.6211,35.615],[127.6355,35.6185],[127.6241,35.6323],[127.6202,35.6463],[127.6296,35.6566],[127.6291,35.6642],[127.6403,35.6723],[127.6404,35.6867],[127.645,35.6977],[127.6492,35.704],[127.6608,35.7097],[127.6598,35.7161],[127.6634,35.7248],[127.6603,35.7384],[127.6636,35.745],[127.6641,35.767],[127.67,35.7717],[127.679,35.7693],[127.685,35.7778],[127.7004,35.789],[127.7193,35.7971],[127.7238,35.8046],[127.7234,35.8106],[127.7304,35.8137],[127.7387,35.827],[127.7381,35.8351],[127.7444,35.8443],[127.7575,35.8367],[127.7722,35.8389],[127.7805,35.8483],[127.8039,35.8572],[127.8127,35.8528],[127.8253,35.8684],[127.8417,35.8671],[127.8451,35.8763],[127.8528,35.8807],[127.8507,35.8901],[127.8583,35.897],[127.8599,35.9066],[127.8709,35.9046],[127.8876,35.9146],[127.8889,35.9098],[127.8831,35.8993],[127.8849,35.893],[127.8933,35.8866],[127.9202,35.8929],[127.9189,35.8896],[127.9233,35.8822],[127.9305,35.8782],[127.9295,35.8714],[127.9332,35.8642],[127.9319,35.8592],[127.9261,35.8554],[127.9423,35.8543],[127.9508,35.8613],[127.9592,35.8601],[127.9733,35.8508],[127.9818,35.8589],[127.9974,35.8378],[128.0111,35.8291],[128.031,35.8358],[128.0508,35.8293],[128.0704,35.8407],[128.0842,35.837],[128.0907,35.8308],[128.0957,35.8326],[128.1087,35.8239],[128.1179,35.8258],[128.1253,35.8228],[128.1217,35.8036],[128.1288,35.7894],[128.1355,35.7846],[128.1548,35.7865],[128.1578,35.7838],[128.1641,35.777],[128.1614,35.7697],[128.1638,35.7633],[128.1893,35.7523],[128.1943,35.7382],[128.1982,35.7363],[128.1966,35.7307],[128.2016,35.7228],[128.2033,35.6857],[128.1944,35.6844],[128.1792,35.673],[128.164,35.6729],[128.16,35.6671],[128.1614,35.6609],[128.1577,35.6579],[128.1614,35.6537],[128.1843,35.6585],[128.1989,35.6492],[128.2011,35.6438],[128.2297,35.6395],[128.2357,35.6407],[128.2358,35.6512],[128.2436,35.6557],[128.2583,35.6476],[128.2611,35.6427],[128.2767,35.6467],[128.2797,35.6523],[128.2962,35.6505],[128.2973,35.6562],[128.3182,35.6509],[128.3237,35.646],[128.3293,35.6482],[128.3409,35.6442],[128.3492,35.6464],[128.3549,35.6425],[128.3631,35.6286],[128.3623,35.6119],[128.3817,35.6068],[128.3994,35.6159],[128.411,35.6153],[128.4164,35.6217],[128.4226,35.6201],[128.4319,35.6236],[128.4465,35.6384],[128.4547,35.6372],[128.4611,35.6406],[128.4698,35.6363],[128.4789,35.6403],[128.4848,35.6354],[128.5057,35.6393],[128.5107,35.6457],[128.5068,35.6501],[128.5075,35.6733],[128.5264,35.6824],[128.5307,35.6629],[128.5367,35.6612],[128.5383,35.655],[128.5347,35.6438],[128.5382,35.632],[128.5365,35.6237],[128.5563,35.6166],[128.5597,35.6033],[128.5675,35.6012],[128.5743,35.5922],[128.5848,35.5862],[128.6068,35.5804],[128.6311,35.5867],[128.636,35.5841],[128.6436,35.5923],[128.6553,35.598],[128.6649,35.5943],[128.6888,35.5951],[128.6959,35.5833],[128.7033,35.5785],[128.724,35.581],[128.7574,35.5677],[128.7681,35.5705],[128.7856,35.5658],[128.7969,35.5745],[128.8012,35.5882],[128.8116,35.5895],[128.8262,35.5967],[128.8342,35.5972],[128.843,35.5891],[128.8517,35.5946],[128.8583,35.606],[128.8711,35.6182],[128.8747,35.6349],[128.8826,35.6347],[128.8855,35.6298],[128.8982,35.6318],[128.9118,35.6379],[128.9149,35.6454],[128.9231,35.6468],[128.9242,35.6369],[128.9409,35.6331],[128.9592,35.6204],[128.9599,35.6154],[128.9717,35.614],[128.9791,35.6083],[128.9861,35.608],[129.0033,35.6201],[129.0075,35.6159],[129.0218,35.614],[129.026,35.6007],[129.0202,35.585],[128.9954,35.5689],[128.9709,35.5606],[128.9736,35.5522],[128.9806,35.546],[128.9929,35.548],[128.9976,35.5422],[128.9945,35.529],[129.0096,35.528],[129.0087,35.524],[129.0127,35.5231],[129.0558,35.5321],[129.052,35.5157],[129.0908,35.4982],[129.1053,35.4965],[129.1095,35.4798],[129.1171,35.4749],[129.1288,35.4593],[129.1357,35.4564],[129.143,35.4459],[129.1658,35.432],[129.1789,35.4326],[129.1965,35.4394],[129.2023,35.432],[129.202,35.4216],[129.2112,35.4192],[129.2199,35.409],[129.203,35.3879],[129.1945,35.3837],[129.1994,35.3756],[129.1935,35.3609],[129.1754,35.3514],[129.1499,35.3638],[129.1314,35.3656],[129.1296,35.3592],[129.1346,35.3514],[129.1273,35.3456],[129.1258,35.3319],[129.1133,35.3195],[129.1104,35.306],[129.0891,35.3031],[129.0732,35.2899],[129.0601,35.2956],[129.0519,35.288],[129.0509,35.2802],[129.0441,35.2803],[129.0392,35.2759],[129.0301,35.2785],[129.0128,35.2735],[129.011,35.2616],[128.9976,35.2344],[128.9595,35.2251],[128.9525,35.2243],[128.9448,35.2279],[128.9235,35.2161],[128.9166,35.217],[128.9124,35.2226],[128.9089,35.2206],[128.9095,35.2231],[128.905,35.2201],[128.9102,35.215],[128.8841,35.2137],[128.8704,35.2017],[128.876,35.1882],[128.8816,35.1829],[128.8802,35.172],[128.8736,35.1744],[128.8724,35.1723],[128.8793,35.162],[128.8745,35.1598],[128.8758,35.1523],[128.8705,35.1521],[128.8655,35.1579],[128.8661,35.1668],[128.8637,35.1674],[128.8467,35.1653],[128.8434,35.158],[128.8374,35.1593],[128.828,35.1558],[128.8159,35.1604],[128.794,35.1579],[128.8023,35.1432],[128.8154,35.1326],[128.8273,35.1282],[128.8336,35.1292],[128.8376,35.116],[128.8428,35.1134],[128.8421,35.107],[128.8367,35.102],[128.8248,35.102],[128.8228,35.0988],[128.8325,35.0863],[128.8284,35.0895],[128.8185,35.083],[128.7854,35.0795],[128.7818,35.0861],[128.7894,35.0943],[128.7982,35.0931],[128.8025,35.0986],[128.7883,35.098],[128.7914,35.1027],[128.7882,35.1069],[128.7892,35.1133],[128.7847,35.1138],[128.78,35.1031],[128.7731,35.0989],[128.763,35.1051],[128.7657,35.098],[128.7844,35.0967],[128.78,35.0817],[128.765,35.0829],[128.7685,35.0759],[128.7664,35.0675],[128.7515,35.0821],[128.7417,35.078],[128.7437,35.0843],[128.7399,35.0819],[128.7353,35.0887],[128.7436,35.0998],[128.7387,35.0994],[128.7355,35.0934],[128.7286,35.09],[128.7305,35.0939],[128.7245,35.0975],[128.7143,35.0952],[128.7135,35.1067],[128.7104,35.1034],[128.7009,35.104],[128.703,35.1001],[128.6956,35.097],[128.6889,35.1011],[128.6886,35.1074],[128.6857,35.107],[128.6953,35.1099],[128.7005,35.1158],[128.6997,35.1256],[128.6938,35.1332],[128.6973,35.1345],[128.6963,35.1384],[128.6874,35.1423],[128.6905,35.1466],[128.6796,35.1468],[128.6708,35.1425],[128.6779,35.1251],[128.6671,35.1185],[128.6617,35.1217],[128.663,35.1304],[128.659,35.1362],[128.6489,35.1354],[128.6436,35.1406],[128.6427,35.1473],[128.6471,35.1465],[128.6471,35.1504],[128.6348,35.1494],[128.6372,35.1457],[128.6254,35.1474],[128.6219,35.1365],[128.6068,35.1372],[128.608,35.1419],[128.6138,35.1449],[128.6091,35.1525],[128.6109,35.1633],[128.6048,35.1605],[128.5988,35.1649],[128.6004,35.1683],[128.593,35.1733],[128.5892,35.1996],[128.6086,35.2122],[128.6201,35.212],[128.6095,35.2132],[128.5865,35.2096],[128.5648,35.1845],[128.5704,35.175],[128.5794,35.1728],[128.5822,35.1646],[128.5917,35.1579],[128.5918,35.1498],[128.5856,35.1464],[128.5911,35.1467],[128.5976,35.1422],[128.5874,35.1303],[128.5802,35.138],[128.5747,35.1361],[128.5747,35.1333],[128.5876,35.1295],[128.5927,35.1342],[128.601,35.1334],[128.6008,35.1243],[128.5918,35.1208],[128.6007,35.1197],[128.6031,35.1041],[128.6181,35.0953],[128.6185,35.0924],[128.6141,35.0914],[128.6254,35.0876],[128.623,35.0818],[128.6084,35.0792],[128.6067,35.0754],[128.6127,35.0758],[128.6137,35.0721],[128.6101,35.0704],[128.614,35.0699],[128.626,35.0755],[128.6367,35.0722],[128.6367,35.0677],[128.6141,35.0613],[128.6041,35.0551],[128.5744,35.0518],[128.5718,35.0547],[128.5776,35.0612],[128.5934,35.0687],[128.5893,35.072],[128.587,35.0719],[128.5888,35.0696],[128.5809,35.0637],[128.574,35.0648],[128.5739,35.0675],[128.5713,35.0676],[128.5676,35.0661],[128.5622,35.0669],[128.5602,35.0693],[128.5642,35.0728],[128.5606,35.0758],[128.5615,35.0833],[128.581,35.0892],[128.5499,35.0955],[128.5491,35.092],[128.5451,35.0925],[128.5448,35.1],[128.541,35.1015],[128.5474,35.1071],[128.5437,35.1097],[128.5398,35.106],[128.5359,35.1075],[128.5393,35.1172],[128.5368,35.1187],[128.5311,35.1062],[128.5217,35.1044],[128.5187,35.0969],[128.5042,35.0976],[128.4898,35.1068],[128.4835,35.0999],[128.4808,35.0985],[128.4807,35.1014],[128.4711,35.0971],[128.4613,35.1038],[128.4511,35.1056],[128.4526,35.1031],[128.4483,35.0995],[128.4486,35.0961],[128.466,35.0856],[128.4792,35.082],[128.4782,35.0771],[128.4743,35.0756],[128.4693,35.0818],[128.4616,35.0715],[128.4532,35.0739],[128.4398,35.0717],[128.439,35.0666],[128.4281,35.0551],[128.421,35.0577],[128.4193,35.0547],[128.4152,35.0552],[128.4174,35.0599],[128.4121,35.0618],[128.401,35.0546],[128.384,35.0506],[128.3831,35.0459],[128.3734,35.0496],[128.3727,35.042],[128.3802,35.0396],[128.3823,35.0353],[128.3741,35.0297],[128.3695,35.0312],[128.3711,35.0257],[128.3753,35.0244],[128.374,35.0217],[128.3692,35.0234],[128.3582,35.016],[128.355,35.0096],[128.3592,35.0087],[128.3675,35.0162],[128.3886,35.0172],[128.3892,35.0351],[128.3992,35.0407],[128.4332,35.0479],[128.4376,35.046],[128.4384,35.0499],[128.4504,35.0518],[128.442,35.0602],[128.4452,35.0682],[128.4523,35.0717],[128.4615,35.0648],[128.4682,35.0688],[128.4692,35.0761],[128.4775,35.0687],[128.4752,35.066],[128.482,35.0661],[128.4827,35.0632],[128.4754,35.0554],[128.4824,35.0529],[128.4794,35.0468],[128.4618,35.0497],[128.4596,35.0476],[128.4716,35.0409],[128.4738,35.0356],[128.4748,35.0419],[128.4864,35.0386],[128.4824,35.0283],[128.4982,35.0227],[128.5034,35.0174],[128.4921,35.005],[128.4843,35.0108],[128.4848,34.999],[128.4771,34.9978],[128.4805,34.9955],[128.4786,34.9926],[128.4655,34.9972],[128.469,34.9923],[128.4633,34.9874],[128.459,34.9906],[128.4393,34.9937],[128.4226,34.9929],[128.4152,34.9963],[128.4078,34.9938],[128.4057,34.9865],[128.4082,34.9829],[128.4178,34.9868],[128.4344,34.9851],[128.4409,34.9831],[128.4438,34.9777],[128.4372,34.9658],[128.4405,34.9657],[128.4402,34.9623],[128.4314,34.9569],[128.4315,34.9442],[128.4261,34.9418],[128.43,34.9386],[128.4286,34.9363],[128.4367,34.9318],[128.4293,34.9282],[128.4307,34.9141],[128.4239,34.9101],[128.4266,34.904],[128.4203,34.8935],[128.4235,34.8835],[128.4213,34.8732],[128.4249,34.8729],[128.4343,34.8809],[128.4341,34.8847],[128.4308,34.8834],[128.4316,34.8882],[128.4454,34.8888],[128.4388,34.8929],[128.444,34.9001],[128.4511,34.9029],[128.4381,34.9121],[128.4403,34.9134],[128.4535,34.9145],[128.4525,34.9106],[128.4608,34.905],[128.4539,34.9007],[128.4643,34.8996],[128.4654,34.8923],[128.4734,34.894],[128.475,34.8904],[128.4688,34.8876],[128.4713,34.8846],[128.4678,34.882],[128.4671,34.8717],[128.4602,34.8728],[128.4605,34.8798],[128.4573,34.8824],[128.4523,34.8733],[128.4565,34.8648],[128.4501,34.8678],[128.4469,34.8656],[128.4542,34.855],[128.4506,34.8517],[128.4522,34.8466],[128.4412,34.8425],[128.4337,34.8445],[128.4328,34.8412],[128.4418,34.8407],[128.4354,34.8385],[128.4276,34.8395],[128.4256,34.8445],[128.4263,34.8388],[128.4225,34.8381],[128.4232,34.8332],[128.4409,34.828],[128.4395,34.8135],[128.4423,34.804],[128.4362,34.8023],[128.4333,34.8088],[128.4315,34.8061],[128.4315,34.801],[128.4402,34.7949],[128.4341,34.7889],[128.4195,34.7924],[128.4214,34.7884],[128.4356,34.7818],[128.4239,34.77],[128.4236,34.7619],[128.4213,34.7653],[128.4066,34.7623],[128.4043,34.7642],[128.4066,34.7684],[128.3974,34.7654],[128.3947,34.7746],[128.3972,34.7796],[128.3914,34.7799],[128.3873,34.7759],[128.3858,34.7806],[128.3912,34.7865],[128.3886,34.7904],[128.3805,34.7928],[128.3835,34.7968],[128.3744,34.7946],[128.3776,34.7937],[128.3752,34.7886],[128.3734,34.794],[128.3637,34.7964],[128.3721,34.8],[128.3723,34.803],[128.3782,34.7986],[128.3806,34.806],[128.3759,34.8077],[128.3811,34.812],[128.3789,34.8153],[128.3493,34.8255],[128.3363,34.8172],[128.3353,34.823],[128.3309,34.8249],[128.3301,34.83],[128.3371,34.8274],[128.3327,34.8344],[128.3401,34.8288],[128.3368,34.842],[128.3421,34.8415],[128.3444,34.8314],[128.3489,34.8353],[128.3483,34.8421],[128.3538,34.8427],[128.359,34.838],[128.3561,34.8323],[128.3651,34.8351],[128.3664,34.8308],[128.3709,34.8341],[128.3783,34.8295],[128.3862,34.8144],[128.3839,34.8296],[128.3942,34.8249],[128.4043,34.8284],[128.4046,34.8319],[128.402,34.836],[128.399,34.8353],[128.3937,34.8291],[128.3913,34.8355],[128.3858,34.833],[128.3791,34.836],[128.3885,34.8405],[128.3852,34.8435],[128.3771,34.8398],[128.3724,34.8427],[128.3713,34.8446],[128.3773,34.8454],[128.3696,34.8489],[128.371,34.8528],[128.3774,34.8517],[128.3835,34.8572],[128.3837,34.8616],[128.387,34.8596],[128.3887,34.8632],[128.3965,34.8635],[128.397,34.8584],[128.4004,34.8626],[128.4133,34.859],[128.4205,34.8626],[128.415,34.8674],[128.4134,34.8645],[128.4077,34.8673],[128.4052,34.8653],[128.3848,34.8685],[128.3896,34.8748],[128.381,34.8729],[128.3848,34.8818],[128.3807,34.889],[128.3762,34.891],[128.3803,34.8856],[128.3769,34.882],[128.3716,34.8829],[128.3724,34.8755],[128.3767,34.8713],[128.3725,34.8688],[128.3682,34.8722],[128.3557,34.8708],[128.3572,34.88],[128.3532,34.8788],[128.349,34.8871],[128.3511,34.8765],[128.3482,34.8727],[128.3413,34.8744],[128.3401,34.8823],[128.3334,34.8826],[128.3382,34.8775],[128.3284,34.8754],[128.3247,34.8794],[128.3281,34.8861],[128.3195,34.879],[128.3167,34.8798],[128.3091,34.8936],[128.3,34.8981],[128.2984,34.9025],[128.3087,34.9088],[128.3389,34.9085],[128.3463,34.9049],[128.3555,34.9093],[128.351,34.9157],[128.3544,34.9193],[128.3482,34.9195],[128.3461,34.922],[128.3507,34.9235],[128.3422,34.9251],[128.3465,34.9328],[128.3439,34.9391],[128.3351,34.9365],[128.3418,34.9407],[128.3405,34.9484],[128.3339,34.9445],[128.3298,34.9479],[128.3316,34.9537],[128.3198,34.961],[128.317,34.9606],[128.3208,34.944],[128.3146,34.9425],[128.3145,34.9379],[128.3082,34.9415],[128.3083,34.937],[128.3,34.9358],[128.3052,34.9187],[128.3006,34.9121],[128.296,34.914],[128.2954,34.9108],[128.2887,34.9097],[128.2819,34.9156],[128.2831,34.9044],[128.274,34.9031],[128.2728,34.8994],[128.2707,34.9047],[128.2744,34.9063],[128.2741,34.9101],[128.2657,34.912],[128.2676,34.9183],[128.2574,34.9293],[128.2641,34.9272],[128.2686,34.93],[128.27,34.935],[128.2671,34.9394],[128.264,34.937],[128.2595,34.9401],[128.2572,34.9359],[128.2495,34.9434],[128.2487,34.9373],[128.2452,34.9358],[128.2453,34.9439],[128.2391,34.9436],[128.2379,34.94],[128.2271,34.9408],[128.2228,34.9463],[128.219,34.9447],[128.218,34.9391],[128.213,34.9426],[128.2091,34.9359],[128.2032,34.9402],[128.1957,34.936],[128.2044,34.9249],[128.1969,34.9125],[128.2035,34.8993],[128.201,34.8936],[128.1875,34.8934],[128.189,34.904],[128.1868,34.9054],[128.1843,34.8948],[128.1747,34.9057],[128.1724,34.9032],[128.1749,34.896],[128.1699,34.8963],[128.1687,34.9017],[128.1619,34.8991],[128.1563,34.9085],[128.1521,34.9036],[128.1467,34.9046],[128.1507,34.8987],[128.1417,34.9025],[128.1407,34.8929],[128.1327,34.8877],[128.1218,34.9044],[128.1086,34.907],[128.1024,34.9142],[128.1033,34.9192],[128.1121,34.923],[128.1167,34.9209],[128.1195,34.9211],[128.1194,34.9219],[128.1109,34.9242],[128.1058,34.922],[128.1003,34.9251],[128.0983,34.9203],[128.0957,34.9263],[128.0855,34.9177],[128.0878,34.9261],[128.0778,34.9268],[128.0745,34.9228],[128.0717,34.9236],[128.072,34.9272],[128.0533,34.9296],[128.0475,34.926],[128.0435,34.9246],[128.0374,34.9188],[128.0356,34.9196],[128.0328,34.9247],[128.0348,34.9273],[128.0409,34.9234],[128.0524,34.9307],[128.0378,34.9423],[128.0379,34.9477],[128.0295,34.9581],[128.0459,34.9674],[128.0523,34.9775],[128.0454,34.9803],[128.0384,34.9958],[128.0396,35.003],[128.0489,35.0115],[128.0498,35.0161],[128.0446,35.0243],[128.0377,35.0181],[128.0345,35.0232],[128.0422,35.0318],[128.0384,35.0374],[128.0415,35.047],[128.0383,35.0512],[128.0428,35.0638],[128.0619,35.0786],[128.056,35.0804],[128.0588,35.0844],[128.0565,35.0873],[128.0524,35.0795],[128.0327,35.0684],[128.035,35.0623],[128.0264,35.0547],[128.0265,35.0512],[128.0313,35.0496],[128.0266,35.0427],[128.0261,35.0334],[128.0211,35.0283],[128.0087,35.0303],[128.0031,35.0349],[128.0022,35.0422],[127.9947,35.0457],[127.9853,35.0452],[127.9818,35.0358],[127.9763,35.0333],[127.988,35.0334],[127.9888,35.0395],[127.996,35.0379],[127.996,35.0318],[128.0092,35.0225],[128.0084,35.0134],[128.0188,35.0104],[128.0202,35.0039],[128.0148,34.9911],[128.0076,34.9959],[128.0102,34.987],[128.0081,34.9823],[128.0036,34.9832],[128.0054,34.9882],[127.9997,34.9835],[128.0015,34.9903],[127.9974,34.996],[127.9935,34.9917],[127.9966,34.9877],[127.9951,34.9851],[127.9893,34.9892],[127.9878,34.9855],[127.9915,34.9811],[127.9883,34.977],[127.9828,34.9777],[127.9723,34.9864],[127.972,34.9938],[127.9636,34.9944],[127.9572,34.9841],[127.949,34.984],[127.9533,34.9808],[127.9486,34.9787],[127.9533,34.9756],[127.9478,34.9767],[127.9348,34.9818],[127.9367,34.9845],[127.9435,34.9843],[127.9383,34.9891],[127.9336,34.9854],[127.9317,34.9922],[127.9345,34.9966],[127.9397,34.9929],[127.9381,34.9973],[127.9444,34.9993],[127.9357,34.9979],[127.9411,35.0017],[127.9401,35.0042],[127.9364,35.0037],[127.9285,35.0127],[127.9227,35.0142],[127.9186,35.0103],[127.9227,35.0059],[127.9168,34.9954],[127.9225,34.9888],[127.9185,34.988],[127.918,34.9798],[127.909,34.9832],[127.9121,34.9725],[127.9007,34.9686],[127.9039,34.9583],[127.9022,34.9548],[127.896,34.9549],[127.8944,34.9578],[127.8915,34.9562],[127.8925,34.9534],[127.8872,34.9549],[127.8866,34.9517],[127.8852,34.9559],[127.8808,34.9494],[127.8749,34.9469],[127.8632,34.9458],[127.8576,34.9477],[127.858,34.9506],[127.8476,34.9463],[127.8428,34.9551],[127.8453,34.9582],[127.8413,34.9617],[127.8391,34.9509],[127.8386,34.9502],[127.8346,34.9491]],[[127.836,34.9564],[127.8389,34.9509],[127.8371,34.9566],[127.836,34.9564]],[[127.8371,34.9567],[127.837,34.9593],[127.8354,34.9588],[127.8371,34.9567]]],[[[127.7621,34.9665],[127.7627,34.9701],[127.7641,34.9712],[127.7664,34.9651],[127.7621,34.9665]]],[[[127.9165,34.9703],[127.9174,34.9727],[127.9172,34.9699],[127.9165,34.9703]]],[[[127.9223,34.9756],[127.9176,34.9742],[127.915,34.9754],[127.9153,34.9767],[127.9223,34.9756]]],[[[127.9345,34.9772],[127.9387,34.9783],[127.9396,34.9771],[127.9345,34.9772]]],[[[127.9223,34.9804],[127.9206,34.9832],[127.9209,34.9861],[127.9248,34.9827],[127.9223,34.9804]]],[[[127.966,34.9831],[127.9658,34.99],[127.9696,34.9906],[127.9713,34.984],[127.966,34.9831]]],[[[128.06,34.6826],[128.0633,34.6816],[128.0637,34.6792],[128.0591,34.68],[128.06,34.6826]]],[[[128.0449,34.691],[128.0483,34.6919],[128.0521,34.688],[128.051,34.6832],[128.0462,34.6809],[128.043,34.6843],[128.0449,34.691]]],[[[128.0533,34.6915],[128.0601,34.6882],[128.0569,34.6879],[128.0533,34.6915]]],[[[128.0327,34.6938],[128.0356,34.6947],[128.0375,34.6931],[128.0341,34.6903],[128.0327,34.6938]]],[[[128.0209,34.6958],[128.024,34.6982],[128.0262,34.6974],[128.0251,34.6962],[128.0209,34.6958]]],[[[128.0477,34.6978],[128.0556,34.6999],[128.0576,34.6958],[128.052,34.6938],[128.0471,34.6951],[128.0477,34.6978]]],[[[128.0345,34.6966],[128.0316,34.696],[128.0291,34.6976],[128.0301,34.6983],[128.0345,34.6966]]],[[[128.0657,34.6994],[128.0601,34.6973],[128.0578,34.6981],[128.0625,34.7005],[128.0657,34.6994]]],[[[127.9953,34.7034],[127.9966,34.7061],[127.9987,34.7041],[127.9975,34.7031],[127.9953,34.7034]]],[[[128.0531,34.7186],[128.0519,34.7223],[128.0552,34.7198],[128.0531,34.7186]]],[[[128.0591,34.74],[128.0636,34.7421],[128.0655,34.74],[128.0645,34.7395],[128.0591,34.74]]],[[[128.0702,34.7539],[128.0741,34.7559],[128.071,34.75],[128.0702,34.7539]]],[[[128.0267,34.8444],[128.031,34.8405],[128.0256,34.8434],[128.0267,34.8444]]],[[[128.0256,34.9017],[128.0159,34.893],[128.01,34.8729],[128.012,34.8671],[128.0198,34.8638],[128.0242,34.8664],[128.0201,34.8772],[128.0214,34.8819],[128.0342,34.8973],[128.0384,34.8979],[128.0387,34.8939],[128.0435,34.8983],[128.048,34.8972],[128.048,34.8944],[128.0421,34.8927],[128.05,34.8881],[128.0477,34.8822],[128.0552,34.8853],[128.0604,34.883],[128.0583,34.8794],[128.0641,34.8781],[128.0624,34.8756],[128.067,34.8703],[128.0653,34.8617],[128.0578,34.8597],[128.0535,34.8529],[128.0623,34.8559],[128.0648,34.8499],[128.0607,34.8483],[128.0615,34.8445],[128.0768,34.8439],[128.0769,34.8391],[128.085,34.8367],[128.087,34.8284],[128.0775,34.8283],[128.0771,34.8324],[128.0712,34.8358],[128.0704,34.832],[128.0634,34.8303],[128.0623,34.834],[128.0539,34.8382],[128.0465,34.8355],[128.0248,34.8465],[128.0241,34.8392],[128.0209,34.8392],[128.0196,34.8429],[128.0185,34.8375],[128.0027,34.836],[127.9873,34.8364],[127.9686,34.8436],[127.9704,34.8485],[127.9651,34.8525],[127.9614,34.8697],[127.9783,34.8801],[127.9776,34.8864],[127.9807,34.8858],[127.9903,34.895],[127.9877,34.9028],[127.9933,34.904],[128.007,34.9195],[128.0299,34.9223],[128.0332,34.9171],[128.0256,34.9017]]],[[[128.0214,34.8863],[128.0285,34.9004],[128.0306,34.8951],[128.0214,34.8863]]],[[[128.0771,34.8905],[128.0807,34.8896],[128.0751,34.8857],[128.0704,34.8897],[128.0732,34.8943],[128.0716,34.9089],[128.0752,34.9109],[128.0807,34.9075],[128.0786,34.9043],[128.0824,34.9027],[128.0796,34.9011],[128.0849,34.8966],[128.0767,34.8945],[128.0771,34.8905]]],[[[128.0563,34.9005],[128.06,34.9028],[128.0605,34.901],[128.0563,34.9005]]],[[[128.0821,34.9063],[128.0838,34.9093],[128.0849,34.9091],[128.0821,34.9063]]],[[[128.0641,34.9072],[128.0637,34.9091],[128.0645,34.9088],[128.0641,34.9072]]],[[[128.0436,34.9217],[128.0458,34.9226],[128.046,34.9219],[128.0436,34.9217]]],[[[128.0281,34.9291],[128.0316,34.9274],[128.0285,34.9267],[128.0281,34.9291]]],[[[128.0307,34.9386],[128.0336,34.9361],[128.0337,34.9345],[128.028,34.9355],[128.0307,34.9386]]],[[[128.0322,34.9439],[128.029,34.9425],[128.0298,34.9465],[128.0322,34.9439]]],[[[127.9703,34.9628],[127.9721,34.9622],[127.9692,34.9615],[127.9703,34.9628]]],[[[127.9815,34.9691],[127.9883,34.9686],[127.9874,34.9733],[127.9953,34.9704],[127.9819,34.9635],[127.9738,34.9656],[127.9641,34.971],[127.9623,34.9804],[127.9639,34.9824],[127.9736,34.9803],[127.9815,34.9691]]],[[[127.9949,34.9776],[127.9983,34.975],[127.9975,34.9731],[127.9938,34.9729],[127.9949,34.9776]]],[[[128.1788,34.5612],[128.1835,34.5629],[128.1853,34.5721],[128.1901,34.5718],[128.1851,34.5602],[128.1788,34.5612]]],[[[128.3081,34.6152],[128.2991,34.6178],[128.2979,34.6216],[128.3053,34.6256],[128.3081,34.6152]]],[[[128.2524,34.6494],[128.2741,34.64],[128.2732,34.6353],[128.2651,34.6344],[128.2747,34.6248],[128.2844,34.6386],[128.2905,34.641],[128.2991,34.6381],[128.2937,34.635],[128.2966,34.6314],[128.2899,34.6302],[128.2874,34.6266],[128.2895,34.6199],[128.2756,34.6193],[128.2633,34.6274],[128.2559,34.6191],[128.2441,34.6184],[128.2457,34.6144],[128.2433,34.6116],[128.2355,34.6118],[128.2313,34.6176],[128.2417,34.6188],[128.2427,34.6227],[128.2346,34.6286],[128.2368,34.6354],[128.2296,34.6307],[128.2252,34.6325],[128.2236,34.6381],[128.2353,34.6412],[128.2277,34.6488],[128.234,34.653],[128.2524,34.6494]]],[[[128.2576,34.6611],[128.2603,34.6614],[128.2611,34.6601],[128.2598,34.6595],[128.2576,34.6611]]],[[[128.2438,34.6645],[128.2437,34.6672],[128.2573,34.6664],[128.2539,34.6619],[128.2438,34.6645]]],[[[128.2629,34.6665],[128.2667,34.6698],[128.2689,34.6659],[128.2673,34.6648],[128.2629,34.6665]]],[[[128.301,34.6668],[128.3021,34.6708],[128.3052,34.6714],[128.3057,34.666],[128.301,34.6668]]],[[[128.3069,34.6707],[128.3085,34.6727],[128.3075,34.6707],[128.3069,34.6707]]],[[[128.2785,34.6728],[128.2778,34.6752],[128.2792,34.6755],[128.2785,34.6728]]],[[[128.26,34.675],[128.244,34.6677],[128.2419,34.6711],[128.222,34.673],[128.2183,34.6797],[128.2217,34.6804],[128.2235,34.6754],[128.23,34.6731],[128.2335,34.6778],[128.2466,34.678],[128.2526,34.6812],[128.2543,34.6748],[128.26,34.675]]],[[[128.2595,34.6813],[128.2632,34.6828],[128.2678,34.6787],[128.2657,34.6785],[128.2595,34.6813]]],[[[128.2887,34.6876],[128.2803,34.6872],[128.2791,34.6875],[128.2852,34.6915],[128.2887,34.6876]]],[[[128.1762,34.7116],[128.191,34.7114],[128.1992,34.706],[128.2024,34.6912],[128.1976,34.6885],[128.1938,34.6922],[128.1839,34.6904],[128.1677,34.7021],[128.1681,34.707],[128.1762,34.7116]]],[[[128.2991,34.7524],[128.298,34.7489],[128.3027,34.7458],[128.2921,34.7483],[128.2872,34.76],[128.2945,34.7631],[128.3079,34.7563],[128.3066,34.7515],[128.2991,34.7524]]],[[[128.2503,34.7937],[128.2491,34.7964],[128.2526,34.795],[128.2503,34.7937]]],[[[128.2567,34.8052],[128.2578,34.8015],[128.257,34.7995],[128.2553,34.8037],[128.2567,34.8052]]],[[[128.2487,34.8272],[128.2663,34.8154],[128.2603,34.8092],[128.2548,34.8081],[128.2458,34.8098],[128.2449,34.8135],[128.2384,34.811],[128.243,34.8084],[128.2457,34.8011],[128.2422,34.7949],[128.2388,34.7948],[128.2367,34.8013],[128.2255,34.7998],[128.2226,34.8025],[128.2239,34.8078],[128.2087,34.8082],[128.2098,34.8115],[128.2156,34.8125],[128.2136,34.8151],[128.1984,34.8179],[128.2008,34.8253],[128.2113,34.8215],[128.2067,34.8274],[128.2175,34.8391],[128.2252,34.838],[128.2365,34.8415],[128.2487,34.8272]]],[[[128.1764,34.8219],[128.1777,34.8189],[128.1735,34.8205],[128.1764,34.8219]]],[[[128.1437,34.8313],[128.1417,34.8246],[128.1357,34.8234],[128.1293,34.8256],[128.1244,34.8319],[128.1259,34.8349],[128.1329,34.8361],[128.1437,34.8313]]],[[[128.1581,34.8352],[128.1594,34.8365],[128.1596,34.8351],[128.1581,34.8352]]],[[[128.2134,34.8511],[128.2231,34.8524],[128.2329,34.8452],[128.2285,34.8418],[128.2214,34.8441],[128.2196,34.8416],[128.2037,34.8418],[128.2004,34.8395],[128.1991,34.8316],[128.1898,34.8258],[128.1796,34.8287],[128.179,34.8315],[128.184,34.8341],[128.1822,34.8375],[128.1721,34.8384],[128.167,34.842],[128.1683,34.8524],[128.1906,34.8594],[128.2051,34.8583],[128.2134,34.8511]]],[[[128.1765,34.8859],[128.1776,34.8919],[128.1821,34.8897],[128.1815,34.8842],[128.1765,34.8859]]],[[[128.2806,34.8937],[128.2815,34.891],[128.2797,34.8906],[128.2792,34.891],[128.2806,34.8937]]],[[[128.2527,34.8912],[128.2495,34.8941],[128.252,34.897],[128.2549,34.895],[128.2527,34.8912]]],[[[128.2066,34.9071],[128.2083,34.909],[128.2079,34.9068],[128.2066,34.9071]]],[[[128.2609,34.9183],[128.2636,34.9174],[128.2635,34.9157],[128.262,34.9158],[128.2609,34.9183]]],[[[128.208,34.9189],[128.2062,34.922],[128.2078,34.9222],[128.208,34.9189]]],[[[128.3102,34.9222],[128.3087,34.9265],[128.3121,34.9213],[128.3102,34.9222]]],[[[128.2198,34.9312],[128.2273,34.9334],[128.2232,34.9228],[128.2177,34.9259],[128.2198,34.9312]]],[[[128.2626,34.9282],[128.2613,34.934],[128.2632,34.9339],[128.2626,34.9282]]],[[[128.1993,34.9333],[128.2024,34.9338],[128.2038,34.9315],[128.1993,34.9333]]],[[[128.2506,34.9333],[128.2509,34.9369],[128.2526,34.9351],[128.2506,34.9333]]],[[[128.2372,34.9392],[128.2392,34.9384],[128.2382,34.9356],[128.2374,34.9361],[128.2372,34.9392]]],[[[128.4353,34.5374],[128.445,34.5486],[128.4474,34.5472],[128.4403,34.5389],[128.4353,34.5374]]],[[[128.3161,34.6239],[128.3223,34.6225],[128.3265,34.6199],[128.3183,34.6195],[128.3161,34.6239]]],[[[128.3941,34.6396],[128.3944,34.6373],[128.3882,34.6361],[128.3882,34.6378],[128.3941,34.6396]]],[[[128.352,34.6524],[128.3679,34.6462],[128.3712,34.6408],[128.3788,34.6449],[128.3813,34.64],[128.3756,34.6386],[128.379,34.6331],[128.3622,34.6428],[128.3562,34.6388],[128.3457,34.6414],[128.3441,34.6496],[128.352,34.6524]]],[[[128.3396,34.6628],[128.3483,34.662],[128.3507,34.6553],[128.3414,34.658],[128.3396,34.6628]]],[[[128.3145,34.6598],[128.3156,34.6637],[128.3173,34.6586],[128.3145,34.6598]]],[[[128.4234,34.7302],[128.427,34.7327],[128.4297,34.73],[128.4285,34.7197],[128.4238,34.722],[128.4234,34.7302]]],[[[128.398,34.7299],[128.3923,34.7361],[128.3998,34.7406],[128.4059,34.7359],[128.4066,34.7296],[128.398,34.7299]]],[[[128.3885,34.741],[128.3918,34.7368],[128.3782,34.7379],[128.3807,34.7411],[128.3885,34.741]]],[[[128.417,34.7441],[128.4148,34.7466],[128.4041,34.7416],[128.4032,34.7459],[128.3989,34.7468],[128.4042,34.7503],[128.4201,34.7475],[128.4213,34.7548],[128.4247,34.7559],[128.4226,34.746],[128.417,34.7441]]],[[[128.3914,34.7541],[128.396,34.7526],[128.4015,34.7555],[128.3999,34.7504],[128.3914,34.7541]]],[[[128.4065,34.7555],[128.4087,34.7526],[128.4039,34.7526],[128.4065,34.7555]]],[[[128.3906,34.7641],[128.3906,34.7664],[128.3922,34.764],[128.3906,34.7641]]],[[[128.3668,34.7693],[128.3684,34.7715],[128.3691,34.771],[128.3668,34.7693]]],[[[128.3771,34.7792],[128.38,34.7808],[128.381,34.7807],[128.3794,34.7782],[128.3771,34.7792]]],[[[128.3721,34.776],[128.3635,34.7768],[128.3599,34.7742],[128.3554,34.7789],[128.3619,34.7798],[128.3626,34.7848],[128.3687,34.7863],[128.3743,34.7826],[128.3721,34.776]]],[[[128.3611,34.7846],[128.3584,34.7871],[128.3623,34.7857],[128.3611,34.7846]]],[[[128.3505,34.822],[128.3603,34.8183],[128.3571,34.8148],[128.3635,34.815],[128.3693,34.8113],[128.3464,34.8172],[128.3505,34.822]]],[[[128.3445,34.8169],[128.3446,34.8191],[128.3454,34.817],[128.3445,34.8169]]],[[[128.3175,34.8311],[128.3138,34.8331],[128.3196,34.8356],[128.3203,34.8349],[128.3175,34.8311]]],[[[128.3545,34.852],[128.3578,34.8528],[128.3597,34.8512],[128.3587,34.8507],[128.3545,34.852]]],[[[128.3662,34.8536],[128.3686,34.8537],[128.3694,34.8501],[128.3675,34.8505],[128.3662,34.8536]]],[[[128.3513,34.8637],[128.3473,34.8661],[128.3435,34.8647],[128.3499,34.8673],[128.3513,34.8637]]],[[[128.3329,34.8711],[128.3387,34.8689],[128.3388,34.8685],[128.3329,34.8711]]],[[[128.3741,34.878],[128.3767,34.8762],[128.3763,34.8757],[128.3741,34.878]]],[[[128.4211,34.8941],[128.4253,34.8951],[128.4235,34.8895],[128.4211,34.8941]]],[[[128.3211,34.9268],[128.3245,34.9226],[128.3183,34.9222],[128.3211,34.9268]]],[[[128.3377,34.9269],[128.3403,34.9239],[128.336,34.9217],[128.3359,34.925],[128.3377,34.9269]]],[[[128.3422,34.9251],[128.3413,34.9241],[128.3403,34.9239],[128.3422,34.9251]]],[[[128.3282,34.9231],[128.3337,34.9279],[128.3287,34.9219],[128.3282,34.9231]]],[[[128.4338,34.9259],[128.4397,34.9257],[128.4331,34.9248],[128.4338,34.9259]]],[[[128.3391,34.9312],[128.3427,34.931],[128.3382,34.9302],[128.3391,34.9312]]],[[[128.3242,34.9418],[128.3271,34.9427],[128.3246,34.9413],[128.3242,34.9418]]],[[[128.4359,34.9445],[128.4334,34.9417],[128.4331,34.9442],[128.4359,34.9445]]],[[[128.5485,34.6218],[128.55,34.6184],[128.5452,34.6187],[128.5485,34.6218]]],[[[128.5454,34.6279],[128.5565,34.6309],[128.5518,34.6218],[128.5454,34.6279]]],[[[128.5413,34.6997],[128.5475,34.7013],[128.5497,34.6971],[128.5441,34.6974],[128.5413,34.6997]]],[[[128.5553,34.7046],[128.5579,34.7056],[128.5592,34.7039],[128.5574,34.7027],[128.5553,34.7046]]],[[[128.5598,34.7159],[128.5662,34.7075],[128.566,34.7066],[128.5605,34.7071],[128.5527,34.7183],[128.5598,34.7159]]],[[[128.4718,34.7293],[128.461,34.7169],[128.4671,34.7068],[128.4569,34.7024],[128.4511,34.7042],[128.4477,34.7084],[128.4504,34.7137],[128.4599,34.718],[128.455,34.729],[128.4641,34.7359],[128.4718,34.7293]]],[[[128.4522,34.7202],[128.4544,34.7222],[128.4525,34.72],[128.4522,34.7202]]],[[[128.5376,34.7321],[128.5296,34.727],[128.5199,34.7285],[128.5296,34.7352],[128.5376,34.7321]]],[[[128.4942,34.7504],[128.5026,34.7394],[128.5146,34.7368],[128.5143,34.7343],[128.5044,34.7321],[128.5015,34.7383],[128.4955,34.7314],[128.486,34.7365],[128.4816,34.7349],[128.4817,34.7394],[128.4658,34.7411],[128.475,34.7467],[128.4851,34.7453],[128.4942,34.7504]]],[[[128.5092,34.765],[128.5345,34.7644],[128.53,34.7617],[128.5305,34.7578],[128.538,34.7569],[128.5465,34.7616],[128.5589,34.7599],[128.5607,34.756],[128.5538,34.7536],[128.5609,34.7505],[128.5513,34.748],[128.5358,34.7548],[128.5248,34.7547],[128.5109,34.7587],[128.5092,34.765]]],[[[128.5314,34.7667],[128.5294,34.7661],[128.5292,34.7665],[128.5314,34.7667]]],[[[128.4606,34.7795],[128.4638,34.7791],[128.4607,34.7752],[128.4606,34.7795]]],[[[128.4947,34.7855],[128.4975,34.7869],[128.4979,34.7857],[128.4947,34.7855]]],[[[128.5313,34.7855],[128.5333,34.7883],[128.5352,34.7873],[128.5313,34.7855]]],[[[128.4802,34.8084],[128.4845,34.8135],[128.4893,34.8128],[128.4852,34.8074],[128.4918,34.8015],[128.4898,34.7957],[128.4934,34.7827],[128.5048,34.7845],[128.5051,34.781],[128.5109,34.7789],[128.5086,34.7666],[128.5011,34.7649],[128.4912,34.7572],[128.4786,34.7622],[128.475,34.7588],[128.4695,34.7608],[128.4729,34.7756],[128.4685,34.7831],[128.4648,34.7817],[128.4594,34.7865],[128.4635,34.7968],[128.4614,34.806],[128.4686,34.8009],[128.466,34.7879],[128.4687,34.7952],[128.4728,34.7969],[128.4729,34.8037],[128.4765,34.8046],[128.4824,34.7976],[128.4858,34.7977],[128.4784,34.8061],[128.4687,34.8047],[128.4669,34.8106],[128.464,34.811],[128.4682,34.8177],[128.4848,34.8178],[128.4787,34.8142],[128.4802,34.8084]]],[[[128.5105,34.7955],[128.5193,34.7982],[128.5212,34.7931],[128.5161,34.7924],[128.5105,34.7955]]],[[[128.5094,34.7999],[128.505,34.787],[128.5,34.7926],[128.4986,34.79],[128.4948,34.7914],[128.5004,34.8042],[128.5094,34.7999]]],[[[128.4952,34.8092],[128.4914,34.813],[128.4993,34.8114],[128.4952,34.8092]]],[[[128.4588,34.8151],[128.4595,34.813],[128.456,34.8096],[128.4555,34.8115],[128.4588,34.8151]]],[[[128.528,34.8026],[128.5264,34.8115],[128.5342,34.8226],[128.5419,34.8252],[128.5469,34.8234],[128.5468,34.8165],[128.5407,34.807],[128.528,34.8026]]],[[[128.4734,34.8313],[128.4705,34.8296],[128.4795,34.825],[128.4764,34.8207],[128.4629,34.8272],[128.4656,34.8351],[128.4734,34.8313]]],[[[128.4931,34.8284],[128.4941,34.8316],[128.4969,34.8314],[128.496,34.8281],[128.4931,34.8284]]],[[[128.4597,34.8369],[128.4563,34.838],[128.4623,34.8387],[128.4597,34.8369]]],[[[128.696,34.8814],[128.7145,34.8748],[128.7184,34.8772],[128.7179,34.882],[128.7236,34.8821],[128.7243,34.8871],[128.7318,34.8917],[128.735,34.8911],[128.7357,34.8856],[128.7399,34.885],[128.7523,34.8956],[128.7436,34.8843],[128.745,34.8794],[128.7389,34.8783],[128.7442,34.8684],[128.7336,34.862],[128.7286,34.8626],[128.7293,34.8671],[128.7238,34.8648],[128.7296,34.8587],[128.73,34.853],[128.7346,34.8519],[128.735,34.8427],[128.7256,34.841],[128.7204,34.8491],[128.7172,34.8495],[128.7013,34.8393],[128.7041,34.8319],[128.7103,34.8288],[128.719,34.838],[128.7248,34.8335],[128.7259,34.8264],[128.7194,34.8248],[128.721,34.8156],[128.7277,34.8106],[128.7331,34.7999],[128.7374,34.7989],[128.7408,34.7867],[128.7362,34.7856],[128.7279,34.7925],[128.7093,34.7946],[128.7144,34.802],[128.7081,34.8126],[128.6964,34.8069],[128.6991,34.7974],[128.6913,34.7966],[128.6878,34.7996],[128.6929,34.8056],[128.6916,34.8075],[128.6735,34.8134],[128.6687,34.8121],[128.6669,34.7929],[128.6743,34.7857],[128.67,34.7801],[128.6578,34.774],[128.6463,34.7782],[128.6413,34.7735],[128.6383,34.763],[128.6499,34.7508],[128.6474,34.7471],[128.6529,34.7427],[128.6761,34.7445],[128.683,34.7361],[128.6758,34.7362],[128.6763,34.728],[128.6715,34.7304],[128.6709,34.7386],[128.6665,34.735],[128.6538,34.7393],[128.6517,34.7338],[128.6389,34.7351],[128.6286,34.7298],[128.6298,34.7347],[128.6273,34.7363],[128.621,34.7296],[128.6279,34.7293],[128.6314,34.7202],[128.6386,34.7177],[128.6421,34.7124],[128.6353,34.7085],[128.6233,34.7126],[128.6188,34.7055],[128.6102,34.7011],[128.5918,34.7084],[128.5802,34.7023],[128.5766,34.7019],[128.5755,34.7062],[128.5803,34.7161],[128.5875,34.7176],[128.5832,34.7234],[128.6033,34.7266],[128.6069,34.7313],[128.6056,34.7353],[128.586,34.7368],[128.5768,34.7411],[128.5775,34.7536],[128.5818,34.7565],[128.579,34.7621],[128.5837,34.7651],[128.5873,34.7618],[128.5907,34.7647],[128.6007,34.7646],[128.6011,34.7667],[128.5907,34.7705],[128.597,34.7775],[128.5818,34.7751],[128.5757,34.7783],[128.5736,34.7745],[128.5673,34.7729],[128.564,34.7657],[128.5545,34.7664],[128.5519,34.7753],[128.5553,34.7789],[128.5608,34.7785],[128.5686,34.7858],[128.5569,34.7892],[128.5552,34.7843],[128.5431,34.7749],[128.5399,34.7775],[128.5422,34.785],[128.5383,34.7865],[128.548,34.7891],[128.5508,34.7942],[128.5625,34.7911],[128.5836,34.7974],[128.5836,34.8172],[128.5951,34.8286],[128.5862,34.832],[128.5846,34.8389],[128.5759,34.8433],[128.5816,34.8443],[128.5872,34.841],[128.5886,34.8469],[128.5732,34.8542],[128.5632,34.8436],[128.5633,34.8327],[128.5405,34.8358],[128.5365,34.8291],[128.5338,34.8336],[128.5242,34.8324],[128.5278,34.8295],[128.5211,34.8268],[128.5268,34.8256],[128.5285,34.8212],[128.5194,34.8224],[128.5239,34.8166],[128.5165,34.8081],[128.5105,34.8089],[128.5091,34.8177],[128.5006,34.8254],[128.503,34.8282],[128.5014,34.8332],[128.508,34.8377],[128.4966,34.8328],[128.4818,34.8404],[128.4783,34.8489],[128.4814,34.8553],[128.4758,34.8557],[128.4757,34.8685],[128.4717,34.8727],[128.4758,34.883],[128.4839,34.8881],[128.4917,34.9006],[128.4983,34.8985],[128.5012,34.9022],[128.4977,34.903],[128.4969,34.9074],[128.5065,34.9039],[128.4996,34.9109],[128.5072,34.9078],[128.5141,34.9091],[128.515,34.9151],[128.5273,34.9238],[128.5409,34.9174],[128.5478,34.9084],[128.5679,34.8994],[128.576,34.9014],[128.5707,34.9086],[128.5856,34.9141],[128.5927,34.9036],[128.5983,34.9009],[128.607,34.9063],[128.6066,34.9002],[128.612,34.9013],[128.6182,34.8912],[128.624,34.892],[128.626,34.8982],[128.6165,34.9087],[128.6154,34.9166],[128.6123,34.9132],[128.6078,34.9152],[128.6112,34.9232],[128.6036,34.9248],[128.5972,34.9364],[128.5873,34.9413],[128.5826,34.9484],[128.5869,34.9473],[128.5882,34.9531],[128.5938,34.9495],[128.5965,34.9515],[128.5994,34.9561],[128.5974,34.9655],[128.6061,34.9703],[128.6117,34.9651],[128.6062,34.9582],[128.6163,34.9643],[128.6318,34.9626],[128.6314,34.9676],[128.6438,34.9587],[128.6467,34.9613],[128.6504,34.9591],[128.646,34.9675],[128.652,34.9768],[128.6502,34.9792],[128.6304,34.9777],[128.6288,34.9756],[128.6223,34.983],[128.6178,34.9747],[128.6126,34.9725],[128.6087,34.9747],[128.6125,34.9804],[128.611,34.9843],[128.6157,34.9874],[128.6179,34.9848],[128.6213,34.9862],[128.6259,34.9928],[128.6153,34.9949],[128.6165,34.9991],[128.6337,34.9995],[128.6309,35.0089],[128.6365,35.0153],[128.6403,35.0118],[128.6442,35.013],[128.6486,35.0229],[128.6555,35.0112],[128.6528,35.0093],[128.6537,35.0049],[128.6465,35.0003],[128.6473,34.9969],[128.6528,34.9965],[128.6516,34.9935],[128.6458,34.9938],[128.6473,34.9807],[128.6578,34.9802],[128.6589,34.9824],[128.6528,34.9841],[128.6554,34.991],[128.666,34.9896],[128.6589,34.9941],[128.6587,34.9979],[128.6637,34.9979],[128.6609,35.0012],[128.6656,35.0004],[128.6659,34.9944],[128.6712,34.9986],[128.6752,34.9889],[128.679,34.9873],[128.6816,34.9914],[128.6732,35.0004],[128.6823,35.0017],[128.6815,35.0067],[128.6797,35.0085],[128.6762,35.0038],[128.6671,35.008],[128.6712,35.0129],[128.669,35.0264],[128.675,35.0208],[128.6753,35.0324],[128.6844,35.0348],[128.6763,35.0383],[128.6747,35.0406],[128.6769,35.041],[128.6869,35.0389],[128.6926,35.0309],[128.6993,35.0318],[128.6995,35.0372],[128.7058,35.0319],[128.7126,35.0323],[128.7217,35.0237],[128.7176,35.0091],[128.7128,35.005],[128.7091,35.0088],[128.7025,35.006],[128.7015,35.0019],[128.7069,35.0011],[128.7075,34.9973],[128.6944,34.9976],[128.6933,34.9952],[128.7014,34.9908],[128.6955,34.9807],[128.6972,34.9731],[128.7037,34.9722],[128.7068,34.9667],[128.7166,34.9647],[128.7189,34.9618],[128.7158,34.9574],[128.7273,34.947],[128.7262,34.937],[128.7214,34.9358],[128.7222,34.9382],[128.7202,34.941],[128.7191,34.9362],[128.7157,34.9364],[128.7203,34.9336],[128.7173,34.9248],[128.724,34.9178],[128.7207,34.9095],[128.7133,34.913],[128.7104,34.9105],[128.7175,34.9006],[128.7074,34.8991],[128.704,34.8913],[128.6967,34.8913],[128.696,34.8814]]],[[[128.4658,34.8638],[128.4662,34.8679],[128.4691,34.869],[128.4685,34.8639],[128.4658,34.8638]]],[[[128.4815,34.8953],[128.484,34.8973],[128.4859,34.895],[128.4815,34.8953]]],[[[128.4723,34.9175],[128.4796,34.9092],[128.4763,34.9045],[128.4661,34.9058],[128.4639,34.9098],[128.4681,34.9179],[128.4649,34.9208],[128.4751,34.9189],[128.4723,34.9175]]],[[[128.5635,34.9152],[128.5662,34.9127],[128.5657,34.9117],[128.5637,34.912],[128.5635,34.9152]]],[[[128.4845,34.9147],[128.4855,34.9171],[128.4864,34.9159],[128.4845,34.9147]]],[[[128.4917,34.9311],[128.4851,34.9303],[128.4875,34.941],[128.4886,34.9406],[128.4917,34.9311]]],[[[128.526,34.9347],[128.53,34.9337],[128.5302,34.9287],[128.5182,34.9301],[128.5192,34.9336],[128.5117,34.9417],[128.5174,34.9464],[128.5149,34.9499],[128.5178,34.9516],[128.517,34.9588],[128.5115,34.9641],[128.5185,34.9761],[128.5325,34.9729],[128.537,34.9689],[128.5324,34.9603],[128.5223,34.956],[128.5265,34.947],[128.5348,34.9418],[128.5329,34.9373],[128.5266,34.9396],[128.526,34.9347]]],[[[128.491,34.9552],[128.4839,34.9548],[128.4833,34.966],[128.49,34.966],[128.4851,34.9599],[128.491,34.9552]]],[[[128.5686,35.0546],[128.5553,35.0535],[128.5419,35.0691],[128.5524,35.0702],[128.5618,35.0669],[128.5638,35.0639],[128.5605,35.0639],[128.5686,35.0546]]],[[[128.5703,35.0665],[128.5733,35.0648],[128.5708,35.0649],[128.5703,35.0665]]],[[[128.4937,35.0711],[128.4962,35.0731],[128.4975,35.0701],[128.4955,35.0693],[128.4937,35.0711]]],[[[128.5632,35.0723],[128.5554,35.0717],[128.5527,35.0727],[128.5555,35.0738],[128.5632,35.0723]]],[[[128.5505,35.0748],[128.5484,35.0735],[128.547,35.0739],[128.548,35.0752],[128.5505,35.0748]]],[[[128.4884,35.0773],[128.4883,35.0839],[128.4947,35.0807],[128.4921,35.0772],[128.4884,35.0773]]],[[[128.5428,35.0858],[128.5485,35.0807],[128.5425,35.0783],[128.5428,35.0858]]],[[[128.4882,35.0923],[128.4932,35.094],[128.4933,35.089],[128.4926,35.0884],[128.4882,35.0923]]],[[[128.5217,35.0964],[128.5184,35.0932],[128.5166,35.0886],[128.5144,35.0961],[128.5217,35.0964]]],[[[128.5118,35.0943],[128.5122,35.0963],[128.5141,35.0958],[128.5118,35.0943]]],[[[128.5846,34.6413],[128.5777,34.6401],[128.5716,34.6332],[128.5634,34.6323],[128.5599,34.6356],[128.5705,34.641],[128.578,34.6512],[128.5803,34.6498],[128.5782,34.6461],[128.5847,34.6447],[128.5846,34.6413]]],[[[128.5729,34.6569],[128.5793,34.6558],[128.5723,34.6546],[128.5729,34.6569]]],[[[128.6147,34.6851],[128.6239,34.6861],[128.6248,34.6842],[128.619,34.6818],[128.6147,34.6851]]],[[[128.5744,34.6836],[128.5781,34.6887],[128.5842,34.6809],[128.5771,34.6809],[128.5744,34.6836]]],[[[128.6199,34.6887],[128.6165,34.6866],[128.6151,34.6874],[128.6199,34.6887]]],[[[128.6119,34.6928],[128.6087,34.6921],[128.6081,34.6957],[128.61,34.6965],[128.6119,34.6928]]],[[[128.6006,34.6957],[128.5997,34.6935],[128.5984,34.6933],[128.5978,34.6951],[128.6006,34.6957]]],[[[128.6118,34.6991],[128.6091,34.6989],[128.6091,34.6994],[128.6118,34.6991]]],[[[128.644,34.7102],[128.6478,34.7109],[128.649,34.7098],[128.644,34.7102]]],[[[128.6824,34.7352],[128.6858,34.7362],[128.6838,34.7292],[128.6824,34.7298],[128.6824,34.7352]]],[[[128.6805,34.8045],[128.6807,34.8073],[128.6833,34.8054],[128.6805,34.8045]]],[[[128.6296,34.9727],[128.6356,34.977],[128.6361,34.9769],[128.6334,34.9716],[128.6296,34.9727]]],[[[128.6296,35.0059],[128.6146,35.0105],[128.6136,35.014],[128.6197,35.0158],[128.6296,35.0059]]],[[[128.6379,35.0192],[128.6422,35.0201],[128.6402,35.0153],[128.6379,35.0192]]],[[[128.6657,35.0602],[128.6724,35.0576],[128.6699,35.0559],[128.6657,35.0602]]],[[[128.5698,35.0624],[128.5746,35.0635],[128.5757,35.0608],[128.5703,35.057],[128.5698,35.0624]]],[[[128.6357,35.066],[128.6382,35.0625],[128.6313,35.0609],[128.6328,35.0642],[128.6357,35.066]]],[[[128.6934,35.0778],[128.6972,35.0772],[128.693,35.0768],[128.6934,35.0778]]],[[[128.663,35.0904],[128.664,35.0921],[128.666,35.0909],[128.663,35.0904]]],[[[128.6705,35.0969],[128.6715,35.0988],[128.6726,35.098],[128.6705,35.0969]]],[[[128.6618,35.1054],[128.659,35.1026],[128.661,35.0941],[128.6476,35.0999],[128.6491,35.1058],[128.6618,35.1054]]],[[[128.6506,35.1189],[128.6506,35.1163],[128.6491,35.118],[128.6506,35.1189]]],[[[128.5784,35.1788],[128.5834,35.18],[128.5842,35.1772],[128.5838,35.1769],[128.5784,35.1788]]],[[[128.7118,34.7674],[128.7102,34.7727],[128.7181,34.7685],[128.7118,34.7674]]],[[[128.7181,34.7885],[128.7167,34.781],[128.7127,34.7812],[128.7109,34.7854],[128.7144,34.7901],[128.7181,34.7885]]],[[[128.7515,34.8194],[128.7532,34.8169],[128.7459,34.8144],[128.7495,34.8239],[128.755,34.8266],[128.7515,34.8194]]],[[[128.7256,34.9714],[128.7344,34.9694],[128.7364,34.9676],[128.7299,34.9647],[128.725,34.9674],[128.7256,34.9714]]],[[[128.7251,35.0266],[128.7282,35.025],[128.7241,35.0244],[128.7251,35.0266]]],[[[128.7167,35.038],[128.7168,35.0405],[128.7189,35.0391],[128.7167,35.038]]],[[[128.7612,35.0611],[128.763,35.066],[128.769,35.0654],[128.764,35.0598],[128.7612,35.0611]]],[[[128.7147,35.0805],[128.7087,35.0809],[128.7078,35.082],[128.7128,35.0822],[128.7147,35.0805]]],[[[128.7234,35.0884],[128.7229,35.0839],[128.7189,35.0842],[128.7212,35.088],[128.7234,35.0884]]],[[[128.7191,35.0895],[128.7195,35.0931],[128.7227,35.0912],[128.7191,35.0895]]]]}},{"type":"Feature","properties":{"sido":"제주"},"geometry":{"type":"MultiPolygon","coordinates":[[[[126.2651,33.114],[126.2654,33.1208],[126.2691,33.1242],[126.2704,33.1126],[126.2651,33.114]]],[[[126.2698,33.1611],[126.2626,33.1691],[126.2699,33.1767],[126.275,33.1754],[126.2802,33.1674],[126.2698,33.1611]]],[[[126.3081,33.2099],[126.311,33.2086],[126.312,33.2067],[126.3088,33.2055],[126.3081,33.2099]]],[[[126.293,33.2093],[126.2947,33.196],[126.2891,33.1945],[126.2847,33.2002],[126.2777,33.1999],[126.2764,33.1957],[126.2716,33.1939],[126.2647,33.196],[126.2602,33.2006],[126.2637,33.2054],[126.2624,33.2096],[126.2494,33.2131],[126.2325,33.2345],[126.2193,33.2418],[126.2122,33.2408],[126.1998,33.2459],[126.1822,33.2589],[126.178,33.2675],[126.1694,33.2741],[126.1682,33.2816],[126.1607,33.2852],[126.1594,33.2939],[126.1658,33.299],[126.1622,33.3086],[126.1662,33.3184],[126.1612,33.3239],[126.1623,33.3317],[126.1591,33.3366],[126.1642,33.3389],[126.1673,33.3464],[126.1772,33.3467],[126.18,33.3597],[126.2,33.3662],[126.2052,33.3731],[126.2127,33.3766],[126.2118,33.3816],[126.2215,33.3908],[126.2289,33.3939],[126.2321,33.391],[126.2364,33.3961],[126.2409,33.3958],[126.2409,33.4015],[126.2496,33.4021],[126.2504,33.4091],[126.2628,33.4163],[126.2597,33.4228],[126.2579,33.417],[126.2522,33.4169],[126.2566,33.4175],[126.2578,33.4263],[126.2623,33.4266],[126.2616,33.4375],[126.2732,33.4372],[126.2775,33.4443],[126.2889,33.4445],[126.2908,33.4478],[126.2922,33.4442],[126.2995,33.4475],[126.3061,33.4529],[126.3103,33.4603],[126.308,33.4664],[126.3133,33.4698],[126.3355,33.4669],[126.3522,33.4744],[126.3567,33.4794],[126.3684,33.4789],[126.3854,33.4896],[126.391,33.4899],[126.3983,33.484],[126.4072,33.4855],[126.4109,33.4901],[126.4186,33.4895],[126.4237,33.4958],[126.4512,33.4975],[126.4546,33.5046],[126.4627,33.5033],[126.4683,33.5106],[126.4801,33.51],[126.4838,33.5121],[126.4852,33.5182],[126.4931,33.5213],[126.5093,33.5168],[126.5142,33.5165],[126.5173,33.5199],[126.5277,33.5188],[126.5397,33.5308],[126.5453,33.5277],[126.5445,33.5234],[126.5507,33.5237],[126.5507,33.5206],[126.5584,33.5227],[126.5624,33.5279],[126.5658,33.5247],[126.5735,33.5253],[126.5748,33.5294],[126.5842,33.5272],[126.5873,33.5328],[126.5974,33.5378],[126.6032,33.5352],[126.627,33.5401],[126.6327,33.5371],[126.6338,33.545],[126.6384,33.5463],[126.6369,33.5498],[126.6436,33.5567],[126.658,33.5521],[126.6584,33.5483],[126.6657,33.5444],[126.6732,33.5455],[126.6753,33.5527],[126.6785,33.5536],[126.6833,33.5506],[126.7151,33.5549],[126.7181,33.5588],[126.7308,33.5627],[126.7401,33.5559],[126.7402,33.5592],[126.749,33.5613],[126.7589,33.5593],[126.7661,33.5669],[126.7803,33.5673],[126.7969,33.5566],[126.8142,33.5629],[126.8279,33.5601],[126.8335,33.5434],[126.8454,33.5339],[126.8588,33.5304],[126.859,33.5261],[126.8645,33.526],[126.8669,33.5309],[126.8718,33.5317],[126.9029,33.5261],[126.9036,33.5219],[126.9075,33.5209],[126.9018,33.5174],[126.9041,33.5152],[126.8995,33.5117],[126.9139,33.5082],[126.9159,33.5016],[126.912,33.4936],[126.9178,33.4869],[126.9047,33.4871],[126.9039,33.4797],[126.9094,33.4797],[126.9125,33.4732],[126.9138,33.4726],[126.9138,33.4758],[126.9214,33.4739],[126.9205,33.4696],[126.9277,33.4759],[126.9244,33.4706],[126.9281,33.4694],[126.9284,33.4738],[126.9355,33.4739],[126.9361,33.4776],[126.9379,33.4655],[126.9484,33.4577],[126.9408,33.4543],[126.9342,33.4598],[126.9305,33.4584],[126.9223,33.4433],[126.9254,33.4432],[126.9253,33.4353],[126.93,33.4352],[126.9371,33.4292],[126.9309,33.422],[126.9221,33.4267],[126.9248,33.43],[126.923,33.434],[126.9167,33.4335],[126.919,33.4274],[126.9121,33.4192],[126.9087,33.4068],[126.9034,33.4031],[126.9071,33.3912],[126.8833,33.3834],[126.8737,33.3717],[126.8732,33.3654],[126.8681,33.3637],[126.8702,33.3549],[126.8568,33.3378],[126.843,33.3309],[126.8435,33.3279],[126.8496,33.3253],[126.8482,33.3199],[126.8442,33.3191],[126.8343,33.3081],[126.8238,33.3049],[126.8156,33.3067],[126.8085,33.3014],[126.8036,33.3039],[126.7913,33.3022],[126.7781,33.3066],[126.7674,33.2979],[126.7655,33.292],[126.75,33.284],[126.748,33.2794],[126.7388,33.2766],[126.7333,33.281],[126.7319,33.2784],[126.6986,33.2703],[126.6787,33.2706],[126.6772,33.2668],[126.6708,33.2706],[126.661,33.267],[126.664,33.2698],[126.6622,33.274],[126.6588,33.274],[126.6609,33.2683],[126.644,33.2669],[126.6403,33.257],[126.6201,33.2496],[126.6181,33.2404],[126.5994,33.2359],[126.5863,33.2437],[126.5706,33.2436],[126.5674,33.2406],[126.5707,33.2372],[126.5657,33.2354],[126.5603,33.2422],[126.5599,33.2375],[126.5634,33.2383],[126.5647,33.2335],[126.5508,33.2411],[126.548,33.2373],[126.54,33.2408],[126.5339,33.2381],[126.5209,33.2407],[126.5092,33.23],[126.4975,33.2275],[126.4885,33.2299],[126.4787,33.226],[126.4791,33.2227],[126.476,33.2216],[126.4703,33.2225],[126.4609,33.2303],[126.4592,33.2372],[126.4544,33.2399],[126.4325,33.2317],[126.4106,33.2441],[126.3846,33.2315],[126.3698,33.2287],[126.3553,33.2353],[126.3336,33.234],[126.3363,33.2357],[126.3347,33.2386],[126.3284,33.2404],[126.3176,33.2369],[126.3153,33.2314],[126.3123,33.2325],[126.2976,33.2228],[126.293,33.2093]]],[[[126.1595,33.3122],[126.1625,33.3109],[126.1592,33.3106],[126.1595,33.3122]]],[[[126.1437,33.3113],[126.1511,33.3138],[126.1538,33.3114],[126.1459,33.3094],[126.1437,33.3113]]],[[[126.2232,33.405],[126.2231,33.4117],[126.2321,33.4102],[126.2313,33.4047],[126.2232,33.405]]],[[[126.3046,33.9038],[126.3034,33.903],[126.303,33.9037],[126.3046,33.9038]]],[[[126.3417,33.9028],[126.344,33.9052],[126.3432,33.9009],[126.3417,33.9028]]],[[[126.3247,33.9088],[126.3205,33.9139],[126.3201,33.9153],[126.3264,33.9132],[126.3247,33.9088]]],[[[126.309,33.9391],[126.3123,33.9407],[126.3128,33.9398],[126.309,33.9391]]],[[[126.3383,33.9532],[126.3428,33.9494],[126.3419,33.9459],[126.3244,33.9411],[126.3248,33.9355],[126.33,33.9329],[126.3285,33.9304],[126.3207,33.9304],[126.3158,33.9416],[126.3029,33.9501],[126.3048,33.954],[126.3245,33.952],[126.3368,33.9571],[126.3428,33.9547],[126.3383,33.9532]]],[[[126.3002,33.9619],[126.2944,33.9615],[126.3018,33.9585],[126.3024,33.954],[126.2993,33.952],[126.2821,33.9618],[126.2886,33.9627],[126.284,33.964],[126.2841,33.9681],[126.3002,33.9619]]],[[[126.3777,33.9637],[126.3799,33.9685],[126.3823,33.9674],[126.3797,33.9647],[126.3777,33.9637]]],[[[126.2815,33.9687],[126.2835,33.9708],[126.2842,33.9683],[126.2815,33.9687]]],[[[126.3537,33.9821],[126.3494,33.9807],[126.3452,33.9829],[126.3466,33.9853],[126.3537,33.9821]]],[[[126.2563,33.9839],[126.2582,33.9863],[126.2587,33.985],[126.2563,33.9839]]],[[[126.3195,33.9887],[126.3247,33.9884],[126.326,33.9855],[126.3226,33.9854],[126.3195,33.9887]]],[[[126.2494,33.9907],[126.2527,33.9896],[126.2526,33.9862],[126.2463,33.9875],[126.2494,33.9907]]],[[[126.2678,33.9908],[126.2646,33.99],[126.2641,33.9912],[126.2678,33.9908]]],[[[126.3361,34.0134],[126.3453,34.0115],[126.3519,34.007],[126.3478,34.0053],[126.3308,34.0108],[126.3361,34.0134]]],[[[126.5129,33.2177],[126.5164,33.2206],[126.5192,33.2171],[126.5158,33.2157],[126.5129,33.2177]]],[[[126.3901,33.961],[126.3887,33.966],[126.3896,33.9667],[126.3901,33.961]]],[[[126.3923,33.9954],[126.3911,33.9937],[126.3903,33.9955],[126.3923,33.9954]]],[[[126.5637,33.2279],[126.5685,33.2251],[126.5629,33.2262],[126.5637,33.2279]]],[[[126.5962,33.2288],[126.5985,33.2324],[126.603,33.2296],[126.6014,33.2284],[126.5962,33.2288]]],[[[126.9141,33.4778],[126.9155,33.4758],[126.9173,33.4752],[126.9147,33.4756],[126.9141,33.4778]]],[[[126.9112,33.4806],[126.9144,33.4791],[126.911,33.477],[126.9112,33.4806]]],[[[126.9589,33.5128],[126.973,33.5142],[126.9728,33.5113],[126.9666,33.5112],[126.9715,33.4984],[126.9667,33.4895],[126.9432,33.4947],[126.9408,33.5067],[126.9479,33.5152],[126.947,33.5228],[126.9554,33.5257],[126.9624,33.519],[126.9589,33.5128]]],[[[126.6927,33.557],[126.6963,33.5601],[126.6972,33.5549],[126.6927,33.557]]]]}},{"type":"Feature","properties":{"sido":"전북"},"geometry":{"type":"MultiPolygon","coordinates":[[[[126.6448,35.3278],[126.6447,35.3199],[126.6282,35.3205],[126.604,35.3356],[126.5987,35.3303],[126.5834,35.3287],[126.5825,35.3198],[126.5896,35.312],[126.585,35.3008],[126.5773,35.304],[126.5726,35.3101],[126.5509,35.3136],[126.5312,35.3075],[126.5233,35.3154],[126.5208,35.325],[126.5139,35.3272],[126.5204,35.3484],[126.5128,35.362],[126.5078,35.3614],[126.4968,35.35],[126.4937,35.3505],[126.4973,35.3734],[126.486,35.3777],[126.4824,35.3851],[126.4774,35.3862],[126.4905,35.395],[126.4916,35.4113],[126.4771,35.425],[126.452,35.4269],[126.4476,35.4298],[126.4498,35.4317],[126.4458,35.4324],[126.4463,35.4352],[126.4318,35.4323],[126.4279,35.4344],[126.4351,35.4508],[126.4405,35.4505],[126.4617,35.4806],[126.4842,35.5228],[126.4912,35.5119],[126.4966,35.5101],[126.5006,35.5243],[126.5193,35.5335],[126.5344,35.532],[126.5446,35.5273],[126.5459,35.5325],[126.567,35.5431],[126.5911,35.5418],[126.594,35.5403],[126.594,35.5351],[126.6105,35.555],[126.6166,35.5571],[126.6172,35.5699],[126.6241,35.5685],[126.6341,35.5749],[126.6361,35.5719],[126.6479,35.5697],[126.6669,35.5541],[126.6687,35.5553],[126.6658,35.5598],[126.6686,35.5609],[126.6686,35.5661],[126.6742,35.5682],[126.6728,35.5705],[126.6659,35.5755],[126.6595,35.5896],[126.6515,35.5951],[126.6473,35.5914],[126.6424,35.592],[126.64,35.594],[126.6416,35.5965],[126.6367,35.5999],[126.636,35.5934],[126.6269,35.5907],[126.6251,35.593],[126.6172,35.585],[126.6016,35.5871],[126.6033,35.5909],[126.5982,35.5943],[126.593,35.5882],[126.5752,35.5901],[126.555,35.5853],[126.5411,35.588],[126.5317,35.5838],[126.5324,35.5805],[126.5294,35.5794],[126.5165,35.5807],[126.5151,35.5875],[126.5104,35.5828],[126.512,35.5792],[126.5086,35.5792],[126.4986,35.5859],[126.4917,35.586],[126.4857,35.5915],[126.4868,35.5957],[126.4789,35.6016],[126.4705,35.6028],[126.4673,35.5969],[126.4656,35.5986],[126.4607,35.6137],[126.4623,35.6205],[126.4638,35.6183],[126.4704,35.6203],[126.4684,35.6226],[126.4603,35.6217],[126.4686,35.6283],[126.4684,35.6311],[126.4561,35.6367],[126.4613,35.6381],[126.4659,35.6442],[126.4794,35.6449],[126.4843,35.6556],[126.5036,35.6594],[126.5147,35.6675],[126.5206,35.6764],[126.5282,35.6772],[126.5329,35.6908],[126.539,35.69],[126.5543,35.6971],[126.5543,35.6999],[126.5703,35.695],[126.5849,35.7083],[126.5944,35.7124],[126.6115,35.7368],[126.6269,35.7486],[126.626,35.7822],[126.6226,35.7887],[126.6323,35.8004],[126.643,35.7977],[126.6993,35.7994],[126.7173,35.794],[126.7283,35.7941],[126.7523,35.7852],[126.7687,35.7736],[126.7747,35.7572],[126.7772,35.7576],[126.7764,35.7676],[126.7678,35.7853],[126.7768,35.8015],[126.7339,35.8182],[126.7226,35.8277],[126.6854,35.8442],[126.6995,35.8562],[126.7198,35.86],[126.7308,35.8666],[126.7453,35.8671],[126.7662,35.862],[126.7648,35.8661],[126.7892,35.8654],[126.7987,35.8737],[126.7962,35.8827],[126.8009,35.8938],[126.8253,35.8985],[126.8381,35.9105],[126.8281,35.9068],[126.8091,35.9084],[126.7912,35.9048],[126.7841,35.9024],[126.77,35.889],[126.7363,35.8916],[126.725,35.8858],[126.6991,35.8937],[126.6764,35.8947],[126.6749,35.8891],[126.6677,35.8834],[126.6206,35.8884],[126.6141,35.8858],[126.6115,35.8876],[126.6147,35.8911],[126.6104,35.9166],[126.6115,35.9296],[126.6169,35.9385],[126.615,35.9427],[126.5951,35.9475],[126.5494,35.9431],[126.5493,35.9397],[126.5384,35.9421],[126.5338,35.9325],[126.5277,35.9331],[126.5249,35.9373],[126.5293,35.9426],[126.5216,35.9478],[126.5211,35.971],[126.6777,35.9834],[126.6757,35.9906],[126.6863,35.9932],[126.6801,35.9993],[126.7041,35.9997],[126.7289,35.996],[126.7334,35.9982],[126.7487,36.0235],[126.7723,36.0313],[126.7956,36.0305],[126.8101,36.034],[126.8297,36.0469],[126.8662,36.0623],[126.874,36.0827],[126.8726,36.1109],[126.8867,36.1358],[126.8923,36.1407],[126.9049,36.1436],[126.9234,36.1393],[126.9392,36.1513],[126.957,36.1564],[126.9863,36.1452],[127.0034,36.1491],[127.0125,36.1462],[127.0157,36.1489],[127.0237,36.1366],[127.0391,36.1389],[127.0441,36.1452],[127.0498,36.1424],[127.0496,36.1328],[127.0608,36.1251],[127.0578,36.1169],[127.0614,36.0935],[127.0898,36.0724],[127.1018,36.0757],[127.1229,36.0632],[127.1336,36.0695],[127.1335,36.0813],[127.1372,36.0868],[127.1493,36.0903],[127.1538,36.0848],[127.1692,36.0839],[127.1816,36.0946],[127.1993,36.086],[127.205,36.1005],[127.2194,36.097],[127.2256,36.0992],[127.2354,36.0939],[127.2432,36.0848],[127.2541,36.0837],[127.257,36.0875],[127.246,36.0966],[127.2461,36.1045],[127.2516,36.1123],[127.2576,36.1142],[127.2643,36.1091],[127.275,36.1077],[127.2853,36.1124],[127.294,36.1125],[127.2959,36.1201],[127.3024,36.1254],[127.3144,36.1186],[127.3229,36.1258],[127.323,36.1301],[127.3385,36.1305],[127.3444,36.1181],[127.3534,36.1134],[127.355,36.1083],[127.3479,36.0984],[127.36,36.0895],[127.3572,36.0868],[127.3617,36.0762],[127.3593,36.0706],[127.3646,36.0659],[127.3604,36.056],[127.3731,36.0435],[127.3744,36.0343],[127.3793,36.0304],[127.3778,36.0228],[127.3919,36.0172],[127.4011,36.0079],[127.4263,36.0265],[127.4347,36.0277],[127.4374,36.0091],[127.4446,36.0068],[127.4482,35.9934],[127.456,35.9838],[127.4682,35.9877],[127.4759,35.9805],[127.4876,35.978],[127.4955,35.9865],[127.502,35.9864],[127.5085,35.9799],[127.5247,35.9856],[127.5358,35.9949],[127.5323,36.0081],[127.5402,36.0117],[127.5363,36.0214],[127.5393,36.026],[127.5379,36.033],[127.5316,36.0349],[127.5316,36.0411],[127.5473,36.038],[127.5526,36.0327],[127.5668,36.0307],[127.5756,36.0227],[127.5826,36.0267],[127.591,36.025],[127.6,36.0131],[127.6067,36.0108],[127.6112,36.0016],[127.6144,36.0013],[127.6182,36.0081],[127.6174,36.0172],[127.6101,36.0249],[127.6244,36.0247],[127.6282,36.0322],[127.6381,36.0329],[127.6321,36.0356],[127.6302,36.0413],[127.6191,36.0412],[127.6203,36.0626],[127.6243,36.0667],[127.6378,36.0684],[127.6447,36.0666],[127.6491,36.058],[127.654,36.0564],[127.6604,36.0381],[127.6692,36.0383],[127.6727,36.0418],[127.6708,36.0519],[127.6886,36.0628],[127.6967,36.0562],[127.695,36.0464],[127.7021,36.0352],[127.717,36.0344],[127.7278,36.0261],[127.7282,36.0304],[127.7324,36.0322],[127.7405,36.0249],[127.7479,36.0294],[127.7526,36.0247],[127.7611,36.0255],[127.763,36.0213],[127.7588,36.015],[127.7647,36.0121],[127.7814,36.0162],[127.7879,36.0142],[127.8002,36.0263],[127.8187,36.028],[127.8494,36.0397],[127.8534,36.0391],[127.8653,36.0251],[127.8769,36.0224],[127.8754,36.0149],[127.8788,36.0013],[127.8758,35.9967],[127.893,35.9871],[127.8896,35.9795],[127.8962,35.9779],[127.904,35.9545],[127.9115,35.9495],[127.9065,35.9406],[127.8825,35.9288],[127.8826,35.9188],[127.8876,35.9146],[127.8709,35.9046],[127.8595,35.9065],[127.8583,35.897],[127.8507,35.8901],[127.8528,35.8807],[127.8451,35.8763],[127.8436,35.8691],[127.8409,35.8669],[127.8253,35.8684],[127.8127,35.8528],[127.8039,35.8572],[127.7805,35.8483],[127.7722,35.8389],[127.7584,35.8367],[127.7444,35.8443],[127.7381,35.8351],[127.7387,35.827],[127.7304,35.8137],[127.7234,35.8106],[127.7238,35.8046],[127.7193,35.7971],[127.7004,35.789],[127.685,35.7778],[127.679,35.7693],[127.67,35.7717],[127.6641,35.767],[127.6636,35.745],[127.6603,35.7384],[127.6634,35.7248],[127.6598,35.7161],[127.6608,35.7097],[127.6492,35.704],[127.645,35.6977],[127.6404,35.6867],[127.6403,35.6723],[127.6291,35.6642],[127.6296,35.6566],[127.6202,35.6463],[127.6241,35.6323],[127.6355,35.6185],[127.6211,35.615],[127.613,35.6087],[127.6127,35.5997],[127.6076,35.5948],[127.6106,35.5849],[127.5874,35.5652],[127.5854,35.5546],[127.5911,35.5542],[127.5943,35.5481],[127.6064,35.5428],[127.6119,35.5357],[127.6287,35.5358],[127.6245,35.5273],[127.6342,35.5211],[127.6341,35.513],[127.6449,35.499],[127.6508,35.4976],[127.6527,35.4857],[127.6368,35.4785],[127.6369,35.4593],[127.6451,35.4495],[127.6679,35.4479],[127.6729,35.4434],[127.6655,35.4363],[127.662,35.4167],[127.6464,35.4027],[127.6354,35.3998],[127.6256,35.3855],[127.6224,35.3732],[127.6103,35.3663],[127.6121,35.3559],[127.6229,35.3439],[127.6228,35.3384],[127.6204,35.3323],[127.6081,35.3253],[127.6055,35.319],[127.5932,35.3119],[127.5774,35.309],[127.5675,35.3188],[127.543,35.3282],[127.5407,35.3344],[127.5305,35.3373],[127.5247,35.3449],[127.5014,35.3588],[127.4956,35.3608],[127.4861,35.3584],[127.4728,35.3662],[127.4542,35.3607],[127.4429,35.3613],[127.4413,35.3644],[127.4313,35.3595],[127.4155,35.3373],[127.4015,35.3251],[127.3985,35.3117],[127.3845,35.3033],[127.3746,35.3125],[127.3564,35.3213],[127.3309,35.3151],[127.3241,35.3065],[127.3085,35.3031],[127.2884,35.3142],[127.2595,35.3118],[127.2357,35.3291],[127.2324,35.3349],[127.2245,35.3366],[127.2197,35.3355],[127.2161,35.3296],[127.2157,35.3166],[127.2009,35.3158],[127.1868,35.3226],[127.1831,35.3301],[127.1861,35.3362],[127.1816,35.338],[127.1796,35.3324],[127.1729,35.3303],[127.1713,35.333],[127.1595,35.3266],[127.1466,35.3154],[127.1454,35.3091],[127.13,35.3093],[127.126,35.3034],[127.1055,35.2992],[127.0786,35.3109],[127.0656,35.3106],[127.0618,35.3171],[127.0516,35.3166],[127.0433,35.3218],[127.0511,35.3295],[127.0523,35.3402],[127.0625,35.3361],[127.0703,35.3397],[127.0673,35.3453],[127.0697,35.3517],[127.0653,35.357],[127.0703,35.3661],[127.0637,35.3699],[127.0649,35.3756],[127.0559,35.3849],[127.0464,35.3769],[127.0391,35.38],[127.0389,35.3846],[127.0273,35.3949],[127.0273,35.3999],[127.0422,35.3989],[127.0472,35.4028],[127.0456,35.4081],[127.0523,35.4269],[127.044,35.4338],[127.037,35.4336],[127.0346,35.4658],[127.0237,35.4635],[127.0144,35.4575],[127.003,35.4632],[127.0,35.4616],[126.9942,35.4398],[126.9852,35.4366],[126.9816,35.4265],[126.9704,35.4274],[126.9705,35.4176],[126.9762,35.4075],[126.9765,35.4001],[126.9634,35.3948],[126.9548,35.3967],[126.9355,35.3944],[126.9301,35.4003],[126.9336,35.4058],[126.9175,35.4021],[126.9207,35.4109],[126.903,35.4211],[126.9037,35.43],[126.8975,35.4356],[126.9047,35.4409],[126.8687,35.4614],[126.8506,35.466],[126.8396,35.4621],[126.8423,35.4801],[126.8399,35.4831],[126.8312,35.4801],[126.8261,35.4863],[126.814,35.4829],[126.8136,35.4688],[126.7725,35.4684],[126.7617,35.4649],[126.7495,35.4511],[126.7409,35.4523],[126.7381,35.449],[126.7517,35.4361],[126.7543,35.4179],[126.7361,35.4032],[126.7221,35.4],[126.7296,35.3946],[126.7311,35.3765],[126.7194,35.3649],[126.7046,35.3651],[126.6992,35.3496],[126.6915,35.3516],[126.6855,35.3446],[126.6667,35.3515],[126.6602,35.3442],[126.6594,35.3344],[126.6526,35.3277],[126.6448,35.3278]],[[127.1128,35.8258],[127.1128,35.8259],[127.1116,35.8281],[127.1128,35.8258]]],[[[126.485,35.5381],[126.481,35.5371],[126.4787,35.5387],[126.4829,35.5401],[126.485,35.5381]]],[[[126.485,35.5445],[126.4828,35.5404],[126.4767,35.544],[126.4809,35.5468],[126.485,35.5445]]],[[[126.5901,35.5715],[126.5877,35.5704],[126.5874,35.5737],[126.5881,35.5725],[126.5901,35.5715]]],[[[126.2486,35.5778],[126.249,35.574],[126.2413,35.5733],[126.2442,35.578],[126.2486,35.5778]]],[[[126.2995,35.5865],[126.297,35.5891],[126.2992,35.5907],[126.2995,35.5865]]],[[[126.3076,35.6205],[126.3156,35.6106],[126.3049,35.6005],[126.3037,35.5958],[126.289,35.5918],[126.2798,35.5803],[126.2663,35.5762],[126.2626,35.5712],[126.2667,35.5668],[126.2597,35.5708],[126.254,35.5828],[126.2484,35.5871],[126.2542,35.5899],[126.2709,35.59],[126.2693,35.5935],[126.2568,35.5938],[126.2594,35.5979],[126.2644,35.5953],[126.2731,35.599],[126.2678,35.6049],[126.2709,35.6086],[126.2755,35.6042],[126.278,35.6063],[126.2808,35.6058],[126.2796,35.6029],[126.2836,35.6042],[126.285,35.6067],[126.276,35.6128],[126.2754,35.6173],[126.2841,35.6141],[126.288,35.6085],[126.2918,35.6098],[126.2878,35.6147],[126.2944,35.6184],[126.2906,35.606],[126.2941,35.6043],[126.2977,35.6117],[126.3033,35.6126],[126.3005,35.6184],[126.3053,35.6186],[126.3011,35.6207],[126.3076,35.6205]]],[[[126.2676,35.6091],[126.2641,35.6083],[126.2661,35.6108],[126.2676,35.6091]]],[[[126.2944,35.6279],[126.2849,35.622],[126.2826,35.6258],[126.2867,35.6277],[126.2848,35.6329],[126.276,35.6256],[126.2737,35.6325],[126.2866,35.6355],[126.2944,35.6279]]],[[[126.1298,35.6359],[126.1239,35.6331],[126.1205,35.6395],[126.1126,35.6371],[126.1114,35.6427],[126.1213,35.6449],[126.1298,35.6359]]],[[[126.1109,35.6657],[126.1092,35.6566],[126.0988,35.6606],[126.1083,35.6682],[126.1109,35.6657]]],[[[126.4859,35.6655],[126.4873,35.6611],[126.4821,35.6605],[126.4823,35.6621],[126.4859,35.6655]]],[[[126.1217,35.6663],[126.1212,35.6643],[126.1187,35.6652],[126.1217,35.6663]]],[[[126.461,35.7261],[126.46,35.7287],[126.4625,35.729],[126.461,35.7261]]],[[[126.5324,35.7306],[126.532,35.7259],[126.5264,35.7299],[126.5286,35.7314],[126.5324,35.7306]]],[[[126.5245,35.7328],[126.5203,35.7317],[126.5179,35.7378],[126.5228,35.7363],[126.5245,35.7328]]],[[[126.4546,35.7449],[126.4586,35.7349],[126.4512,35.7284],[126.4485,35.7314],[126.451,35.738],[126.4399,35.743],[126.4479,35.7486],[126.4546,35.7449]]],[[[126.4725,35.739],[126.4693,35.7383],[126.4684,35.7389],[126.4697,35.7406],[126.4725,35.739]]],[[[126.4626,35.7394],[126.4646,35.7412],[126.4669,35.7407],[126.4654,35.7389],[126.4626,35.7394]]],[[[126.4637,35.7479],[126.4672,35.7525],[126.47,35.7476],[126.4693,35.7467],[126.4637,35.7479]]],[[[126.412,35.7983],[126.4108,35.801],[126.413,35.8023],[126.412,35.7983]]],[[[126.4399,35.8056],[126.4251,35.7931],[126.4191,35.7937],[126.4134,35.7985],[126.4204,35.8103],[126.4212,35.8068],[126.4318,35.8023],[126.4327,35.8088],[126.4335,35.806],[126.4376,35.8061],[126.4365,35.8107],[126.4399,35.8056]]],[[[126.4318,35.8096],[126.4298,35.8096],[126.4315,35.812],[126.4318,35.8096]]],[[[126.368,35.8214],[126.3753,35.8178],[126.3718,35.8192],[126.3712,35.8159],[126.3764,35.8142],[126.3831,35.8032],[126.3766,35.8043],[126.3758,35.7999],[126.3671,35.8101],[126.368,35.8214]]],[[[126.4443,35.8124],[126.4443,35.8144],[126.4466,35.8131],[126.4443,35.8124]]],[[[126.398,35.8124],[126.4003,35.8131],[126.3988,35.8082],[126.3942,35.8087],[126.3966,35.8144],[126.3873,35.8182],[126.3892,35.8219],[126.3974,35.819],[126.398,35.8124]]],[[[126.4153,35.8295],[126.4173,35.8237],[126.4257,35.8178],[126.4159,35.8204],[126.415,35.8059],[126.4089,35.8046],[126.4061,35.8091],[126.4015,35.8044],[126.4029,35.812],[126.4097,35.8147],[126.4127,35.8225],[126.3993,35.8282],[126.4042,35.8328],[126.4153,35.8295]]],[[[126.4992,35.8374],[126.4807,35.8189],[126.4877,35.8179],[126.4874,35.8157],[126.4703,35.8107],[126.4622,35.8133],[126.465,35.8182],[126.4618,35.819],[126.4573,35.8145],[126.4539,35.8157],[126.4572,35.8102],[126.4537,35.806],[126.4493,35.8075],[126.4495,35.8162],[126.4457,35.8188],[126.4533,35.8184],[126.4416,35.8277],[126.4442,35.8317],[126.4505,35.8321],[126.4596,35.8261],[126.4758,35.8225],[126.491,35.8382],[126.4853,35.845],[126.4899,35.8472],[126.5005,35.8442],[126.4992,35.8374]]],[[[126.4823,35.8464],[126.484,35.8423],[126.4733,35.8421],[126.4823,35.8464]]],[[[126.3883,35.8528],[126.372,35.846],[126.3586,35.8488],[126.3648,35.848],[126.3673,35.8533],[126.3861,35.8565],[126.3883,35.8528]]],[[[126.3509,35.8534],[126.3536,35.8494],[126.3375,35.8524],[126.3393,35.8546],[126.3509,35.8534]]],[[[126.3302,35.8523],[126.3324,35.8561],[126.3339,35.8533],[126.3302,35.8523]]],[[[126.3151,35.8591],[126.3256,35.8575],[126.3274,35.8528],[126.317,35.8542],[126.3193,35.8568],[126.3156,35.8572],[126.3165,35.8537],[126.3136,35.8559],[126.3151,35.8591]]],[[[126.4329,35.8559],[126.4228,35.855],[126.4069,35.8584],[126.3947,35.8547],[126.3986,35.8584],[126.407,35.8595],[126.4329,35.8559]]],[[[126.5232,36.0353],[126.523,36.0333],[126.5218,36.0337],[126.5232,36.0353]]],[[[126.5571,36.0303],[126.542,36.0356],[126.5432,36.044],[126.5549,36.0472],[126.5586,36.0384],[126.5571,36.0303]]],[[[126.5297,36.0421],[126.5325,36.036],[126.5232,36.0372],[126.5247,36.0395],[126.5297,36.0421]]],[[[126.5432,36.0462],[126.5455,36.0464],[126.5454,36.0455],[126.5432,36.0462]]],[[[126.446,36.082],[126.4453,36.0737],[126.4427,36.0769],[126.4351,36.0761],[126.428,36.086],[126.4377,36.0878],[126.446,36.082]]],[[[125.9934,36.1116],[125.9895,36.1121],[125.9843,36.1198],[125.9843,36.113],[125.9804,36.1104],[125.9734,36.112],[125.9665,36.1264],[125.9949,36.1225],[125.9934,36.1116]]]]}}]}